Algorithm,Log Source,Log,MRID,Epsilon,Detected Changepoints,Actual Changepoints for Log,F1-Score,Average Lag,Duration,Duration (Seconds),Seconds per Case
Zheng DBSCAN,with_noise_5,log_62_1692952457,300,120.0,"[558.6216216216217, 1523.5121951219512, 5669.083086053412, 9408.5]","[1344, 2257, 3301, 4214, 5614, 6547, 7639, 8311]",0.3333333333333333,117.29764058768183,00:00:01,1.1687442474067211,0.00012154162306642275
