Algorithm,Log Source,Log,MRID,Epsilon,Detected Changepoints,Actual Changepoints for Log,F1-Score,Average Lag,Duration,Duration (Seconds),Seconds per Case
Zheng DBSCAN,with_noise_5,log_98_1692952636,500,50.0,"[502.2, 634.5, 736.375, 989.7142857142857, 1149.4, 1285.6666666666667, 1526.9545454545455, 1766.0, 1947.4285714285713, 2077.75, 2303.277777777778, 2550.0, 2640.75, 2747.0, 2858.5, 3104.5333333333333, 3383.0, 3571.0, 3764.3333333333335, 3911.0, 3973.0, 4129.0, 4204.75, 4301.333333333333, 4402.0, 4513.25, 4653.571428571428, 4760.0, 5000.066666666667, 5258.583333333333, 5402.0, 5471.0, 5540.0, 5713.2, 5913.0, 6123.166666666667, 6274.0, 6491.222222222223, 6725.75, 6942.7, 7209.210526315789, 7404.0, 7551.2, 7813.8125, 8126.0, 8225.75, 8332.166666666666, 8439.0, 8573.5, 8911.529411764706, 9217.0, 9303.0, 9495.083333333334, 9678.4, 9858.8, 9976.0, 10103.666666666666, 10223.142857142857, 10324.75, 10439.333333333334, 10531.0, 10630.5, 10770.5, 11005.0]","[1161, 2070, 3547, 4627, 5403, 6514, 7405, 8737, 9638]",0.2465753424657534,33.17768959435615,00:00:01,1.5709148161113262,0.0001416386994961073
