Algorithm,Log Source,Log,MRID,Epsilon,Detected Changepoints,Actual Changepoints for Log,F1-Score,Average Lag,Duration,Duration (Seconds),Seconds per Case
Zheng DBSCAN,without_noise,log_52_1692952415,300,30.0,"[319.0, 482.5, 514.0, 642.5, 707.0, 1011.0, 1136.0, 1315.0, 1352.3333333333333, 1418.0, 1491.0, 1587.0, 1646.0, 1714.5, 1754.5, 1818.0, 2021.0, 2137.6666666666665, 2191.5, 2245.0, 2535.75, 2599.0, 2634.5, 2732.5714285714284, 2846.0, 2898.0, 3005.5, 3102.0, 3214.5, 3424.6666666666665, 3509.0, 3555.5, 3726.0, 3966.0, 4061.0, 4107.5, 4298.666666666667, 4349.666666666667]","[1490, 2522, 3523]",0.14634146341463414,9.583333333333334,00:00:01,1.1309559643268585,0.00024006706948139642
