Algorithm,Log Source,Log,MRID,Epsilon,Detected Changepoints,Actual Changepoints for Log,F1-Score,Average Lag,Duration,Duration (Seconds),Seconds per Case
Zheng DBSCAN,with_noise_5,log_56_1692952426,500,150.0,"[687.25, 1144.85, 1682.2857142857142, 2562.7567567567567, 3969.030303030303, 4977.458333333333, 5510.0, 5720.0, 6129.166666666667, 6416.0, 6666.75, 7304.652173913043, 8100.25, 8873.533333333333, 10282.485714285714, 11274.0]","[1162, 2602, 3692, 5083, 5750, 6960, 8196, 9356, 10281]",0.4800000000000001,48.19510403260415,00:00:01,1.0582042038440704,9.310260459652212e-05
