Algorithm,Log Source,Log,MRID,Epsilon,Detected Changepoints,Actual Changepoints for Log,F1-Score,Average Lag,Duration,Duration (Seconds),Seconds per Case
Zheng DBSCAN,with_noise_5,log_55_1692952420,300,120.0,[3363.111925383078],"[1163, 1887, 3254, 4677, 5533]",0.33333333333333337,109.11192538307796,00:00:04,4.043369075283408,0.0005932172939089507
