Algorithm,Log Source,Log,MRID,Epsilon,Detected Changepoints,Actual Changepoints for Log,F1-Score,Average Lag,Duration,Duration (Seconds),Seconds per Case
Zheng DBSCAN,with_noise_5,log_73_1692952519,300,90.0,"[732.4285714285714, 1079.0, 1249.3333333333333, 1403.25, 1535.0, 1770.5, 2130.0, 2496.5, 2671.6, 2880.75, 3156.0, 3371.6666666666665, 3541.0, 3710.6666666666665, 4016.6, 4176.5, 4441.75, 4902.615384615385, 5208.0, 5492.125, 5689.0, 5821.333333333333, 6135.0, 6327.0, 6491.571428571428, 6624.0, 6818.0]","[1205, 1799, 2891, 3554, 4661, 5644]",0.303030303030303,28.21666666666665,00:00:00,0.514353709295392,7.47824526454481e-05
