Algorithm,Log Source,Log,MRID,Epsilon,Detected Changepoints,Actual Changepoints for Log,F1-Score,Average Lag,Duration,Duration (Seconds),Seconds per Case
Zheng DBSCAN,without_noise,log_67_1692952494,400,160.0,"[573.5, 1132.6666666666667, 1871.7, 2611.714285714286, 3044.875, 3332.5, 3744.9285714285716, 4379.2, 5020.0, 5328.75, 5880.4, 6289.5, 6637.2, 7142.615384615385, 7735.952380952381, 8940.384615384615, 9557.5, 10125.5]","[1312, 2743, 3889, 5271, 5852, 7181, 7712, 9147]",0.5384615384615385,86.16821036106737,00:00:03,3.359376583248377,0.00031884743576768954
