Algorithm,Log Source,Log,MRID,Epsilon,Detected Changepoints,Actual Changepoints for Log,F1-Score,Average Lag,Duration,Duration (Seconds),Seconds per Case
Zheng DBSCAN,with_noise_5,log_80_1692952554,600,120.0,"[1725.4561403508771, 2652.3333333333335, 2851.6, 3307.0555555555557, 4140.571428571428, 4773.818181818182, 5227.2, 5445.5]","[1043, 2139, 2799, 3922, 4435]",0.15384615384615385,52.59999999999991,00:00:00,0.6214898638427258,0.00011326587640654743
