Algorithm,Log Source,Log,MRID,Epsilon,Detected Changepoints,Actual Changepoints for Log,F1-Score,Average Lag,Duration,Duration (Seconds),Seconds per Case
Zheng DBSCAN,without_noise,log_67_1692952494,400,120.0,"[573.5, 865.25, 1297.2307692307693, 1684.5, 1996.5, 2335.0, 2657.8333333333335, 3044.875, 3332.5, 3744.9285714285716, 4239.5, 4472.333333333333, 5020.0, 5307.636363636364, 5561.0, 5795.666666666667, 6007.5, 6289.5, 6474.0, 6678.0, 7025.2, 7216.0, 7581.428571428572, 7938.5, 8187.0, 8940.384615384615, 9557.5, 9994.666666666666, 10256.333333333334]","[1312, 2743, 3889, 5271, 5852, 7181, 7712, 9147]",0.3783783783783784,71.79263593549301,00:00:03,3.359376583248377,0.00031884743576768954
