Algorithm,Log Source,Log,MRID,Epsilon,Detected Changepoints,Actual Changepoints for Log,F1-Score,Average Lag,Duration,Duration (Seconds),Seconds per Case
Zheng DBSCAN,with_noise_10,log_36_1692952355,300,90.0,"[439.2307692307692, 915.5909090909091, 1241.0, 1483.1, 1893.0, 2114.0, 2254.6666666666665, 2532.2, 3044.757575757576, 4546.908045977011, 5776.727272727273, 6107.642857142857, 6501.777777777777, 6735.75, 7322.31914893617, 7966.642857142857, 8510.3, 9333.666666666666, 9873.666666666666, 10303.64, 10762.133333333333, 11045.5, 11212.90909090909, 11413.333333333334, 11881.041666666666, 12398.0, 12769.611111111111, 13027.666666666666, 13503.90909090909, 13946.0, 14421.74074074074, 14963.666666666666, 15275.125, 15570.0, 15721.5, 15916.0]","[1333, 2559, 3693, 4416, 5763, 6390, 7822, 8817, 10269, 11730, 12843, 13947, 14938]",0.44897959183673475,73.2357432588308,00:00:01,1.9547796938568354,0.00012238024753376543
