Algorithm,Log Source,Log,MRID,Epsilon,Detected Changepoints,Actual Changepoints for Log,F1-Score,Average Lag,Duration,Duration (Seconds),Seconds per Case
Zheng DBSCAN,without_noise,log_56_1692952426,400,80.0,"[562.0, 1126.5555555555557, 2623.0, 2782.0, 3679.2, 3972.0, 4418.0, 5100.583333333333, 5373.0, 5803.0, 6002.5, 6530.0, 6937.333333333333, 8190.0, 9373.333333333334, 9530.5, 9718.0, 9971.0, 10052.0, 10174.666666666666, 10279.5]","[1162, 2602, 3692, 5083, 5750, 6960, 8196, 9356, 10281]",0.6,20.814197530864273,00:00:01,1.1793720573186874,0.00010376315830711662
