Algorithm,Log Source,Log,MRID,Epsilon,Detected Changepoints,Actual Changepoints for Log,F1-Score,Average Lag,Duration,Duration (Seconds),Seconds per Case
Zheng DBSCAN,without_noise,log_15_1692952210,400,160.0,"[472.5, 830.25, 1186.142857142857, 1571.6666666666667, 1885.5, 2193.5, 2725.8076923076924, 5016.5, 7758.45, 8387.5, 8645.5, 9119.0]","[1116, 1697, 3004, 4092, 4699, 5989, 7446, 8227]",0.3,118.65873015873012,00:00:03,3.3635442685335875,0.0003462573881545797
