Algorithm,Log Source,Log,MRID,Epsilon,Detected Changepoints,Actual Changepoints for Log,F1-Score,Average Lag,Duration,Duration (Seconds),Seconds per Case
Zheng DBSCAN,without_noise,log_69_1692952502,300,60.0,"[380.0, 692.0, 835.5, 1165.0, 1540.0, 1675.0, 2061.0, 3532.3333333333335, 3670.0, 3884.0, 4633.5, 4913.0, 5100.5, 5252.0, 5492.5, 5782.25, 6001.0, 6275.0, 6463.0, 6662.0, 7707.333333333333, 9124.0, 9252.0, 9876.0]","[1487, 2098, 3497, 4638, 5779, 6664, 7725, 9125, 9901]",0.5454545454545454,19.86111111111116,00:00:03,3.338831312954426,0.0003001196685801731
