Algorithm,Log Source,Log,MRID,Epsilon,Detected Changepoints,Actual Changepoints for Log,F1-Score,Average Lag,Duration,Duration (Seconds),Seconds per Case
Zheng DBSCAN,with_noise_10,log_29_1692952298,400,40.0,"[558.375, 1061.8823529411766, 5972.624823029731, 12379.700738916255, 14318.0, 14444.0]","[1213, 1756, 2868, 4306, 5136, 6404, 7812, 9139, 10570, 11620, 12291, 13397]",0.2222222222222222,119.90919298753943,00:00:05,5.907617906108499,0.00040818198757054506
