Algorithm,Log Source,Log,MRID,Epsilon,Detected Changepoints,Actual Changepoints for Log,F1-Score,Average Lag,Duration,Duration (Seconds),Seconds per Case
Zheng DBSCAN,with_noise_5,log_27_1692952285,500,100.0,"[660.3333333333334, 951.9, 1286.75, 1692.8823529411766, 2139.4166666666665, 2472.5714285714284, 2712.5, 2863.0, 3218.3846153846152, 3921.0, 4268.666666666667, 4495.666666666667, 4936.9, 5572.941176470588, 6148.071428571428, 6804.454545454545]","[1464, 2463, 3948, 5054, 5848]",0.38095238095238093,82.7303571428572,00:00:00,0.6034436672925949,8.418577947720353e-05
