Algorithm,Log Source,Log,MRID,Epsilon,Detected Changepoints,Actual Changepoints for Log,F1-Score,Average Lag,Duration,Duration (Seconds),Seconds per Case
Zheng DBSCAN,with_noise_5,log_27_1692952285,300,90.0,"[1355.2432432432433, 3093.4285714285716, 3935.688888888889, 4828.45652173913, 5790.327272727272, 6761.8]","[1464, 2463, 3948, 5054, 5848]",0.5454545454545454,59.58019838019845,00:00:00,0.617037121206522,8.608218766832059e-05
