Algorithm,Log Source,Log,MRID,Epsilon,Detected Changepoints,Actual Changepoints for Log,F1-Score,Average Lag,Duration,Duration (Seconds),Seconds per Case
Zheng DBSCAN,without_noise,log_67_1692952494,400,200.0,"[1371.0645161290322, 2611.714285714286, 3477.2083333333335, 4379.2, 5020.0, 5579.5, 6537.857142857143, 7509.088235294118, 8940.384615384615, 9557.5, 10125.5]","[1312, 2743, 3889, 5271, 5852, 7181, 7712, 9147]",0.2105263157894737,95.17511520737321,00:00:03,3.359376583248377,0.00031884743576768954
