Algorithm,Log Source,Log,MRID,Epsilon,Detected Changepoints,Actual Changepoints for Log,F1-Score,Average Lag,Duration,Duration (Seconds),Seconds per Case
Zheng DBSCAN,with_noise_10,log_85_1692952576,400,120.0,"[563.5909090909091, 1872.6153846153845, 2775.0, 3031.230769230769, 3388.8823529411766, 4188.032258064516, 5065.9, 5558.5, 6198.5, 6806.461538461538, 7518.619047619048, 8232.833333333334, 8631.125, 8836.0, 9286.692307692309]","[1459, 1990, 3383, 4503, 5074, 6148, 6878, 8310]",0.5217391304347827,55.09534942182006,00:00:00,0.9618211556226015,9.825530244382485e-05
