Algorithm,Log Source,Log,MRID,Epsilon,Detected Changepoints,Actual Changepoints for Log,F1-Score,Average Lag,Duration,Duration (Seconds),Seconds per Case
Zheng DBSCAN,without_noise,log_19_1692952228,500,250.0,"[796.6666666666666, 1384.0, 1638.0, 2426.0, 3005.0, 3419.3333333333335, 3963.6666666666665, 4770.75, 5644.333333333333, 6043.0, 6391.5, 6992.625]","[1474, 2389, 3492, 4788, 5647, 7050]",0.6666666666666666,46.15972222222225,00:00:05,5.547055607661605,0.000681791495533629
