Algorithm,Log Source,Log,MRID,Epsilon,Detected Changepoints,Actual Changepoints for Log,F1-Score,Average Lag,Duration,Duration (Seconds),Seconds per Case
Zheng DBSCAN,with_noise_5,log_83_1692952563,400,40.0,"[1475.9731051344743, 2769.3571428571427, 4331.3292181069955, 5823.5, 6006.727272727273, 6794.315789473684, 7773.164383561644, 8091.25, 8191.0, 8284.25]","[1140, 2294, 3652, 5073, 6291, 6948]",0.125,153.68421052631584,00:00:03,3.6449756491929293,0.0004367855780938202
