Algorithm,Log Source,Log,MRID,Epsilon,Detected Changepoints,Actual Changepoints for Log,F1-Score,Average Lag,Duration,Duration (Seconds),Seconds per Case
Zheng DBSCAN,without_noise,log_72_1692952515,500,100.0,"[800.0, 1155.0, 1302.0, 1701.0, 2047.5, 2399.0, 2689.0, 3021.0, 3612.0, 4175.0, 4763.0, 4995.0, 5421.666666666667, 5589.0, 6321.0, 7600.2, 8742.0, 8867.0, 9502.0, 10144.4, 10419.5, 10681.0, 11122.0, 11303.0]","[1301, 2400, 3024, 4162, 5434, 6322, 7584, 8880, 10111]",0.5454545454545454,10.437037037036943,00:00:00,0.9503371063619852,8.382615386451311e-05
