Algorithm,Log Source,Log,MRID,Epsilon,Detected Changepoints,Actual Changepoints for Log,F1-Score,Average Lag,Duration,Duration (Seconds),Seconds per Case
Zheng DBSCAN,without_noise,log_95_1692952617,400,160.0,"[635.3333333333334, 1208.84, 1911.05, 3604.311688311688, 6785.921951219512, 9515.549295774648, 11585.305084745763]","[1156, 1959, 2970, 4425, 5628, 6797, 7689, 9067, 9689, 11170, 11993]",0.4444444444444444,71.32968825145986,00:00:06,6.5981203112751245,0.000498498059177631
