Algorithm,Log Source,Log,MRID,Epsilon,Detected Changepoints,Actual Changepoints for Log,F1-Score,Average Lag,Duration,Duration (Seconds),Seconds per Case
Zheng DBSCAN,without_noise,log_77_1692952527,300,30.0,"[322.0, 592.0, 1028.0, 1082.5, 1121.0, 1387.0, 1487.0, 1758.0, 1811.0, 1847.0, 1945.0, 2032.0, 2080.0, 2134.0, 2178.0, 2505.0, 2711.0, 3083.0, 3259.75, 3399.0, 3549.0, 3627.0, 3671.0, 3710.0, 3819.0, 3932.6666666666665, 3993.0, 4027.0, 4334.0, 4500.0, 4755.0, 4885.0, 4978.6, 5166.0, 5219.0, 6021.0, 6074.0, 6114.0, 6167.0, 6268.0, 6340.75, 6422.0, 6639.0, 7016.666666666667, 7231.0, 7392.0, 7424.0, 7535.0, 7669.0, 7836.0, 7990.0, 8193.0, 8261.6, 8332.333333333334, 8413.0, 8574.0, 8630.0, 8756.0, 8813.0, 8851.666666666666, 9123.0, 9215.0, 9308.875, 9375.0, 9824.0, 9900.0, 9995.0, 10038.0, 10140.333333333334, 10178.0, 10310.666666666666, 10367.5, 10411.5, 10620.5, 10672.666666666666, 10764.666666666666, 11013.5, 11070.25, 11143.0, 11218.0, 11264.0, 11392.5]","[1150, 2081, 3258, 3936, 4990, 6332, 7232, 8267, 9297, 10336]",0.21739130434782605,9.884166666666669,00:00:06,6.330977316945791,0.0005508550697768895
