Algorithm,Log Source,Log,MRID,Epsilon,Detected Changepoints,Actual Changepoints for Log,F1-Score,Average Lag,Duration,Duration (Seconds),Seconds per Case
Zheng DBSCAN,with_noise_10,log_12_1692952196,400,40.0,"[598.0, 752.0666666666667, 896.9565217391304, 1547.138211382114, 2193.5, 2397.5833333333335, 2553.4545454545455, 2621.0, 2823.214285714286, 3078.875, 3379.5405405405404, 3890.690476190476, 4576.38947368421, 5201.586206896552, 5826.657534246576, 6210.4, 6454.916666666667, 6943.020833333333, 7363.636363636364, 7520.0]","[1187, 2142, 3311, 3901, 5376, 6349]",0.3846153846153846,82.13610482403593,00:00:01,1.4252191502600908,0.00018882076712507828
