Algorithm,Log Source,Log,MRID,Epsilon,Detected Changepoints,Actual Changepoints for Log,F1-Score,Average Lag,Duration,Duration (Seconds),Seconds per Case
Zheng DBSCAN,with_noise_10,log_56_1692952426,300,150.0,"[321.8333333333333, 1870.514563106796, 4233.067415730337, 5891.625, 6901.038461538462, 9351.99358974359]","[1162, 2602, 3692, 5083, 5750, 6960, 8196, 9356, 10281]",0.4,68.19764957264942,00:00:01,1.2507049664855003,0.00011003914890775122
