Algorithm,Log Source,Log,MRID,Epsilon,Detected Changepoints,Actual Changepoints for Log,F1-Score,Average Lag,Duration,Duration (Seconds),Seconds per Case
Zheng DBSCAN,without_noise,log_52_1692952415,500,150.0,"[626.8571428571429, 1100.75, 1433.5454545454545, 1734.5, 2135.8333333333335, 2633.5, 3005.5, 3215.0, 3486.1428571428573, 3726.0, 4041.8, 4337.0]","[1490, 2522, 3523]",0.4,68.27056277056272,00:00:01,1.2735818903893232,0.0002703421546145878
