Algorithm,Log Source,Log,MRID,Epsilon,Detected Changepoints,Actual Changepoints for Log,F1-Score,Average Lag,Duration,Duration (Seconds),Seconds per Case
Zheng DBSCAN,with_noise_5,log_62_1692952457,500,200.0,"[2217.9052631578948, 4738.611111111111, 6514.597402597403, 8414.5, 9073.59090909091]","[1344, 2257, 3301, 4214, 5614, 6547, 7639, 8311]",0.4615384615384615,58.33244474823414,00:00:01,1.049863850697875,0.00010917885302598534
