Algorithm,Log Source,Log,MRID,Epsilon,Detected Changepoints,Actual Changepoints for Log,F1-Score,Average Lag,Duration,Duration (Seconds),Seconds per Case
Zheng DBSCAN,with_noise_5,log_82_1692952560,400,40.0,"[489.5681818181818, 743.5185185185185, 879.0, 1435.236220472441, 3109.4152823920267, 4468.689655172414, 4651.166666666667, 5008.609375, 5381.521739130435, 5779.232876712329, 6214.166666666667, 6529.5, 6964.142857142857]","[1360, 1891, 3328, 4126, 5282, 6014]",0.21052631578947367,87.37897980143794,00:00:01,1.8302591349929571,0.00025979547693299603
