Algorithm,Log Source,Log,MRID,Epsilon,Detected Changepoints,Actual Changepoints for Log,F1-Score,Average Lag,Duration,Duration (Seconds),Seconds per Case
Zheng DBSCAN,with_noise_5,log_55_1692952420,300,30.0,"[360.57894736842104, 572.390243902439, 1990.2534722222222, 3460.5042016806724, 4119.2836879432625, 4695.274074074074, 5131.982456140351, 5832.441509433962, 6584.9473684210525]","[1163, 1887, 3254, 4677, 5533]",0.2857142857142857,60.76377314814795,00:00:04,4.043369075283408,0.0005932172939089507
