Algorithm,Log Source,Log,MRID,Epsilon,Detected Changepoints,Actual Changepoints for Log,F1-Score,Average Lag,Duration,Duration (Seconds),Seconds per Case
Zheng DBSCAN,with_noise_10,log_60_1692952441,500,50.0,"[532.0909090909091, 894.6285714285714, 2309.198113207547, 3543.3793103448274, 5483.498432601881, 7792.140939597315, 8792.031746031746, 9235.388888888889, 10077.95172413793, 10953.555555555555, 11201.2]","[1176, 1816, 2868, 3524, 5017, 6406, 7452, 8819, 10127]",0.3,31.798613391717026,00:00:04,4.070127772167325,0.00035885450292429247
