Algorithm,Log Source,Log,MRID,Epsilon,Detected Changepoints,Actual Changepoints for Log,F1-Score,Average Lag,Duration,Duration (Seconds),Seconds per Case
Zheng DBSCAN,without_noise,log_93_1692952613,600,120.0,"[1032.3333333333333, 1563.0, 2734.5, 5314.5, 6441.5]","[1019, 1564, 2739, 4083, 5315, 6443]",0.9090909090909091,4.166666666666652,00:00:00,0.6905150152742863,9.032243496066531e-05
