Algorithm,Log Source,Log,MRID,Epsilon,Detected Changepoints,Actual Changepoints for Log,F1-Score,Average Lag,Duration,Duration (Seconds),Seconds per Case
Zheng DBSCAN,with_noise_10,log_61_1692952452,400,120.0,"[4495.860795454545, 8903.869565217392, 11000.92857142857, 14173.64705882353, 15895.225]","[1461, 2278, 3644, 4850, 6300, 7761, 9161, 9996, 11400, 11926, 13119, 13979, 15446]",0.1111111111111111,194.64705882352973,00:00:01,1.2935890704393387,7.806342830483004e-05
