Algorithm,Log Source,Log,MRID,Epsilon,Detected Changepoints,Actual Changepoints for Log,F1-Score,Average Lag,Duration,Duration (Seconds),Seconds per Case
Zheng DBSCAN,with_noise_5,log_57_1692952430,300,30.0,"[536.2842105263157, 973.4683544303797, 1538.3050847457628, 1968.62, 2784.4447674418607, 3704.19, 4492.003663003663, 5238.808823529412, 5691.321167883211]","[1054, 1838, 3064, 3682, 4744]",0.42857142857142855,77.78054852320675,00:00:03,3.5266858991235495,0.000579570402485382
