Algorithm,Log Source,Log,MRID,Epsilon,Detected Changepoints,Actual Changepoints for Log,F1-Score,Average Lag,Duration,Duration (Seconds),Seconds per Case
Zheng DBSCAN,without_noise,log_19_1692952228,500,150.0,"[796.6666666666666, 1384.0, 1638.0, 2426.0, 3005.0, 3301.0, 3478.5, 3902.5, 4086.0, 4705.0, 4968.0, 5644.333333333333, 6043.0, 6391.5, 6698.0, 7034.714285714285]","[1474, 2389, 3492, 4788, 5647, 7050]",0.5454545454545454,40.24206349206361,00:00:05,5.547055607661605,0.000681791495533629
