Algorithm,Log Source,Log,MRID,Epsilon,Detected Changepoints,Actual Changepoints for Log,F1-Score,Average Lag,Duration,Duration (Seconds),Seconds per Case
Zheng DBSCAN,with_noise_5,log_31_1692952304,300,30.0,"[345.1875, 449.0, 881.5496688741722, 1642.63125, 2436.3211678832117, 2899.061224489796, 3113.457142857143, 3291.7297297297296, 3683.063492063492, 4074.051282051282, 5490.098330241188, 6947.153846153846, 7128.307692307692]","[1438, 2870, 3391, 4545, 5871]",0.2222222222222222,64.16574738003328,00:00:04,4.319890089333057,0.000602243146428699
