Algorithm,Log Source,Log,MRID,Epsilon,Detected Changepoints,Actual Changepoints for Log,F1-Score,Average Lag,Duration,Duration (Seconds),Seconds per Case
Zheng DBSCAN,with_noise_10,log_23_1692952259,400,80.0,"[568.5, 743.0, 925.3333333333334, 1033.0, 1357.3333333333333, 1466.5, 1801.0, 1907.5, 2078.8, 2374.4, 2610.6, 2834.0, 2939.0, 3179.4285714285716, 3604.2, 3865.25, 4002.5, 4278.888888888889, 4483.0, 4626.5, 4732.0, 4855.5, 5074.0, 5220.666666666667, 5474.0, 5758.0, 5878.0, 6029.0, 6263.5, 6463.923076923077, 6845.5, 6986.5, 7137.5, 7460.733333333334, 7785.75, 7950.0, 8190.0, 8380.5, 8553.0, 8661.5, 8815.5, 9017.0, 9136.0, 9242.0, 9358.0, 9500.0, 9951.666666666666, 10439.0, 10667.0, 10856.0, 11035.666666666666, 11184.0, 11295.0, 11380.0, 11524.0, 11739.0, 12084.666666666666, 12269.0, 12423.666666666666, 12820.4, 13403.0, 13810.0]","[1464, 2335, 3773, 4539, 5637, 6477, 7514, 8662, 9652, 10998, 11610, 12811]",0.3243243243243243,55.25502136752126,00:00:01,1.139217620715499,8.237292991435277e-05
