Algorithm,Log Source,Log,MRID,Epsilon,Detected Changepoints,Actual Changepoints for Log,F1-Score,Average Lag,Duration,Duration (Seconds),Seconds per Case
Zheng DBSCAN,with_noise_5,log_23_1692952259,300,150.0,"[337.2307692307692, 1308.3589743589744, 3014.279069767442, 4627.4375, 6641.142857142857, 9286.347222222223, 10428.8125, 12240.579545454546]","[1464, 2335, 3773, 4539, 5637, 6477, 7514, 8662, 9652, 10998, 11610, 12811]",0.3,136.07379426129418,00:00:01,1.5104824285954237,0.00010921781840892435
