Algorithm,Log Source,Log,MRID,Epsilon,Detected Changepoints,Actual Changepoints for Log,F1-Score,Average Lag,Duration,Duration (Seconds),Seconds per Case
Zheng DBSCAN,with_noise_10,log_23_1692952259,600,180.0,"[912.6666666666666, 1975.0, 2414.5, 2765.0, 3225.0, 3608.0, 4201.272727272727, 4830.666666666667, 5207.0, 5859.0, 6435.571428571428, 7442.363636363636, 7786.333333333333, 8394.8, 9188.25, 10404.5, 10667.0, 11097.666666666666, 11452.0, 11756.0, 12090.0, 12479.0, 12822.5]","[1464, 2335, 3773, 4539, 5637, 6477, 7514, 8662, 9652, 10998, 11610, 12811]",0.4,87.81880024737166,00:00:00,0.9654648583382368,6.980946191888913e-05
