Algorithm,Log Source,Log,MRID,Epsilon,Detected Changepoints,Actual Changepoints for Log,F1-Score,Average Lag,Duration,Duration (Seconds),Seconds per Case
Zheng DBSCAN,with_noise_5,log_36_1692952355,500,150.0,"[581.7142857142857, 1284.1176470588234, 2007.0, 2485.222222222222, 3197.318181818182, 4178.346153846154, 6104.033333333334, 7961.333333333333, 8464.888888888889, 10079.166666666666, 12372.365384615385, 14417.326086956522, 15704.0, 15899.5]","[1333, 2559, 3693, 4416, 5763, 6390, 7822, 8817, 10269, 11730, 12843, 13947, 14938]",0.29629629629629634,112.95669934640534,00:00:01,1.4403908606618643,9.017660180691569e-05
