Algorithm,Log Source,Log,MRID,Epsilon,Detected Changepoints,Actual Changepoints for Log,F1-Score,Average Lag,Duration,Duration (Seconds),Seconds per Case
Zheng DBSCAN,with_noise_10,log_24_1692952266,500,50.0,"[544.25, 637.3333333333334, 756.0, 882.0, 948.0, 1184.5714285714287, 1325.0, 1388.0, 1546.0, 1697.6666666666667, 1855.0, 2028.0, 2099.0, 2202.0, 2484.0, 2627.0, 2844.0, 2910.0, 2971.5, 3030.0, 3125.0, 3204.0, 3354.0, 3495.5, 3693.0, 3769.0, 3867.0, 3923.0, 4074.0, 4294.0, 4415.0, 4533.0, 4694.777777777777, 4832.0, 4983.285714285715, 5203.5, 5313.6, 5436.5, 5538.666666666667, 5667.333333333333, 5838.0, 5952.333333333333]","[1144, 2334, 3230, 4730]",0.17391304347826084,58.448412698412824,00:00:00,0.7666666600853205,0.00012699464304875277
