Algorithm,Log Source,Log,MRID,Epsilon,Detected Changepoints,Actual Changepoints for Log,F1-Score,Average Lag,Duration,Duration (Seconds),Seconds per Case
Zheng DBSCAN,with_noise_10,log_62_1692952457,400,160.0,"[698.1935483870968, 3161.5208333333335, 5182.1, 5689.357142857143, 7601.95652173913, 9530.0]","[1344, 2257, 3301, 4214, 5614, 6547, 7639, 8311]",0.42857142857142855,83.95992926155986,00:00:01,1.0629187300801277,0.00011053647359402326
