Algorithm,Log Source,Log,MRID,Epsilon,Detected Changepoints,Actual Changepoints for Log,F1-Score,Average Lag,Duration,Duration (Seconds),Seconds per Case
Zheng DBSCAN,with_noise_5,log_17_1692952221,300,30.0,"[346.05, 508.09375, 683.9285714285714, 851.0, 985.4545454545455, 1184.0, 1350.0, 1403.5, 1490.1904761904761, 1795.0967741935483, 2085.9, 2378.523076923077, 2675.68, 2844.5945945945946, 3024.0, 3140.6363636363635, 3402.948275862069, 3681.535714285714, 3810.5, 4131.95744680851, 4470.25, 4528.75, 4600.166666666667, 5098.544871794872, 5674.65, 6095.02, 6490.75, 6635.384615384615, 6812.846153846154, 6942.5, 7145.714285714285, 7386.0625, 7516.55, 7641.75, 7783.285714285715, 7899.666666666667, 7949.5, 8008.0]","[1444, 2772, 3489, 4826, 6062, 6751]",0.22727272727272727,58.802494515736086,00:00:01,1.9726559575647116,0.00024621267568206585
