Algorithm,Log Source,Log,MRID,Epsilon,Detected Changepoints,Actual Changepoints for Log,F1-Score,Average Lag,Duration,Duration (Seconds),Seconds per Case
Zheng DBSCAN,with_noise_10,log_60_1692952441,600,60.0,"[805.7222222222222, 1918.3245614035088, 2883.340909090909, 3457.864406779661, 3936.25, 4068.8, 4943.805309734514, 5907.064516129032, 6609.256756756757, 7344.452380952381, 8451.36641221374, 10146.68148148148, 11278.166666666666]","[1176, 1816, 2868, 3524, 5017, 6406, 7452, 8819, 10127]",0.5454545454545455,64.03747575155721,00:00:03,3.913377035409212,0.00034503412408827473
