Algorithm,Log Source,Log,MRID,Epsilon,Detected Changepoints,Actual Changepoints for Log,F1-Score,Average Lag,Duration,Duration (Seconds),Seconds per Case
Zheng DBSCAN,with_noise_10,log_23_1692952259,600,60.0,"[782.0, 923.0, 1033.0, 1809.0, 1896.0, 2025.5, 2119.0, 2414.5, 2687.0, 2843.0, 3170.0, 3280.0, 3608.0, 3890.0, 4002.5, 4264.0, 4483.0, 4626.0, 4830.666666666667, 5207.0, 5859.0, 6266.0, 6389.0, 6465.0, 6538.0, 6613.0, 7158.0, 7329.5, 7506.125, 7786.333333333333, 8190.0, 8380.0, 8553.0, 8661.0, 9017.0, 9136.0, 9242.0, 9358.0, 10374.0, 10435.0, 10667.0, 11054.5, 11184.0, 11380.0, 11524.0, 11756.0, 12090.0, 12479.0, 12822.5]","[1464, 2335, 3773, 4539, 5637, 6477, 7514, 8662, 9652, 10998, 11610, 12811]",0.2950819672131148,47.486111111111114,00:00:00,0.9654648583382368,6.980946191888913e-05
