Algorithm,Log Source,Log,MRID,Epsilon,Detected Changepoints,Actual Changepoints for Log,F1-Score,Average Lag,Duration,Duration (Seconds),Seconds per Case
Zheng DBSCAN,without_noise,log_18_1692952223,600,240.0,"[1279.0, 2192.875, 3168.5555555555557, 4526.571428571428, 5057.5, 5468.0, 5770.5, 6268.666666666667, 7208.75, 8568.466666666667, 9977.75, 10491.5, 11306.666666666666]","[1389, 2280, 3635, 4421, 5728, 7035, 7597, 8723, 9996]",0.6363636363636364,98.8185374149659,00:00:03,3.7742864340543747,0.00032839871522268987
