Algorithm,Log Source,Log,MRID,Epsilon,Detected Changepoints,Actual Changepoints for Log,F1-Score,Average Lag,Duration,Duration (Seconds),Seconds per Case
Zheng DBSCAN,with_noise_10,log_62_1692952457,400,40.0,"[516.8888888888889, 749.2, 828.0, 934.0, 1064.0, 1148.75, 1249.0, 1411.0, 1471.5, 1526.0, 1614.6666666666667, 1706.5, 1760.5, 1884.0, 1980.0, 2112.6666666666665, 2271.0, 2420.8, 2624.25, 2725.0, 2781.0, 2890.2, 3000.75, 3094.0, 3192.8, 3316.0, 3393.5, 3435.0, 3534.6666666666665, 3615.5, 3688.5, 3766.6, 3870.0, 4004.8, 4169.666666666667, 4285.5, 4386.0, 4528.25, 4706.0, 5060.5, 5222.333333333333, 5304.0, 5478.5, 5585.6, 5702.666666666667, 5858.5, 5946.0, 5995.0, 6206.25, 6298.0, 6349.666666666667, 6419.0, 6481.5, 6549.0, 6590.0, 6653.0, 6707.0, 6820.0, 6892.0, 6978.8, 7134.333333333333, 7207.5, 7328.0, 7462.0, 7628.75, 7756.0, 7808.0, 7948.666666666667, 8105.0, 8254.0, 8352.666666666666, 8426.0, 8538.666666666666, 8663.5, 8779.5, 8845.0, 8978.0, 9105.0, 9200.0, 9305.0, 9530.0]","[1344, 2257, 3301, 4214, 5614, 6547, 7639, 8311]",0.1797752808988764,27.83124999999984,00:00:01,1.0629187300801277,0.00011053647359402326
