Algorithm,Log Source,Log,MRID,Epsilon,Detected Changepoints,Actual Changepoints for Log,F1-Score,Average Lag,Duration,Duration (Seconds),Seconds per Case
Zheng DBSCAN,with_noise_5,log_51_1692952412,600,60.0,[3201.6566037735847],"[1211, 2415, 3134, 4190, 5042]",0.33333333333333337,67.65660377358472,00:00:01,1.7552732769399881,0.0002790577546804433
