Algorithm,Log Source,Log,MRID,Epsilon,Detected Changepoints,Actual Changepoints for Log,F1-Score,Average Lag,Duration,Duration (Seconds),Seconds per Case
Zheng DBSCAN,with_noise_5,log_44_1692952384,400,40.0,"[1084.6359649122808, 1822.4761904761904, 2459.0372340425533, 3283.5604395604396, 4542.710622710622, 5491.35294117647, 5979.11038961039, 6598.608695652174, 7001.517241379311, 7901.039603960396, 9949.278761061947]","[1079, 2333, 3288, 4492, 5972, 6979, 7946, 9293, 10347]",0.7000000000000001,37.34448701918878,00:00:05,5.066273747012019,0.0004401245545141186
