Algorithm,Log Source,Log,MRID,Epsilon,Detected Changepoints,Actual Changepoints for Log,F1-Score,Average Lag,Duration,Duration (Seconds),Seconds per Case
Zheng DBSCAN,with_noise_5,log_80_1692952554,400,80.0,"[721.2033898305085, 1363.2, 1599.0714285714287, 1931.764705882353, 2334.75, 2766.5, 3160.222222222222, 3450.0, 3607.0, 3960.24, 4375.846153846154, 4532.0, 4825.888888888889, 5205.75, 5313.0, 5446.666666666667]","[1043, 2139, 2799, 3922, 4435]",0.38095238095238093,81.41096153846138,00:00:00,0.6216565556824207,0.00011329625581965022
