Algorithm,Log Source,Log,MRID,Epsilon,Detected Changepoints,Actual Changepoints for Log,F1-Score,Average Lag,Duration,Duration (Seconds),Seconds per Case
Zheng DBSCAN,without_noise,log_86_1692952579,500,100.0,"[654.3636363636364, 1492.4179104477612, 3911.0098039215686, 6164.571428571428, 7650.019801980198, 9422.22131147541]","[1451, 2814, 3789, 5069, 6015, 7177, 8153, 9456]",0.5714285714285715,86.69445786633696,00:00:07,7.244295381009579,0.0006773534718101523
