Algorithm,Log Source,Log,MRID,Epsilon,Detected Changepoints,Actual Changepoints for Log,F1-Score,Average Lag,Duration,Duration (Seconds),Seconds per Case
Zheng DBSCAN,with_noise_10,log_23_1692952259,600,120.0,"[782.0, 978.0, 1975.0, 2414.5, 2687.0, 2843.0, 3225.0, 3608.0, 3946.25, 4264.0, 4483.0, 4626.0, 4830.666666666667, 5207.0, 5859.0, 6266.0, 6463.833333333333, 7158.0, 7470.8, 7786.333333333333, 8190.0, 8380.0, 8607.0, 9188.25, 10404.5, 10667.0, 11097.666666666666, 11380.0, 11524.0, 11756.0, 12090.0, 12479.0, 12822.5]","[1464, 2335, 3773, 4539, 5637, 6477, 7514, 8662, 9652, 10998, 11610, 12811]",0.39999999999999997,67.67037037037032,00:00:00,0.9654648583382368,6.980946191888913e-05
