Algorithm,Log Source,Log,MRID,Epsilon,Detected Changepoints,Actual Changepoints for Log,F1-Score,Average Lag,Duration,Duration (Seconds),Seconds per Case
Zheng DBSCAN,with_noise_10,log_66_1692952466,300,30.0,"[1179.2447552447552, 4336.338983050848, 10387.884963768116, 15219.442052980132, 16448.222222222223]","[1333, 1858, 3125, 4597, 5145, 6189, 7122, 8601, 9725, 10332, 11494, 12957, 13775, 14782, 15396]",0.3,128.73271851440964,00:00:12,12.929541863501072,0.0007851789556993425
