Algorithm,Log Source,Log,MRID,Epsilon,Detected Changepoints,Actual Changepoints for Log,F1-Score,Average Lag,Duration,Duration (Seconds),Seconds per Case
Zheng DBSCAN,with_noise_5,log_20_1692952238,300,30.0,"[351.41379310344826, 502.61538461538464, 587.0, 680.0, 786.8333333333334, 1049.9454545454546, 1354.4615384615386, 1595.5151515151515, 1801.2608695652175, 2036.4285714285713, 2219.5, 2330.714285714286, 2516.75, 2740.8205128205127, 2935.5, 3027.0, 3163.75, 3417.8695652173915, 3615.5, 3704.777777777778, 3815.9411764705883, 4141.403508771929, 4519.607142857143, 4684.0, 4762.5, 4838.5, 4926.529411764706, 5018.0, 5141.565217391304, 5272.461538461538, 5372.25, 5521.64705882353, 5624.5, 5699.166666666667, 5784.833333333333, 5840.0, 5893.8, 6059.863636363636, 6227.55, 6350.666666666667, 6515.875, 6651.0, 6874.6567164179105, 7096.0, 7225.4, 7411.533333333334, 7548.964285714285, 7735.56, 7886.0, 8031.272727272727, 8254.526315789473, 8422.541666666666, 8663.171428571428, 8841.875, 8979.136363636364, 9107.5, 9183.882352941177, 9360.809523809523, 9823.192771084337, 10289.973684210527, 10454.714285714286, 10520.333333333334, 10868.505617977527, 11364.59375, 11537.5, 11593.111111111111, 11772.714285714286, 12016.6, 12405.906976744185, 12755.4, 12857.08695652174, 12966.0, 13023.846153846154, 13429.083333333334, 13857.961538461539, 13967.666666666666, 14048.8, 14229.56, 14376.333333333334, 14421.5, 14582.423076923076, 14921.689655172413]","[1357, 2105, 3482, 4422, 5484, 6787, 8017, 9381, 10872, 11904, 12802, 13833]",0.2553191489361702,48.355863911524864,00:00:04,4.489146135747433,0.0002983416053530559
