Algorithm,Log Source,Log,MRID,Epsilon,Detected Changepoints,Actual Changepoints for Log,F1-Score,Average Lag,Duration,Duration (Seconds),Seconds per Case
Zheng DBSCAN,with_noise_5,log_96_1692952629,300,30.0,"[449.0, 659.6666666666666, 790.2173913043479, 955.2727272727273, 1138.0, 1282.1666666666667, 1458.7, 1589.875, 1652.0, 1702.5714285714287, 1806.0, 1847.5, 1924.7142857142858, 2020.5, 2102.5, 2167.6, 2221.5, 2307.5333333333333, 2438.866666666667, 2561.076923076923, 2658.0, 2708.6666666666665, 2803.4615384615386, 2892.0, 3046.9565217391305, 3229.5, 3270.0, 3330.0, 3443.2, 3579.8333333333335, 3691.625, 3779.5, 3831.0, 4003.3076923076924, 4210.5, 4266.333333333333, 4353.888888888889, 4510.391304347826, 4618.0, 4685.5, 4837.28, 5015.0, 5108.222222222223, 5196.090909090909, 5302.8, 5391.0, 5533.428571428572, 5735.25, 5837.666666666667, 5936.142857142857, 6149.551724137931, 6275.0, 6319.75, 6365.5, 6417.666666666667, 6541.615384615385, 6687.666666666667, 6756.0, 6814.0, 6927.545454545455, 7033.833333333333, 7120.666666666667, 7269.1875, 7408.714285714285, 7590.266666666666, 7700.0, 7778.0, 7836.666666666667]","[1087, 2286, 3016, 4084, 4958, 5962, 6779]",0.18666666666666665,41.434186517416364,00:00:00,0.7657379992306232,9.73354517898339e-05
