Algorithm,Log Source,Log,MRID,Epsilon,Detected Changepoints,Actual Changepoints for Log,F1-Score,Average Lag,Duration,Duration (Seconds),Seconds per Case
Zheng DBSCAN,with_noise_10,log_56_1692952426,300,60.0,"[339.0, 442.5, 527.0, 742.0, 902.4285714285714, 1200.25, 1597.24, 1848.0, 2002.9166666666667, 2171.75, 2389.0714285714284, 2639.6, 2915.866666666667, 3208.0, 3332.5, 3467.0, 3775.5789473684213, 4279.5, 4655.6, 4872.666666666667, 4987.0, 5091.285714285715, 5252.428571428572, 5480.0, 5628.333333333333, 5769.25, 5927.0, 6124.0, 6237.0, 6437.25, 6543.5, 6755.0, 6937.2, 7171.363636363636, 7479.285714285715, 7695.0, 7801.2, 8121.35294117647, 8355.5, 8496.0, 8563.0, 8630.5, 8759.5, 9014.07142857143, 9199.0, 9403.142857142857, 9731.0, 9965.833333333334, 10267.333333333334, 10566.4, 10754.166666666666, 10888.9, 11175.5]","[1162, 2602, 3692, 5083, 5750, 6960, 8196, 9356, 10281]",0.2903225806451613,38.35791603190986,00:00:01,1.2507049664855003,0.00011003914890775122
