Algorithm,Log Source,Log,MRID,Epsilon,Detected Changepoints,Actual Changepoints for Log,F1-Score,Average Lag,Duration,Duration (Seconds),Seconds per Case
Zheng DBSCAN,without_noise,log_75_1692952522,300,60.0,"[353.5, 566.5, 707.0, 871.6666666666666, 1096.0, 1224.3333333333333, 1753.7674418604652, 2246.0, 2452.6666666666665, 2558.3333333333335, 2688.0, 2822.0, 2977.5, 3145.5, 3223.0]","[1388, 2031]",0.11764705882352941,163.66666666666674,00:00:01,1.8598893601447344,0.000532157184590768
