Algorithm,Log Source,Log,MRID,Epsilon,Detected Changepoints,Actual Changepoints for Log,F1-Score,Average Lag,Duration,Duration (Seconds),Seconds per Case
Zheng DBSCAN,with_noise_10,log_85_1692952576,400,80.0,"[561.7, 825.0, 944.0, 1328.0, 1761.3333333333333, 2010.142857142857, 2330.6470588235293, 2775.0, 3031.230769230769, 3366.133333333333, 3559.5, 3747.8, 4080.8, 4379.333333333333, 4553.833333333333, 4708.5, 4860.5, 5099.428571428572, 5242.0, 5448.833333333333, 5627.0, 5755.0, 5979.0, 6070.0, 6242.0, 6596.666666666667, 6739.25, 6956.166666666667, 7212.333333333333, 7379.375, 7564.0, 7761.375, 8084.666666666667, 8282.222222222223, 8631.125, 8836.0, 9143.0, 9379.333333333334, 9529.333333333334]","[1459, 1990, 3383, 4503, 5074, 6148, 6878, 8310]",0.3404255319148936,53.526984126984104,00:00:00,0.9618211556226015,9.825530244382485e-05
