Algorithm,Log Source,Log,MRID,Epsilon,Detected Changepoints,Actual Changepoints for Log,F1-Score,Average Lag,Duration,Duration (Seconds),Seconds per Case
Zheng DBSCAN,with_noise_5,log_62_1692952457,300,30.0,"[308.5, 389.6666666666667, 465.0, 528.0, 593.5, 672.0, 762.875, 856.5, 904.5, 1035.5, 1076.5, 1116.3333333333333, 1164.5, 1276.0, 1352.0, 1449.1666666666667, 1499.5, 1613.0, 1695.0, 1781.5, 1847.0, 1887.5, 1942.6666666666667, 2101.5, 2137.5, 2252.266666666667, 2389.5, 2496.6, 2626.714285714286, 2762.2, 2881.285714285714, 2964.0, 3021.5, 3088.6666666666665, 3144.0, 3201.0, 3247.5, 3307.3333333333335, 3367.5, 3417.0, 3458.0, 3505.6666666666665, 3576.0, 3665.5, 3744.8, 3842.0, 3934.8571428571427, 4033.5, 4126.0, 4184.2, 4261.0, 4292.0, 4355.5, 4426.0, 4498.5, 4581.0, 4743.222222222223, 4828.833333333333, 4907.0, 5007.5, 5098.0, 5173.333333333333, 5244.0, 5316.0, 5377.5, 5415.0, 5462.333333333333, 5562.8, 5615.5, 5772.666666666667, 5867.5, 5925.2, 6035.8, 6097.0, 6183.0, 6247.333333333333, 6376.4, 6438.333333333333, 6525.125, 6674.888888888889, 6747.0, 6800.75, 6852.0, 6910.5, 6970.0, 7014.0, 7195.846153846154, 7318.5, 7382.0, 7481.0, 7679.181818181818, 7874.0, 7934.2, 7995.0, 8092.0, 8133.0, 8188.5, 8246.0, 8303.0, 8346.5, 8405.5, 8482.666666666666, 8563.333333333334, 8655.0, 8711.5, 8829.875, 8990.692307692309, 9123.5, 9168.5, 9307.5, 9366.25, 9421.0, 9472.0, 9543.5]","[1344, 2257, 3301, 4214, 5614, 6547, 7639, 8311]",0.13114754098360656,15.0529356060606,00:00:01,1.1687442474067211,0.00012154162306642275
