Algorithm,Log Source,Log,MRID,Epsilon,Detected Changepoints,Actual Changepoints for Log,F1-Score,Average Lag,Duration,Duration (Seconds),Seconds per Case
Zheng DBSCAN,with_noise_10,log_87_1692952585,600,120.0,"[711.0, 861.0, 1059.0, 1347.6666666666667, 1810.5, 2048.0, 2306.5, 2651.0, 2918.75, 3095.5, 3244.0, 3558.0, 3904.0, 4252.25, 4588.6, 4958.5, 5216.8, 5448.0, 5781.333333333333, 6047.5, 6344.0, 6601.0, 6834.0, 7287.333333333333, 7558.5, 7927.0, 8232.0, 8650.0]","[1372, 2863, 3391, 4735, 5393, 6760, 7388]",0.4,86.1642857142857,00:00:00,0.7544662412256002,8.523116145793044e-05
