Algorithm,Log Source,Log,MRID,Epsilon,Detected Changepoints,Actual Changepoints for Log,F1-Score,Average Lag,Duration,Duration (Seconds),Seconds per Case
Zheng DBSCAN,with_noise_10,log_6_1692952173,600,120.0,"[1330.1084337349398, 3457.271739130435, 6172.893939393939, 7890.592592592592, 9426.818181818182, 10598.0]","[1350, 1920, 3342, 4346, 5008, 6173, 7280, 8196, 9350]",0.5333333333333333,53.02188695493453,00:00:01,1.823056424036622,0.00017192157903023596
