Algorithm,Log Source,Log,MRID,Epsilon,Detected Changepoints,Actual Changepoints for Log,F1-Score,Average Lag,Duration,Duration (Seconds),Seconds per Case
Zheng DBSCAN,with_noise_5,log_90_1692952603,500,100.0,"[614.6206896551724, 1500.6279069767443, 2103.0, 2365.4, 3041.1666666666665, 3797.5555555555557, 4222.7692307692305, 4883.476190476191, 5397.6, 5613.8, 6808.808219178082, 8136.857142857143, 8519.0, 8651.4, 8888.0, 9058.5]","[1042, 1748, 2855, 4089, 4623, 5847, 6623, 7991]",0.3333333333333333,162.9003148677806,00:00:01,1.180870071053505,0.00012878940681137582
