Algorithm,Log Source,Log,MRID,Epsilon,Detected Changepoints,Actual Changepoints for Log,F1-Score,Average Lag,Duration,Duration (Seconds),Seconds per Case
Zheng DBSCAN,with_noise_10,log_99_1692952644,300,120.0,"[978.271186440678, 2046.3333333333333, 2510.9, 2933.4, 3541.9166666666665, 4201.5, 4885.636363636364, 5723.4, 6472.222222222223, 7179.266666666666, 7693.4, 8206.75]","[1091, 2218, 3016, 4029, 4956, 6397, 7026]",0.7368421052631579,119.76400078264483,00:00:00,0.8311953544616699,0.00010026481959730638
