Algorithm,Log Source,Log,MRID,Epsilon,Detected Changepoints,Actual Changepoints for Log,F1-Score,Average Lag,Duration,Duration (Seconds),Seconds per Case
Zheng DBSCAN,with_noise_10,log_62_1692952457,400,80.0,"[461.9230769230769, 762.3333333333334, 934.0, 1129.5, 1605.2727272727273, 1884.0, 1980.0, 2112.6666666666665, 2345.9, 2667.1666666666665, 3041.176470588235, 3370.8, 3710.3333333333335, 4004.8, 4169.666666666667, 4285.5, 4386.0, 4528.25, 4706.0, 5060.5, 5263.166666666667, 5599.3, 5914.5, 6432.882352941177, 7035.333333333333, 7328.0, 7462.0, 7628.75, 7782.0, 7948.666666666667, 8105.0, 8254.0, 8371.0, 8538.666666666666, 8663.5, 8792.6, 8978.0, 9105.0, 9200.0, 9305.0, 9530.0]","[1344, 2257, 3301, 4214, 5614, 6547, 7639, 8311]",0.28571428571428575,57.01442577030808,00:00:01,1.0629187300801277,0.00011053647359402326
