Algorithm,Log Source,Log,MRID,Epsilon,Detected Changepoints,Actual Changepoints for Log,F1-Score,Average Lag,Duration,Duration (Seconds),Seconds per Case
Zheng DBSCAN,with_noise_5,log_50_1692952409,600,120.0,"[695.1428571428571, 1119.0, 1335.4, 1997.142857142857, 2311.0, 2651.6, 3072.0, 3394.25, 3843.0, 4059.0, 4191.0, 4633.333333333333, 4847.0, 5234.166666666667, 5635.0, 5994.857142857143, 6420.666666666667, 6764.0, 6988.25, 7665.0952380952385, 8437.25, 8924.0]","[1116, 2317, 3370, 4443, 5099, 6419, 7919]",0.41379310344827586,60.06944444444449,00:00:00,0.8580551352351904,9.505429658083421e-05
