Algorithm,Log Source,Log,MRID,Epsilon,Detected Changepoints,Actual Changepoints for Log,F1-Score,Average Lag,Duration,Duration (Seconds),Seconds per Case
Zheng DBSCAN,with_noise_5,log_91_1692952607,600,120.0,"[780.3333333333334, 1003.75, 1227.0, 1704.5, 2383.875, 2661.0, 2889.0, 3060.0, 3294.0, 3664.0, 3988.0, 4167.666666666667, 4465.0, 4943.333333333333, 5264.083333333333, 5585.0, 5961.833333333333]","[1460, 2204, 3325, 3998, 5233]",0.3636363636363636,62.98958333333326,00:00:00,0.5752840433269739,9.186905834030245e-05
