Algorithm,Log Source,Log,MRID,Epsilon,Detected Changepoints,Actual Changepoints for Log,F1-Score,Average Lag,Duration,Duration (Seconds),Seconds per Case
Zheng DBSCAN,with_noise_5,log_14_1692952206,600,240.0,"[2587.9545454545455, 6441.372727272727, 9054.118644067798]","[1181, 2047, 3186, 3975, 5113, 6441, 7617, 8917]",0.36363636363636365,68.74568567026245,00:00:01,1.1442517209798098,0.00011035314118813866
