Algorithm,Log Source,Log,MRID,Epsilon,Detected Changepoints,Actual Changepoints for Log,F1-Score,Average Lag,Duration,Duration (Seconds),Seconds per Case
Zheng DBSCAN,with_noise_5,log_60_1692952441,300,30.0,"[455.0149253731343, 811.9777777777778, 1135.3692307692309, 1392.6, 1504.5, 1773.402985074627, 2538.444976076555, 3248.021276595745, 3406.090909090909, 3566.0877192982457, 3976.2894736842104, 4408.705882352941, 5110.0, 6248.475, 6930.0, 7091.4, 7307.959459459459, 7632.909090909091, 7900.885714285714, 8157.0, 8226.166666666666, 8598.32142857143, 9099.731707317073, 9510.835443037975, 9790.6, 9835.333333333334, 10000.196078431372, 10179.5, 10327.58064516129, 10528.142857142857, 10679.266666666666, 10871.896551724138, 11049.166666666666, 11189.357142857143]","[1176, 1816, 2868, 3524, 5017, 6406, 7452, 8819, 10127]",0.3255813953488372,81.76872057070406,00:00:04,4.000549109652638,0.00035271990033967893
