Algorithm,Log Source,Log,MRID,Epsilon,Detected Changepoints,Actual Changepoints for Log,F1-Score,Average Lag,Duration,Duration (Seconds),Seconds per Case
Zheng DBSCAN,with_noise_10,log_84_1692952573,300,120.0,"[1177.4550898203593, 4203.8033472803345]","[1146, 2011, 3360, 4613]",0.3333333333333333,31.455089820359262,00:00:00,0.8799914997071028,0.00014774874071643769
