Algorithm,Log Source,Log,MRID,Epsilon,Detected Changepoints,Actual Changepoints for Log,F1-Score,Average Lag,Duration,Duration (Seconds),Seconds per Case
Zheng DBSCAN,without_noise,log_95_1692952617,400,40.0,"[426.0, 545.0, 666.6666666666666, 747.0, 945.25, 1043.0, 1122.0, 1206.2, 1311.1, 1444.5, 1715.3333333333333, 1945.5882352941176, 2489.5, 2628.0, 2746.3333333333335, 2801.0, 2879.3333333333335, 2953.0, 3062.6666666666665, 3147.0, 3273.25, 3396.0, 3483.3333333333335, 3596.0, 3675.0, 3739.25, 3879.0, 4025.5, 4174.166666666667, 4301.0, 4345.0, 4415.4, 4490.0, 4579.0, 4649.0, 4698.0, 4812.666666666667, 4903.5, 4952.0, 5116.0, 5231.666666666667, 5303.0, 5382.75, 5624.0, 5797.333333333333, 5935.4, 6098.5, 6167.5, 6224.333333333333, 6348.0, 6461.625, 6586.777777777777, 6802.95, 6949.0, 7018.428571428572, 7213.2, 7328.0, 7371.0, 7429.75, 7504.0, 7610.090909090909, 7758.142857142857, 7943.6875, 8159.0, 8253.5, 8312.0, 8391.888888888889, 8545.5, 8766.333333333334, 8836.0, 9017.5, 9116.0, 9187.333333333334, 9303.666666666666, 9404.0, 9486.0, 9543.0, 9662.0, 9859.076923076924, 10027.375, 10111.0, 10163.75, 10472.0, 10693.785714285714, 10870.75, 10968.142857142857, 11125.0, 11211.0, 11312.285714285714, 11458.5, 11540.0, 11611.0, 11767.3, 11892.0, 11969.5, 12074.5, 12163.0, 12255.75, 12375.666666666666, 12458.5, 12514.25, 12569.25, 12711.857142857143, 12849.0, 12915.0, 12998.0, 13075.5, 13145.0]","[1156, 1959, 2970, 4425, 5628, 6797, 7689, 9067, 9689, 11170, 11993]",0.18487394957983191,26.691329258976317,00:00:06,6.5981203112751245,0.000498498059177631
