Algorithm,Log Source,Log,MRID,Epsilon,Detected Changepoints,Actual Changepoints for Log,F1-Score,Average Lag,Duration,Duration (Seconds),Seconds per Case
Zheng DBSCAN,without_noise,log_21_1692952246,600,60.0,"[1095.0, 1159.0, 1765.0, 1827.0, 3149.0, 3988.0, 4134.0, 5286.0, 5369.0, 5885.5]","[1096, 1828, 3150, 4136, 5287, 5888]",0.7499999999999999,1.4166666666666667,00:00:00,0.45721152797341347,6.603286077027924e-05
