Algorithm,Log Source,Log,MRID,Epsilon,Detected Changepoints,Actual Changepoints for Log,F1-Score,Average Lag,Duration,Duration (Seconds),Seconds per Case
Zheng DBSCAN,with_noise_10,log_97_1692952631,400,120.0,"[605.1538461538462, 947.5, 1309.5333333333333, 1765.5, 2264.5, 2427.0, 2700.0, 2946.0, 3155.0, 3608.125, 4259.2307692307695, 4908.285714285715, 5477.8, 5872.5, 6367.666666666667, 7035.631578947368, 7705.347826086957]","[1365, 2387, 3660, 4381, 5395, 6560, 7200]",0.5833333333333334,101.23037883169458,00:00:01,1.0646545719355345,0.00012985175898713679
