Algorithm,Log Source,Log,MRID,Epsilon,Detected Changepoints,Actual Changepoints for Log,F1-Score,Average Lag,Duration,Duration (Seconds),Seconds per Case
Zheng DBSCAN,without_noise,log_92_1692952610,300,30.0,"[660.0, 1000.0, 1116.0, 1432.0, 1508.8, 1631.0, 1769.0, 1959.3333333333333, 2300.0, 2699.0, 2961.0, 3069.0, 3101.0, 3283.0, 3346.0, 3401.25, 3450.0, 3495.0, 3815.0, 4388.0, 4700.0, 4742.0, 4785.0, 4823.0, 4934.5, 5026.0, 5190.0, 5295.0, 5417.0, 5863.0, 6276.5, 6428.0, 6498.5, 6568.0, 6751.0, 7020.0, 7479.0, 8081.0, 8254.0, 8427.0, 8577.0, 8649.333333333334, 8754.0, 8958.0, 9081.0, 9892.0, 10201.0]","[1496, 2990, 3497, 4700, 5462, 6515, 7455, 8576, 9153]",0.32142857142857145,22.477777777777774,00:00:02,2.735891681164503,0.00025937539639405604
