Algorithm,Log Source,Log,MRID,Epsilon,Detected Changepoints,Actual Changepoints for Log,F1-Score,Average Lag,Duration,Duration (Seconds),Seconds per Case
Zheng DBSCAN,with_noise_10,log_6_1692952173,300,30.0,"[334.8125, 469.6666666666667, 529.0, 579.25, 689.1153846153846, 848.375, 917.5, 1011.6666666666666, 1120.2, 1170.0, 1239.625, 1341.3076923076924, 1476.3846153846155, 1561.6666666666667, 1721.225806451613, 1875.111111111111, 1958.375, 2054.3333333333335, 2132.75, 2262.25, 2310.5, 2394.3636363636365, 2578.3529411764707, 2694.0, 2814.4, 2996.75, 3086.4, 3169.6666666666665, 3330.28, 3497.818181818182, 3649.0, 3780.6666666666665, 3880.125, 3930.5, 3993.1111111111113, 4093.8, 4163.0, 4255.75, 4347.0, 4443.916666666667, 4687.675675675676, 5019.133333333333, 5164.0, 5292.9047619047615, 5440.142857142857, 5529.714285714285, 5604.333333333333, 5669.0, 5746.75, 5918.571428571428, 6112.363636363636, 6255.4, 6351.2, 6407.0, 6476.833333333333, 6625.190476190476, 6844.315789473684, 6965.5, 7048.846153846154, 7133.5, 7187.0, 7233.0, 7344.2307692307695, 7554.0, 7775.0, 7915.739130434783, 8079.166666666667, 8256.12, 8459.916666666666, 8593.888888888889, 8983.36231884058, 9373.357142857143, 9528.3, 9596.5, 9686.375, 9767.333333333334, 9852.0, 9950.0, 10082.25, 10252.555555555555, 10333.0, 10396.0, 10470.0, 10519.0, 10563.0, 10598.0]","[1350, 1920, 3342, 4346, 5008, 6173, 7280, 8196, 9350]",0.18947368421052632,29.11490527990539,00:00:01,1.888450477272272,0.0001780885021946692
