Algorithm,Log Source,Log,MRID,Epsilon,Detected Changepoints,Actual Changepoints for Log,F1-Score,Average Lag,Duration,Duration (Seconds),Seconds per Case
Zheng DBSCAN,with_noise_5,log_34_1692952321,600,180.0,"[1407.4186046511627, 2968.733333333333, 3597.0, 3931.0]","[1165, 2205, 2867]",0.28571428571428575,101.73333333333312,00:00:00,0.13812942616641521,3.366547067180483e-05
