Algorithm,Log Source,Log,MRID,Epsilon,Detected Changepoints,Actual Changepoints for Log,F1-Score,Average Lag,Duration,Duration (Seconds),Seconds per Case
Zheng DBSCAN,with_noise_5,log_85_1692952576,300,60.0,"[355.90909090909093, 619.0, 981.5, 1113.0, 1198.5, 1365.25, 1559.2857142857142, 1659.5, 1966.0, 2316.0, 2551.8888888888887, 2800.6923076923076, 2969.4, 3385.3611111111113, 3779.6, 4094.5, 4309.909090909091, 4420.0, 4509.5, 4585.5, 4862.0, 5219.222222222223, 5513.0, 5917.25, 6473.193548387097, 6804.333333333333, 6882.5, 7193.789473684211, 7649.631578947368, 7970.0, 8208.0, 8487.833333333334, 8776.5, 9094.48, 9437.5, 9565.0, 9766.25]","[1459, 1990, 3383, 4503, 5074, 6148, 6878, 8310]",0.3111111111111111,54.047619047619136,00:00:00,0.832320062443614,8.5026056026521e-05
