Algorithm,Log Source,Log,MRID,Epsilon,Detected Changepoints,Actual Changepoints for Log,F1-Score,Average Lag,Duration,Duration (Seconds),Seconds per Case
Zheng DBSCAN,without_noise,log_16_1692952213,600,60.0,"[830.6, 938.0, 1240.5, 1367.8, 1524.0, 1693.75, 1873.0, 1967.0, 2139.0, 2238.5, 2309.5, 2529.0, 2622.0, 2738.1, 2994.0, 3184.0, 3319.0, 3398.0, 3510.0, 3626.5, 3933.3, 4204.0, 4414.25, 4553.333333333333, 4691.0, 4785.5, 4861.0, 5044.0, 5115.0, 5308.3, 5507.0, 5703.272727272727, 5885.0, 5987.666666666667, 6115.0, 6434.5, 6651.0, 6818.0, 6966.0, 7157.333333333333, 7269.0, 7354.0, 8074.0, 8231.0, 8383.0, 8540.57142857143, 8726.5, 8973.5, 9037.0, 9382.0, 9614.0, 9980.5, 10069.5, 10207.666666666666, 10399.666666666666, 10618.5, 10868.0, 10965.0, 11176.5, 11317.0, 11385.0, 11678.5, 11905.5, 12053.4, 12199.0, 12356.0, 12471.0, 12634.75, 12734.5, 12921.2, 13167.291666666666, 13360.5, 13493.5, 13570.0, 13819.0]","[1356, 2761, 3835, 4592, 5716, 6979, 8389, 9274, 10631, 11912, 13144]",0.2558139534883721,32.15323691460057,00:00:03,3.9312496427446604,0.00027473964936366345
