Algorithm,Log Source,Log,MRID,Epsilon,Detected Changepoints,Actual Changepoints for Log,F1-Score,Average Lag,Duration,Duration (Seconds),Seconds per Case
Zheng DBSCAN,with_noise_5,log_9_1692952188,300,60.0,"[456.4222222222222, 1558.6684782608695, 3051.857843137255, 4956.977011494253]","[1136, 2234, 3136, 4299, 4974]",0.4444444444444445,50.58257268424609,00:00:01,1.9974429849535227,0.0003174575627707442
