Algorithm,Log Source,Log,MRID,Epsilon,Detected Changepoints,Actual Changepoints for Log,F1-Score,Average Lag,Duration,Duration (Seconds),Seconds per Case
Zheng DBSCAN,with_noise_5,log_62_1692952457,500,150.0,"[1094.5, 2793.029411764706, 3975.294117647059, 4738.611111111111, 6044.611111111111, 7238.833333333333, 7751.882352941177, 8414.5, 8918.866666666667, 9168.0, 9444.666666666666]","[1344, 2257, 3301, 4214, 5614, 6547, 7639, 8311]",0.2105263157894737,108.19117647058829,00:00:01,1.049863850697875,0.00010917885302598534
