Algorithm,Log Source,Log,MRID,Epsilon,Detected Changepoints,Actual Changepoints for Log,F1-Score,Average Lag,Duration,Duration (Seconds),Seconds per Case
Zheng DBSCAN,without_noise,log_17_1692952221,400,40.0,"[1443.0, 2771.0, 3487.0, 4829.25, 6058.5, 6143.333333333333, 6670.0, 6750.0]","[1444, 2772, 3489, 4826, 6062, 6751]",0.8571428571428571,1.9583333333333333,00:00:02,2.1434302665293217,0.0002675274920780481
