Algorithm,Log Source,Log,MRID,Epsilon,Detected Changepoints,Actual Changepoints for Log,F1-Score,Average Lag,Duration,Duration (Seconds),Seconds per Case
Zheng DBSCAN,without_noise,log_18_1692952223,600,120.0,"[1066.2, 1456.3333333333333, 2192.875, 2857.0, 3108.8, 3298.5, 3519.0, 4350.0, 4583.5, 4734.5, 5057.5, 5468.0, 5770.5, 6124.0, 6341.0, 7030.666666666667, 7332.5, 7464.0, 7623.25, 7979.0, 8220.0, 8389.5, 8555.0, 8721.5, 8895.333333333334, 9762.0, 9985.666666666666, 10146.0, 10400.0, 10583.0, 11306.666666666666]","[1389, 2280, 3635, 4421, 5728, 7035, 7597, 8723, 9996]",0.45000000000000007,47.37500000000003,00:00:03,3.7742864340543747,0.00032839871522268987
