Algorithm,Log Source,Log,MRID,Epsilon,Detected Changepoints,Actual Changepoints for Log,F1-Score,Average Lag,Duration,Duration (Seconds),Seconds per Case
Zheng DBSCAN,with_noise_10,log_25_1692952268,500,100.0,"[2608.0736543909347, 5069.04347826087, 8396.063492063493]","[1268, 1983, 3460, 4362, 5712, 6676, 7809, 8764, 10077, 10808]",,,00:00:01,1.946020195260644,0.00016169673413050635
