Algorithm,Log Source,Log,MRID,Epsilon,Detected Changepoints,Actual Changepoints for Log,F1-Score,Average Lag,Duration,Duration (Seconds),Seconds per Case
Zheng DBSCAN,without_noise,log_10_1692952190,300,150.0,"[346.3333333333333, 1273.9375, 2451.0, 2817.5, 3422.0, 3723.285714285714, 4267.45, 4670.0, 4898.0, 5589.875, 6434.428571428572, 7080.5]","[1029, 1562, 2818, 4306, 5516, 6341]",0.4444444444444444,51.588392857142935,00:00:03,3.961998788639903,0.000535043725677232
