Algorithm,Log Source,Log,MRID,Epsilon,Detected Changepoints,Actual Changepoints for Log,F1-Score,Average Lag,Duration,Duration (Seconds),Seconds per Case
Zheng DBSCAN,with_noise_5,log_73_1692952519,300,150.0,"[794.2333333333333, 1770.5, 2130.0, 3090.777777777778, 4301.9473684210525, 4924.428571428572, 5590.833333333333, 6327.9473684210525, 6818.0]","[1205, 1799, 2891, 3554, 4661, 5644]",0.4,93.81481481481494,00:00:00,0.514353709295392,7.47824526454481e-05
