Algorithm,Log Source,Log,MRID,Epsilon,Detected Changepoints,Actual Changepoints for Log,F1-Score,Average Lag,Duration,Duration (Seconds),Seconds per Case
Zheng DBSCAN,with_noise_10,log_7_1692952178,600,180.0,"[631.75, 939.3333333333334, 1237.0, 2432.9375, 3706.8, 4622.263157894737, 6582.4857142857145, 8017.0, 8603.133333333333, 9540.181818181818, 10071.666666666666, 10396.0, 10870.166666666666, 11207.5, 11980.615384615385, 13057.555555555555, 13517.0, 13917.75, 14593.5, 15356.0, 15984.0, 16367.0, 17311.5, 18107.0]","[1311, 2256, 3605, 4597, 5681, 6939, 8352, 9584, 10457, 11681, 12486, 13960, 14957, 16422, 17190]",0.4615384615384615,77.95209330143543,00:00:02,2.0001986883580685,0.00010949193608266194
