Algorithm,Log Source,Log,MRID,Epsilon,Detected Changepoints,Actual Changepoints for Log,F1-Score,Average Lag,Duration,Duration (Seconds),Seconds per Case
Zheng DBSCAN,with_noise_10,log_88_1692952587,400,40.0,"[420.0, 473.0, 645.0, 754.4, 898.0, 1048.0, 1165.6666666666667, 1331.0, 1448.0, 1544.0, 1700.0, 1743.0, 1874.5, 1925.0, 1995.5, 2127.5, 2257.0, 2370.0, 2473.0, 2599.5, 2796.0, 2890.5, 2998.0, 3133.0, 3337.0, 3395.0, 3520.3333333333335, 3602.0, 3922.285714285714, 4066.4, 4152.0, 4482.0, 4548.5, 4613.5, 4689.0, 4949.0, 5024.0, 5179.0]","[1366, 2110, 3182, 3771]",0.1904761904761905,63.196428571428555,00:00:00,0.3245561569929123,6.187915290617966e-05
