Algorithm,Log Source,Log,MRID,Epsilon,Detected Changepoints,Actual Changepoints for Log,F1-Score,Average Lag,Duration,Duration (Seconds),Seconds per Case
Zheng DBSCAN,with_noise_10,log_23_1692952259,400,40.0,"[425.0, 568.5, 743.0, 925.3333333333334, 1033.0, 1357.3333333333333, 1466.5, 1801.0, 1907.5, 2042.3333333333333, 2133.5, 2322.5, 2409.0, 2540.5, 2604.0, 2684.0, 2834.0, 2939.0, 3023.0, 3134.0, 3231.0, 3300.0, 3560.0, 3635.0, 3706.0, 3840.5, 3890.0, 4002.5, 4184.5, 4226.0, 4319.166666666667, 4483.0, 4626.5, 4732.0, 4839.0, 4938.0, 5074.0, 5220.666666666667, 5474.0, 5758.0, 5878.0, 6029.0, 6263.5, 6427.9, 6538.0, 6607.0, 6845.5, 6986.5, 7117.0, 7158.0, 7254.0, 7307.0, 7352.0, 7499.833333333333, 7785.75, 7950.0, 8190.0, 8380.5, 8553.0, 8661.5, 8815.5, 9017.0, 9136.0, 9242.0, 9358.0, 9500.0, 9951.666666666666, 10373.5, 10435.0, 10506.5, 10667.0, 10856.0, 11035.666666666666, 11184.0, 11295.0, 11380.0, 11524.0, 11717.0, 11783.0, 12018.0, 12090.0, 12146.0, 12269.0, 12356.0, 12436.0, 12479.0, 12820.4, 13403.0, 13810.0]","[1464, 2335, 3773, 4539, 5637, 6477, 7514, 8662, 9652, 10998, 11610, 12811]",0.23762376237623764,50.65277777777775,00:00:01,1.139217620715499,8.237292991435277e-05
