Algorithm,Log Source,Log,MRID,Epsilon,Detected Changepoints,Actual Changepoints for Log,F1-Score,Average Lag,Duration,Duration (Seconds),Seconds per Case
Zheng DBSCAN,without_noise,log_10_1692952190,300,30.0,"[302.0, 368.5, 896.5, 1029.3333333333333, 1134.0, 1220.5, 1279.0, 1358.0, 1411.0, 1505.0, 1559.5, 1627.5, 2409.5, 2492.5, 2740.5, 2816.5, 2898.5, 3422.0, 3586.0, 3650.5, 3755.5, 3832.5, 4049.3333333333335, 4173.0, 4236.333333333333, 4308.4, 4354.0, 4440.5, 4670.0, 4898.0, 5510.9, 5572.5, 5709.5, 5851.0, 5914.0, 6284.0, 6339.5, 6488.5, 6550.5, 7080.5]","[1029, 1562, 2818, 4306, 5516, 6341]",0.2608695652173913,2.2222222222222094,00:00:03,3.961998788639903,0.000535043725677232
