Algorithm,Log Source,Log,MRID,Epsilon,Detected Changepoints,Actual Changepoints for Log,F1-Score,Average Lag,Duration,Duration (Seconds),Seconds per Case
Zheng DBSCAN,without_noise,log_26_1692952272,600,180.0,"[2734.3167701863354, 5636.315789473684, 7214.035294117647, 9070.75, 10237.878048780487, 12192.855855855856, 13831.75]","[1263, 1769, 2996, 3623, 4914, 5584, 6650, 7268, 8328, 9041, 10411, 11880, 12742]",0.4,77.28811164388753,00:00:07,7.713889500126243,0.0005512677410223856
