Algorithm,Log Source,Log,MRID,Epsilon,Detected Changepoints,Actual Changepoints for Log,F1-Score,Average Lag,Duration,Duration (Seconds),Seconds per Case
Zheng DBSCAN,without_noise,log_72_1692952515,500,250.0,"[800.0, 1253.0, 1701.0, 2047.5, 2399.0, 2689.0, 3021.0, 3612.0, 4175.0, 4879.0, 5463.5, 6321.0, 7600.2, 8835.75, 9502.0, 10280.25, 11242.666666666666]","[1301, 2400, 3024, 4162, 5434, 6322, 7584, 8880, 10111]",0.6923076923076924,36.13333333333331,00:00:00,0.9503371063619852,8.382615386451311e-05
