Algorithm,Log Source,Log,MRID,Epsilon,Detected Changepoints,Actual Changepoints for Log,F1-Score,Average Lag,Duration,Duration (Seconds),Seconds per Case
Zheng DBSCAN,without_noise,log_72_1692952515,400,160.0,"[800.0, 1253.0, 1701.0, 2047.5, 2335.5, 2701.5, 3021.0, 3686.0, 4175.0, 4763.0, 4995.0, 5463.5, 6287.0, 6743.0, 7600.2, 8102.0, 8465.0, 8794.8, 9126.0, 9521.0, 10156.0, 10419.5, 10680.5, 11122.0, 11303.0]","[1301, 2400, 3024, 4162, 5434, 6322, 7584, 8880, 10111]",0.5294117647058824,37.71111111111117,00:00:00,0.9805595800280571,8.649198024416134e-05
