Algorithm,Log Source,Log,MRID,Epsilon,Detected Changepoints,Actual Changepoints for Log,F1-Score,Average Lag,Duration,Duration (Seconds),Seconds per Case
Zheng DBSCAN,with_noise_10,log_25_1692952268,500,50.0,"[587.5, 754.9090909090909, 968.1818181818181, 1179.7916666666667, 1456.5714285714287, 1772.2692307692307, 2180.5555555555557, 2460.0, 2632.090909090909, 3216.5476190476193, 3856.25, 4106.526315789473, 4344.791666666667, 4608.692307692308, 4813.058823529412, 5069.04347826087, 5817.253012048192, 6455.545454545455, 6671.916666666667, 7045.825, 7632.714285714285, 7996.0, 8224.0, 8986.90099009901, 9689.857142857143, 9978.724137931034, 10198.5, 10455.7, 10701.0, 10843.9, 11008.666666666666, 11353.7, 11654.0, 11770.0, 11923.5]","[1268, 1983, 3460, 4362, 5712, 6676, 7809, 8764, 10077, 10808]",0.3555555555555555,90.34626799480341,00:00:01,1.946020195260644,0.00016169673413050635
