Algorithm,Log Source,Log,P-Value,Min Adaptive Window,Max Adaptive Window,Detected Changepoints,Actual Changepoints for Log,F1-Score,Average Lag,Duration,Duration (Seconds),Seconds per Case
Process Graph Metrics,with_noise_10,log_7_1692952178,0.0001,100,600,"[2250, 5805, 7125, 8464, 10530, 11863, 14314]","[1311, 2256, 3605, 4597, 5681, 6939, 8352, 9584, 10457, 11681, 12486, 13960, 14957, 16422, 17190]",0.5454545454545455,113.83333333333333,00:02:15,135.12697884440422,0.007396922424151753
