Algorithm,Log Source,Log,P-Value,Min Adaptive Window,Max Adaptive Window,Detected Changepoints,Actual Changepoints for Log,F1-Score,Average Lag,Duration,Duration (Seconds),Seconds per Case
Process Graph Metrics,with_noise_10,log_20_1692952238,0.005,300,600,"[2094, 5817, 7120, 8095, 9505, 12326, 13976]","[1357, 2105, 3482, 4422, 5484, 6787, 8017, 9381, 10872, 11904, 12802, 13833]",0.4210526315789474,89.0,00:00:33,33.974236423149705,0.002257874421688689
