Algorithm,Log Source,Log,P-Value,Min Adaptive Window,Max Adaptive Window,Detected Changepoints,Actual Changepoints for Log,F1-Score,Average Lag,Duration,Duration (Seconds),Seconds per Case
Process Graph Metrics,with_noise_5,log_61_1692952452,0.1,200,500,"[2114, 3804, 5142, 6492, 7867, 9957, 11476, 13398]","[1461, 2278, 3644, 4850, 6300, 7761, 9161, 9996, 11400, 11926, 13119, 13979, 15446]",0.5714285714285714,122.83333333333333,00:00:23,23.174846610054374,0.0013985182915970294
