Algorithm,Log Source,Log,P-Value,Min Adaptive Window,Max Adaptive Window,Detected Changepoints,Actual Changepoints for Log,F1-Score,Average Lag,Duration,Duration (Seconds),Seconds per Case
Process Graph Metrics,with_noise_10,log_69_1692952502,0.1,100,400,"[1772, 3480, 4697, 5923, 6433, 7081, 7910, 9250, 9790]","[1487, 2098, 3497, 4638, 5779, 6664, 7725, 9125, 9901]",0.6666666666666666,106.83333333333333,00:00:24,24.791753377765417,0.002228472213731723
