Algorithm,Log Source,Log,P-Value,Min Adaptive Window,Max Adaptive Window,Detected Changepoints,Actual Changepoints for Log,F1-Score,Average Lag,Duration,Duration (Seconds),Seconds per Case
Process Graph Metrics,with_noise_5,log_32_1692952308,0.05,400,700,"[1479, 2258, 3967, 4902, 6113, 6643, 7279, 8302, 10115, 11750]","[1486, 2272, 3660, 4340, 5709, 6587, 7907, 8621, 9625, 10324, 11599]",0.380952380952381,57.0,00:00:14,14.64052458666265,0.0011514372462967087
