Algorithm,Log Source,Log,P-Value,Min Adaptive Window,Max Adaptive Window,Detected Changepoints,Actual Changepoints for Log,F1-Score,Average Lag,Duration,Duration (Seconds),Seconds per Case
Process Graph Metrics,without_noise,log_26_1692952272,0.005,300,500,"[812, 1608, 3648, 5509, 6758, 7406, 8979, 10129, 10478, 11128, 11897]","[1263, 1769, 2996, 3623, 4914, 5584, 6650, 7268, 8328, 9041, 10411, 11880, 12742]",0.6666666666666667,81.625,00:00:51,51.40388924442232,0.0036735431461746813
