Algorithm,Log Source,Log,P-Value,Min Adaptive Window,Max Adaptive Window,Detected Changepoints,Actual Changepoints for Log,F1-Score,Average Lag,Duration,Duration (Seconds),Seconds per Case
Process Graph Metrics,with_noise_5,log_66_1692952466,0.005,400,700,"[1658, 2538, 3341, 4820, 6255, 7169, 8653, 10001, 11539, 13019, 13798, 15293]","[1333, 1858, 3125, 4597, 5145, 6189, 7122, 8601, 9725, 10332, 11494, 12957, 13775, 14782, 15396]",0.5925925925925926,74.75,00:01:53,113.00919028371572,0.0068627673701169446
