Algorithm,Log Source,Log,P-Value,Min Adaptive Window,Max Adaptive Window,Detected Changepoints,Actual Changepoints for Log,F1-Score,Average Lag,Duration,Duration (Seconds),Seconds per Case
Process Graph Metrics,without_noise,log_32_1692952308,0.1,200,500,"[336, 803, 2021, 2842, 3520, 3748, 4198, 4738, 5665, 6263, 6678, 7129, 7662, 8283, 9439, 9988, 10668, 11171, 11901, 12339, 12806]","[1486, 2272, 3660, 4340, 5709, 6587, 7907, 8621, 9625, 10324, 11599]",0.31249999999999994,110.2,00:00:14,14.137916449457407,0.0011119084899298
