Algorithm,Log Source,Log,P-Value,Min Adaptive Window,Max Adaptive Window,Detected Changepoints,Actual Changepoints for Log,F1-Score,Average Lag,Duration,Duration (Seconds),Seconds per Case
Process Graph Metrics,without_noise,log_22_1692952248,0.005,200,700,"[705, 1329, 2474, 3161, 4523, 5442, 6323, 7283, 7575, 7966, 8341, 8989, 9768, 10547]","[1244, 2280, 3281, 4625, 6029, 7290, 8171, 9596, 10320]",0.6086956521739131,121.42857142857143,00:00:39,39.733169198036194,0.0034205551995554573
