Algorithm,Log Source,Log,P-Value,Min Adaptive Window,Max Adaptive Window,Detected Changepoints,Actual Changepoints for Log,F1-Score,Average Lag,Duration,Duration (Seconds),Seconds per Case
Process Graph Metrics,with_noise_5,log_7_1692952178,0.1,300,500,"[1800, 2448, 3761, 5744, 7259, 8622, 10084, 10543, 11916, 16933]","[1311, 2256, 3605, 4597, 5681, 6939, 8352, 9584, 10457, 11681, 12486, 13960, 14957, 16422, 17190]",0.32,124.25,00:00:39,39.31737248413265,0.00215225380359824
