Algorithm,Log Source,Log,P-Value,Min Adaptive Window,Max Adaptive Window,Detected Changepoints,Actual Changepoints for Log,F1-Score,Average Lag,Duration,Duration (Seconds),Seconds per Case
Process Graph Metrics,with_noise_5,log_32_1692952308,0.005,100,600,"[1467, 2246, 3821, 4495, 5545, 6134, 6765, 7305, 8320, 10070, 11753, 12372]","[1486, 2272, 3660, 4340, 5709, 6587, 7907, 8621, 9625, 10324, 11599]",0.6086956521739131,122.42857142857143,00:00:10,10.886086963117123,0.0008561609880548268
