Algorithm,Log Source,Log,P-Value,Min Adaptive Window,Max Adaptive Window,Detected Changepoints,Actual Changepoints for Log,F1-Score,Average Lag,Duration,Duration (Seconds),Seconds per Case
Process Graph Metrics,with_noise_10,log_22_1692952248,0.1,300,500,"[607, 1148, 1688, 2456, 3121, 3786, 4451, 5116, 5796, 6003, 7353, 7665, 7991, 8658, 9418, 9684, 9955, 10215, 11072]","[1244, 2280, 3281, 4625, 6029, 7290, 8171, 9596, 10320]",0.6428571428571429,118.66666666666667,00:00:16,16.21467525884509,0.0013958914651209617
