Algorithm,Log Source,Log,P-Value,Min Adaptive Window,Max Adaptive Window,Detected Changepoints,Actual Changepoints for Log,F1-Score,Average Lag,Duration,Duration (Seconds),Seconds per Case
Process Graph Metrics,without_noise,log_89_1692952588,0.0001,300,700,"[1635, 3575, 6580, 8684, 12592, 13201, 14836, 15796]","[1231, 2194, 3370, 4789, 6034, 6961, 8392, 8969, 10160, 11100, 12512, 13171, 14519, 15691]",0.2727272727272727,71.66666666666667,00:00:29,29.727620301768184,0.0017667669262907515
