Algorithm,Log Source,Log,P-Value,Min Adaptive Window,Max Adaptive Window,Detected Changepoints,Actual Changepoints for Log,F1-Score,Average Lag,Duration,Duration (Seconds),Seconds per Case
Process Graph Metrics,with_noise_10,log_20_1692952238,0.1,100,700,"[1791, 4430, 5594, 7107, 8164, 9415, 11155, 12074, 13976]","[1357, 2105, 3482, 4422, 5484, 6787, 8017, 9381, 10872, 11904, 12802, 13833]",0.5714285714285715,102.0,00:02:36,156.09597797878087,0.010373893665101407
