Algorithm,Log Source,Log,P-Value,Min Adaptive Window,Max Adaptive Window,Detected Changepoints,Actual Changepoints for Log,F1-Score,Average Lag,Duration,Duration (Seconds),Seconds per Case
Process Graph Metrics,without_noise,log_26_1692952272,0.1,200,400,"[432, 864, 1528, 2778, 3228, 3678, 4700, 5360, 5620, 5932, 6691, 7003, 7315, 7702, 8255, 8491, 9013, 9319, 10170, 10620, 11236, 11496, 11756, 12016, 12548, 13929]","[1263, 1769, 2996, 3623, 4914, 5584, 6650, 7268, 8328, 9041, 10411, 11880, 12742]",0.4102564102564103,74.75,00:00:29,29.849355211481452,0.0021331633825113594
