Algorithm,Log Source,Log,P-Value,Min Adaptive Window,Max Adaptive Window,Detected Changepoints,Actual Changepoints for Log,F1-Score,Average Lag,Duration,Duration (Seconds),Seconds per Case
Process Graph Metrics,with_noise_10,log_66_1692952466,0.005,300,500,"[1630, 2080, 2761, 3249, 4678, 5121, 6471, 8688, 9875, 10853, 11526, 13174, 13822, 14998]","[1333, 1858, 3125, 4597, 5145, 6189, 7122, 8601, 9725, 10332, 11494, 12957, 13775, 14782, 15396]",0.4827586206896552,77.85714285714286,00:03:02,182.9292271193117,0.011108837500413657
