Algorithm,Log Source,Log,P-Value,Min Adaptive Window,Max Adaptive Window,Detected Changepoints,Actual Changepoints for Log,F1-Score,Average Lag,Duration,Duration (Seconds),Seconds per Case
Process Graph Metrics,without_noise,log_26_1692952272,0.1,200,700,"[432, 864, 1528, 2929, 3645, 4799, 5442, 6834, 7137, 7431, 7725, 8237, 8769, 10173, 10548, 11398, 11556, 11706, 11856, 12548]","[1263, 1769, 2996, 3623, 4914, 5584, 6650, 7268, 8328, 9041, 10411, 11880, 12742]",0.6060606060606061,110.7,00:00:52,52.88596845045686,0.0037794589044848753
