Algorithm,Log Source,Log,P-Value,Min Adaptive Window,Max Adaptive Window,Detected Changepoints,Actual Changepoints for Log,F1-Score,Average Lag,Duration,Duration (Seconds),Seconds per Case
Process Graph Metrics,with_noise_5,log_36_1692952355,0.0001,400,700,"[1460, 2693, 4381, 5926, 6441, 10342, 11749, 12927, 14206]","[1333, 2559, 3693, 4416, 5763, 6390, 7822, 8817, 10269, 11730, 12843, 13947, 14938]",0.7272727272727274,85.75,00:02:05,125.77091947570443,0.007873969791254268
