Algorithm,Log Source,Log,P-Value,Min Adaptive Window,Max Adaptive Window,Detected Changepoints,Actual Changepoints for Log,F1-Score,Average Lag,Duration,Duration (Seconds),Seconds per Case
Process Graph Metrics,with_noise_5,log_66_1692952466,0.05,300,500,"[943, 1567, 2107, 2647, 3187, 3785, 4735, 5185, 6333, 7069, 8329, 8841, 9989, 10637, 11450, 12238, 13168, 13543, 14158, 14921, 15181]","[1333, 1858, 3125, 4597, 5145, 6189, 7122, 8601, 9725, 10332, 11494, 12957, 13775, 14782, 15396]",0.3888888888888889,88.57142857142857,00:02:09,129.82199850864708,0.007883767444503982
