Algorithm,Log Source,Log,P-Value,Min Adaptive Window,Max Adaptive Window,Detected Changepoints,Actual Changepoints for Log,F1-Score,Average Lag,Duration,Duration (Seconds),Seconds per Case
Process Graph Metrics,with_noise_5,log_66_1692952466,0.05,400,600,"[846, 1729, 2548, 2764, 3173, 3785, 4716, 5117, 6291, 7110, 8608, 8787, 8973, 10203, 10964, 11702, 13347, 13974, 14886, 15209]","[1333, 1858, 3125, 4597, 5145, 6189, 7122, 8601, 9725, 10332, 11494, 12957, 13775, 14782, 15396]",0.6285714285714286,96.72727272727273,00:02:03,123.38950582779944,0.007493138144640763
