Algorithm,Log Source,Log,P-Value,Min Adaptive Window,Max Adaptive Window,Detected Changepoints,Actual Changepoints for Log,F1-Score,Average Lag,Duration,Duration (Seconds),Seconds per Case
Process Graph Metrics,with_noise_10,log_49_1692952403,0.05,400,400,"[1387, 1927, 3535, 4020, 4989, 5535, 7055, 8881, 10424]","[1207, 2115, 3260, 3826, 4852, 5704, 6865, 8311, 8890, 10017, 10880]",0.7000000000000001,152.42857142857142,00:00:09,9.757942643016577,0.0007931352225486936
