Algorithm,Log Source,Log,P-Value,Min Adaptive Window,Max Adaptive Window,Detected Changepoints,Actual Changepoints for Log,F1-Score,Average Lag,Duration,Duration (Seconds),Seconds per Case
Process Graph Metrics,without_noise,log_42_1692952376,0.05,300,400,"[3838, 4986, 6857, 8032, 8407, 12475]","[1465, 2388, 3805, 4827, 5718, 6808, 7871, 8414, 9656, 10599, 11897, 12538]",0.6666666666666666,78.66666666666667,00:00:51,51.45132306031883,0.003697278173348579
