Algorithm,Log Source,Log,P-Value,Min Adaptive Window,Max Adaptive Window,Detected Changepoints,Actual Changepoints for Log,F1-Score,Average Lag,Duration,Duration (Seconds),Seconds per Case
Process Graph Metrics,without_noise,log_66_1692952466,0.1,100,400,"[260, 1276, 1598, 1910, 2571, 3165, 3675, 4927, 5342, 6288, 7110, 8604, 8783, 8973, 9918, 10849, 11516, 13091, 13487, 13862, 14914, 15172, 15483]","[1333, 1858, 3125, 4597, 5145, 6189, 7122, 8601, 9725, 10332, 11494, 12957, 13775, 14782, 15396]",0.6842105263157895,85.76923076923077,00:01:47,107.17074611783028,0.006508213160735427
