Algorithm,Log Source,Log,P-Value,Min Adaptive Window,Max Adaptive Window,Detected Changepoints,Actual Changepoints for Log,F1-Score,Average Lag,Duration,Duration (Seconds),Seconds per Case
Process Graph Metrics,with_noise_5,log_16_1692952213,0.1,200,700,"[1573, 2221, 2873, 4273, 5625, 6481, 7129, 8608, 9486, 10675, 11054, 12012, 13076]","[1356, 2761, 3835, 4592, 5716, 6979, 8389, 9274, 10631, 11912, 13144]",0.4999999999999999,94.16666666666667,00:01:20,80.5998231433332,0.0056328061460153185
