Algorithm,Log Source,Log,P-Value,Min Adaptive Window,Max Adaptive Window,Detected Changepoints,Actual Changepoints for Log,F1-Score,Average Lag,Duration,Duration (Seconds),Seconds per Case
Process Graph Metrics,with_noise_10,log_42_1692952376,0.1,400,700,"[1870, 3420, 4008, 5113, 5776, 7229, 8101, 10176, 12259]","[1465, 2388, 3805, 4827, 5718, 6808, 7871, 8414, 9656, 10599, 11897, 12538]",0.09523809523809525,58.0,00:00:33,33.71644074656069,0.0024228543221156
