Algorithm,Log Source,Log,P-Value,Min Adaptive Window,Max Adaptive Window,Detected Changepoints,Actual Changepoints for Log,F1-Score,Average Lag,Duration,Duration (Seconds),Seconds per Case
Process Graph Metrics,with_noise_10,log_22_1692952248,0.0001,300,700,"[737, 1385, 2575, 3605, 4675, 6071, 7550, 8329, 9674, 10127]","[1244, 2280, 3281, 4625, 6029, 7290, 8171, 9596, 10320]",0.631578947368421,110.33333333333333,00:01:25,85.29153948836029,0.007342591209397407
