Algorithm,Log Source,Log,P-Value,Min Adaptive Window,Max Adaptive Window,Detected Changepoints,Actual Changepoints for Log,F1-Score,Average Lag,Duration,Duration (Seconds),Seconds per Case
Process Graph Metrics,with_noise_10,log_89_1692952588,0.0001,100,400,"[3474, 6125, 8688, 12554, 14572]","[1231, 2194, 3370, 4789, 6034, 6961, 8392, 8969, 10160, 11100, 12512, 13171, 14519, 15691]",0.4210526315789473,72.5,00:01:18,78.24327702261508,0.00465014127080798
