Algorithm,Log Source,Log,P-Value,Min Adaptive Window,Max Adaptive Window,Detected Changepoints,Actual Changepoints for Log,F1-Score,Average Lag,Duration,Duration (Seconds),Seconds per Case
Process Graph Metrics,with_noise_5,log_26_1692952272,0.0001,400,700,"[1694, 3383, 5624, 6770, 7705, 8641, 9521, 10335, 11371, 12150]","[1263, 1769, 2996, 3623, 4914, 5584, 6650, 7268, 8328, 9041, 10411, 11880, 12742]",0.34782608695652173,77.75,00:01:00,60.06573816202581,0.004292556146789524
