Algorithm,Log Source,Log,P-Value,Min Adaptive Window,Max Adaptive Window,Detected Changepoints,Actual Changepoints for Log,F1-Score,Average Lag,Duration,Duration (Seconds),Seconds per Case
Process Graph Metrics,with_noise_10,log_32_1692952308,0.005,200,400,"[1357, 2026, 4645, 5705, 6317, 7279, 8004, 9384, 10503, 11761, 12372]","[1486, 2272, 3660, 4340, 5709, 6587, 7907, 8621, 9625, 10324, 11599]",0.45454545454545453,114.2,00:00:15,15.262647371739149,0.0012003655030860519
