Algorithm,Log Source,Log,P-Value,Min Adaptive Window,Max Adaptive Window,Detected Changepoints,Actual Changepoints for Log,F1-Score,Average Lag,Duration,Duration (Seconds),Seconds per Case
Process Graph Metrics,with_noise_5,log_15_1692952210,0.05,300,500,"[1181, 1529, 2901, 3550, 4198, 4846, 5561, 5803, 5954, 6279, 6882, 7509, 8504]","[1116, 1697, 3004, 4092, 4699, 5989, 7446, 8227]",0.6666666666666667,98.14285714285714,00:00:11,11.71491975709796,0.001205983092145147
