Algorithm,Log Source,Log,P-Value,Min Adaptive Window,Max Adaptive Window,Detected Changepoints,Actual Changepoints for Log,F1-Score,Average Lag,Duration,Duration (Seconds),Seconds per Case
Process Graph Metrics,without_noise,log_7_1692952178,0.05,400,700,"[1736, 3915, 5751, 7230, 10300, 12043, 17148]","[1311, 2256, 3605, 4597, 5681, 6939, 8352, 9584, 10457, 11681, 12486, 13960, 14957, 16422, 17190]",0.27272727272727276,89.66666666666667,00:00:29,29.876311030238867,0.0016354450969038137
