Algorithm,Log Source,Log,P-Value,Min Adaptive Window,Max Adaptive Window,Detected Changepoints,Actual Changepoints for Log,F1-Score,Average Lag,Duration,Duration (Seconds),Seconds per Case
Process Graph Metrics,with_noise_5,log_7_1692952178,0.1,300,700,"[1741, 3865, 4644, 6039, 6966, 8694, 10116, 12024, 14111, 14890]","[1311, 2256, 3605, 4597, 5681, 6939, 8352, 9584, 10457, 11681, 12486, 13960, 14957, 16422, 17190]",0.32,73.0,00:01:27,87.78286832757294,0.004805280727368784
