Algorithm,Log Source,Log,P-Value,Min Adaptive Window,Max Adaptive Window,Detected Changepoints,Actual Changepoints for Log,F1-Score,Average Lag,Duration,Duration (Seconds),Seconds per Case
Process Graph Metrics,with_noise_10,log_35_1692952322,0.05,300,500,"[457, 1120, 1404, 1794, 2079, 2820, 3365, 4177, 4489, 4801, 5113, 6009, 6504, 6945, 7374, 8902, 9582, 10579, 11218, 12593, 13118, 13748, 14378]","[1452, 2862, 3554, 4954, 6341, 7205, 8282, 8926, 10355, 11253, 12328, 13284]",0.5142857142857143,109.88888888888889,00:00:49,49.68589715100825,0.0034188328047208595
