Algorithm,Log Source,Log,P-Value,Min Adaptive Window,Max Adaptive Window,Detected Changepoints,Actual Changepoints for Log,F1-Score,Average Lag,Duration,Duration (Seconds),Seconds per Case
Process Graph Metrics,with_noise_10,log_26_1692952272,0.1,100,400,"[850, 1397, 3149, 3689, 5033, 5618, 6558, 7098, 7657, 8507, 8957, 9507, 10167, 10461, 11267, 11525, 11950, 12567, 14000]","[1263, 1769, 2996, 3623, 4914, 5584, 6650, 7268, 8328, 9041, 10411, 11880, 12742]",0.7499999999999999,110.5,00:00:37,37.16491864994168,0.0026559650289388753
