Algorithm,Log Source,Log,P-Value,Min Adaptive Window,Max Adaptive Window,Detected Changepoints,Actual Changepoints for Log,F1-Score,Average Lag,Duration,Duration (Seconds),Seconds per Case
Process Graph Metrics,with_noise_5,log_22_1692952248,0.0001,200,600,"[763, 1513, 2355, 3312, 3672, 4605, 5568, 7465, 8113, 9625, 10037, 10349]","[1244, 2280, 3281, 4625, 6029, 7290, 8171, 9596, 10320]",0.6666666666666666,59.57142857142857,00:01:02,62.93126246333122,0.005417636231347385
