Algorithm,Log Source,Log,P-Value,Min Adaptive Window,Max Adaptive Window,Detected Changepoints,Actual Changepoints for Log,F1-Score,Average Lag,Duration,Duration (Seconds),Seconds per Case
Process Graph Metrics,without_noise,log_16_1692952213,0.005,300,600,"[1460, 2893, 4528, 5810, 7041, 9733, 10694, 12028, 12941, 13253]","[1356, 2761, 3835, 4592, 5716, 6979, 8389, 9274, 10631, 11912, 13144]",0.761904761904762,93.0,00:02:53,173.24372709728777,0.012107325955502676
