Algorithm,Log Source,Log,P-Value,Min Adaptive Window,Max Adaptive Window,Detected Changepoints,Actual Changepoints for Log,F1-Score,Average Lag,Duration,Duration (Seconds),Seconds per Case
Process Graph Metrics,without_noise,log_16_1692952213,0.1,300,500,"[1540, 2216, 2869, 4322, 7014, 8063, 8603, 9891, 10539, 11513, 11968, 13647, 14276]","[1356, 2761, 3835, 4592, 5716, 6979, 8389, 9274, 10631, 11912, 13144]",0.41666666666666663,95.0,00:00:39,39.79012503474951,0.0027807760874099872
