Algorithm,Log Source,Log,P-Value,Min Adaptive Window,Max Adaptive Window,Detected Changepoints,Actual Changepoints for Log,F1-Score,Average Lag,Duration,Duration (Seconds),Seconds per Case
Process Graph Metrics,without_noise,log_36_1692952355,0.05,200,600,"[1416, 2610, 4256, 6041, 10345, 11857, 13753, 14209, 14667]","[1333, 2559, 3693, 4416, 5763, 6390, 7822, 8817, 10269, 11730, 12843, 13947, 14938]",0.5454545454545455,115.16666666666667,00:00:24,24.371189802885056,0.0015257741064850093
