Algorithm,Log Source,Log,P-Value,Min Adaptive Window,Max Adaptive Window,Detected Changepoints,Actual Changepoints for Log,F1-Score,Average Lag,Duration,Duration (Seconds),Seconds per Case
Process Graph Metrics,without_noise,log_66_1692952466,0.05,100,600,"[260, 1670, 2583, 3174, 3864, 4808, 6341, 6969, 8388, 8620, 8841, 9925, 10375, 10915, 12383, 13218, 13997, 14817, 15033, 15249]","[1333, 1858, 3125, 4597, 5145, 6189, 7122, 8601, 9725, 10332, 11494, 12957, 13775, 14782, 15396]",0.5142857142857143,109.55555555555556,00:01:54,114.45790253952146,0.006950744066285386
