Algorithm,Log Source,Log,P-Value,Min Adaptive Window,Max Adaptive Window,Detected Changepoints,Actual Changepoints for Log,F1-Score,Average Lag,Duration,Duration (Seconds),Seconds per Case
Process Graph Metrics,without_noise,log_89_1692952588,0.0001,100,600,"[3650, 6110, 8651, 12592, 13201, 14581, 15960]","[1231, 2194, 3370, 4789, 6034, 6961, 8392, 8969, 10160, 11100, 12512, 13171, 14519, 15691]",0.38095238095238093,62.0,00:02:10,130.11539761535823,0.007732996411230134
