Algorithm,Log Source,Log,P-Value,Min Adaptive Window,Max Adaptive Window,Detected Changepoints,Actual Changepoints for Log,F1-Score,Average Lag,Duration,Duration (Seconds),Seconds per Case
Process Graph Metrics,with_noise_10,log_49_1692952403,0.1,200,400,"[1387, 1927, 3452, 3847, 5583, 8879]","[1207, 2115, 3260, 3826, 4852, 5704, 6865, 8311, 8890, 10017, 10880]",0.7058823529411764,118.83333333333333,00:00:48,48.943193735554814,0.003978151161144015
