Algorithm,Log Source,Log,P-Value,Min Adaptive Window,Max Adaptive Window,Detected Changepoints,Actual Changepoints for Log,F1-Score,Average Lag,Duration,Duration (Seconds),Seconds per Case
Process Graph Metrics,with_noise_5,log_66_1692952466,0.0001,300,400,"[1651, 3192, 4864, 6242, 6560, 9965, 11535, 13175, 13579, 15839]","[1333, 1858, 3125, 4597, 5145, 6189, 7122, 8601, 9725, 10332, 11494, 12957, 13775, 14782, 15396]",0.32,89.25,00:02:34,154.1972311772406,0.009364014767549682
