Algorithm,Log Source,Log,P-Value,Min Adaptive Window,Max Adaptive Window,Detected Changepoints,Actual Changepoints for Log,F1-Score,Average Lag,Duration,Duration (Seconds),Seconds per Case
Process Graph Metrics,with_noise_10,log_89_1692952588,0.1,100,500,"[1398, 3249, 5065, 6106, 6652, 8583, 10445, 12524, 13193, 15767]","[1231, 2194, 3370, 4789, 6034, 6961, 8392, 8969, 10160, 11100, 12512, 13171, 14519, 15691]",0.5833333333333334,94.42857142857143,00:00:27,27.08251845650375,0.0016095636786225929
