Algorithm,Log Source,Log,P-Value,Min Adaptive Window,Max Adaptive Window,Detected Changepoints,Actual Changepoints for Log,F1-Score,Average Lag,Duration,Duration (Seconds),Seconds per Case
Process Graph Metrics,with_noise_10,log_66_1692952466,0.1,400,500,"[1598, 1912, 2380, 3140, 4309, 4692, 5142, 6238, 6610, 7210, 8442, 8673, 9663, 9993, 10305, 11524, 12145, 13095, 13548, 14026, 14954, 15270, 15625, 16523]","[1333, 1858, 3125, 4597, 5145, 6189, 7122, 8601, 9725, 10332, 11494, 12957, 13775, 14782, 15396]",0.6666666666666667,71.61538461538461,00:01:36,96.11275416985154,0.005836688781797021
