Algorithm,Log Source,Log,P-Value,Min Adaptive Window,Max Adaptive Window,Detected Changepoints,Actual Changepoints for Log,F1-Score,Average Lag,Duration,Duration (Seconds),Seconds per Case
Process Graph Metrics,with_noise_10,log_49_1692952403,0.1,200,700,"[1387, 1927, 3564, 5292, 6885, 8605, 10569]","[1207, 2115, 3260, 3826, 4852, 5704, 6865, 8311, 8890, 10017, 10880]",0.33333333333333326,129.33333333333334,00:00:46,46.01242260821164,0.0037399351872073184
