Algorithm,Log Source,Log,P-Value,Min Adaptive Window,Max Adaptive Window,Detected Changepoints,Actual Changepoints for Log,F1-Score,Average Lag,Duration,Duration (Seconds),Seconds per Case
Process Graph Metrics,without_noise,log_66_1692952466,0.1,200,400,"[1592, 1967, 2547, 2763, 3168, 3783, 4873, 5227, 6243, 6901, 8317, 8631, 9923, 10373, 10913, 11934, 13109, 13487, 13862, 14914, 15172, 15483]","[1333, 1858, 3125, 4597, 5145, 6189, 7122, 8601, 9725, 10332, 11494, 12957, 13775, 14782, 15396]",0.5945945945945945,92.27272727272727,00:01:08,68.92342226393521,0.004185548203311787
