Algorithm,Log Source,Log,P-Value,Min Adaptive Window,Max Adaptive Window,Detected Changepoints,Actual Changepoints for Log,F1-Score,Average Lag,Duration,Duration (Seconds),Seconds per Case
Process Graph Metrics,without_noise,log_26_1692952272,0.1,400,600,"[750, 1593, 2841, 3645, 4505, 4979, 5592, 6795, 7157, 7742, 8249, 9064, 10219, 11365, 11663, 11843, 12133]","[1263, 1769, 2996, 3623, 4914, 5584, 6650, 7268, 8328, 9041, 10411, 11880, 12742]",0.7333333333333334,92.0909090909091,00:00:47,47.89437350444496,0.003422738047912882
