Algorithm,Log Source,Log,P-Value,Min Adaptive Window,Max Adaptive Window,Detected Changepoints,Actual Changepoints for Log,F1-Score,Average Lag,Duration,Duration (Seconds),Seconds per Case
Process Graph Metrics,with_noise_10,log_89_1692952588,0.005,300,700,"[1509, 3390, 5078, 6606, 8630, 10488, 12540, 13199, 14779, 15805]","[1231, 2194, 3370, 4789, 6034, 6961, 8392, 8969, 10160, 11100, 12512, 13171, 14519, 15691]",0.3333333333333333,47.5,00:02:08,128.88163428753614,0.007659671596786886
