Algorithm,Log Source,Log,P-Value,Min Adaptive Window,Max Adaptive Window,Detected Changepoints,Actual Changepoints for Log,F1-Score,Average Lag,Duration,Duration (Seconds),Seconds per Case
Process Graph Metrics,with_noise_10,log_76_1692952523,0.05,400,400,"[975, 1155, 1335, 1577, 2134, 2314, 3254, 3972, 5820, 6003, 6356, 6568, 6874, 7874]","[1179, 1765, 3121, 4586, 5250, 6506, 7495]",0.38095238095238093,101.75,00:00:09,9.313460353761911,0.0010605170068050456
