Algorithm,Log Source,Log,P-Value,Min Adaptive Window,Max Adaptive Window,Detected Changepoints,Actual Changepoints for Log,F1-Score,Average Lag,Duration,Duration (Seconds),Seconds per Case
Process Graph Metrics,without_noise,log_32_1692952308,0.1,300,700,"[492, 1029, 1479, 2019, 2559, 3488, 3760, 4073, 4385, 4697, 5658, 6258, 6678, 7197, 7716, 8911, 10275, 11754, 12533]","[1486, 2272, 3660, 4340, 5709, 6587, 7907, 8621, 9625, 10324, 11599]",0.5333333333333333,86.125,00:00:04,4.292608188465238,0.00033760190235668404
