Algorithm,Log Source,Log,Complete-Window Size,Detection-Window Size,Stable Period,Detected Changepoints,Actual Changepoints for Log,F1-Score,Average Lag,Duration,Duration (Seconds),Seconds per Case
LCDD,with_noise_15,log_56_1687182007,100,100,200,"[101, 202, 303, 405, 505, 624, 736, 841, 944, 1047, 1151, 1259, 1361, 1462, 1563, 1665, 1767, 1871, 1977, 2077, 2179, 2283, 2385, 2485, 2587]","[999, 1336]",0.14814814814814814,36.5,00:00:00,0.07991302199661732,2.9663334074468197e-05
