Algorithm,Log Source,Log,Complete-Window Size,Detection-Window Size,Stable Period,Detected Changepoints,Actual Changepoints for Log,F1-Score,Average Lag,Duration,Duration (Seconds),Seconds per Case
LCDD,without_noise,log_20_1692952238,200,200,20,"[5488, 6789, 7096, 7306, 7531, 7878, 8082, 9383, 9591, 9943, 10315, 10527, 10742, 10942, 11904, 12187, 12538, 12829, 13029, 13260, 13464, 13689, 13900, 14135, 14335, 14612, 14845]","[1357, 2105, 3482, 4422, 5484, 6787, 8017, 9381, 10872, 11904, 12802, 13833]",0.41025641025641024,29.625,00:00:00,0.34981099888682365,2.3247889870859552e-05
