Algorithm,Log Source,Log,Complete-Window Size,Detection-Window Size,Stable Period,Detected Changepoints,Actual Changepoints for Log,F1-Score,Average Lag,Duration,Duration (Seconds),Seconds per Case
LCDD,with_noise_10,log_76_1687182037,200,200,200,"[208, 538, 807, 1015, 1222, 1428, 1632, 1836, 2040, 2283, 2487, 2731, 2939, 3148]","[1056, 1741, 2740]",0.35294117647058826,48.333333333333336,00:00:00,0.035092306323349476,1.0721755674717225e-05
