Algorithm,Log Source,Log,Complete-Window Size,Detection-Window Size,Stable Period,Detected Changepoints,Actual Changepoints for Log,F1-Score,Average Lag,Duration,Duration (Seconds),Seconds per Case
LCDD,with_noise_10,log_77_1692952527,300,300,200,"[304, 619, 938, 1252, 1555, 1855, 2166, 2479, 2810, 3126, 3449, 3756, 4057, 4380, 4697, 5037, 5338, 5643, 5949, 6250, 6554, 6864, 7171, 7471, 7773, 8079, 8382, 8686, 9036, 9342, 9650, 9950, 10250, 10557, 10861, 11176, 11482]","[1150, 2081, 3258, 3936, 4990, 6332, 7232, 8267, 9297, 10336]",0.4255319148936171,87.6,00:00:00,0.9118379391729832,7.933854860984801e-05
