Algorithm,Log Source,Log,Complete-Window Size,Detection-Window Size,Stable Period,Detected Changepoints,Actual Changepoints for Log,F1-Score,Average Lag,Duration,Duration (Seconds),Seconds per Case
LCDD,with_noise_5,log_45_1692952392,100,100,100,"[103, 208, 311, 411, 513, 624, 726, 829, 930, 1030, 1134, 1243, 1345, 1446, 1546, 1649, 1753, 1853, 1953, 2053, 2155, 2257, 2365, 2468, 2570, 2682, 2783, 2883, 2989, 3093, 3199, 3300, 3402, 3503, 3604, 3713, 3814, 3924, 4026, 4132, 4236, 4336, 4447, 4550, 4653, 4764, 4867, 4975, 5089, 5189, 5295, 5401, 5503, 5603]","[1127, 2438, 2995, 4480]",0.13793103448275862,19.0,00:00:00,0.11472352407872677,2.040254740863005e-05
