Algorithm,Log Source,Log,Complete-Window Size,Detection-Window Size,Stable Period,Detected Changepoints,Actual Changepoints for Log,F1-Score,Average Lag,Duration,Duration (Seconds),Seconds per Case
LCDD,with_noise_10,log_63_1687182017,100,100,5,"[103, 205, 311, 420, 526, 626, 741, 847, 951, 1069, 1184, 1286, 1392, 1492, 1615, 1717, 1819, 1931, 2033, 2141, 2243, 2344, 2444, 2550, 2654, 2757, 2857, 2964, 3068, 3168, 3287, 3400, 3512, 3615, 3716, 3826, 3926, 4027, 4128, 4232]","[727, 968, 1760, 2588, 2871]",0.2222222222222222,25.2,00:00:00,0.02814363408833742,6.626709227298663e-06
