Algorithm,Log Source,Log,Complete-Window Size,Detection-Window Size,Stable Period,Detected Changepoints,Actual Changepoints for Log,F1-Score,Average Lag,Duration,Duration (Seconds),Seconds per Case
LCDD,with_noise_5,log_40_1687181982,100,100,100,"[104, 206, 314, 429, 540, 643, 746, 855, 965, 1084, 1204, 1309, 1413, 1535, 1635, 1735, 1838, 1948, 2066, 2172, 2280, 2387, 2506, 2624, 2724, 2849, 2960, 3079, 3186, 3305, 3410, 3514, 3630, 3745, 3873, 3994, 4097, 4198, 4310, 4415]","[1205, 2115, 3442]",0.13953488372093023,27.333333333333332,00:00:00,0.0361182140186429,8.035197779453371e-06
