Algorithm,Log Source,Log,Complete-Window Size,Detection-Window Size,Stable Period,Detected Changepoints,Actual Changepoints for Log,F1-Score,Average Lag,Duration,Duration (Seconds),Seconds per Case
LCDD,with_noise_10,log_22_1692952248,200,200,20,"[202, 415, 616, 831, 1048, 1251, 1453, 1658, 1859, 2065, 2267, 2467, 2669, 2871, 3073, 3274, 3482, 3691, 3894, 4105, 4308, 4521, 4722, 4922, 5122, 5322, 5522, 5722, 5926, 6134, 6339, 6539, 6744, 6958, 7158, 7366, 7571, 7775, 7982, 8184, 8389, 8591, 8793, 8994, 9194, 9399, 9600, 9805, 10007, 10209, 10420, 10625, 10830, 11030, 11230, 11441]","[1244, 2280, 3281, 4625, 6029, 7290, 8171, 9596, 10320]",0.27692307692307694,46.666666666666664,00:00:00,0.3659219276160002,3.1501543355371915e-05
