Algorithm,Log Source,Log,Complete-Window Size,Detection-Window Size,Stable Period,Detected Changepoints,Actual Changepoints for Log,F1-Score,Average Lag,Duration,Duration (Seconds),Seconds per Case
LCDD,with_noise_10,log_17_1692952221,200,200,10,"[200, 401, 606, 834, 1045, 1252, 1456, 1664, 1884, 2093, 2299, 2526, 2731, 2934, 3136, 3351, 3554, 3758, 3960, 4161, 4370, 4575, 4776, 4977, 5177, 5381, 5596, 5806, 6013, 6213, 6425, 6634, 6834, 7038, 7243, 7448, 7648, 7850]","[1444, 2772, 3489, 4826, 6062, 6751]",0.2727272727272727,50.0,00:00:00,0.09062172286212444,1.1310749233914683e-05
