Algorithm,Log Source,Log,Complete-Window Size,Detection-Window Size,Stable Period,Detected Changepoints,Actual Changepoints for Log,F1-Score,Average Lag,Duration,Duration (Seconds),Seconds per Case
LCDD,with_noise_5,log_61_1692952452,200,200,10,"[206, 465, 665, 911, 1114, 1336, 1546, 1822, 2022, 2235, 2456, 2662, 2870, 3083, 3318, 3521, 3845, 4149, 4427, 4683, 4895, 5115, 5365, 5637, 5850, 6120, 6329, 6575, 6795, 7004, 7248, 7448, 7682, 7897, 8155, 8380, 8582, 8788, 8988, 9338, 9561, 9784, 9987, 10192, 10411, 10611, 10831, 11031, 11251, 11456, 11662, 11867, 12118, 12330, 12536, 12747, 12979, 13197, 13408, 13638, 13905, 14109, 14322, 14524, 14731, 14972, 15199, 15408, 15628, 15831, 16071, 16309, 16524]","[1461, 2278, 3644, 4850, 6300, 7761, 9161, 9996, 11400, 11926, 13119, 13979, 15446]",0.3023255813953488,68.53846153846153,00:00:00,0.11717181280255318,7.070895709525869e-06
