Algorithm,Log Source,Log,Complete-Window Size,Detection-Window Size,Stable Period,Detected Changepoints,Actual Changepoints for Log,F1-Score,Average Lag,Duration,Duration (Seconds),Seconds per Case
LCDD,without_noise,log_89_1692952588,1200,1200,10,"[1230, 3369, 6082, 8392, 10159, 12511, 14519]","[1231, 2194, 3370, 4789, 6034, 6961, 8392, 8969, 10160, 11100, 12512, 13171, 14519, 15691]",0.6666666666666666,7.428571428571429,00:00:00,0.35735088773071766,2.1238017813545563e-05
