Algorithm,Log Source,Log,Complete-Window Size,Detection-Window Size,Stable Period,Detected Changepoints,Actual Changepoints for Log,F1-Score,Average Lag,Duration,Duration (Seconds),Seconds per Case
LCDD,with_noise_10,log_50_1687182000,300,300,100,"[305, 614, 924, 1224, 1553, 1875, 2197, 2506, 2809, 3121, 3424, 3731, 4037, 4345, 4670, 4970]","[1406, 1636, 2269, 2506, 3766]",0.47619047619047616,74.4,00:00:00,0.18448860850185156,3.516077920751888e-05
