Algorithm,Log Source,Log,Complete-Window Size,Detection-Window Size,Stable Period,Detected Changepoints,Actual Changepoints for Log,F1-Score,Average Lag,Duration,Duration (Seconds),Seconds per Case
LCDD,with_noise_20,log_68_1687182024,100,100,100,"[100, 202, 304, 406, 507, 607, 708, 809, 910, 1011, 1116, 1219, 1327, 1428, 1528, 1630, 1732, 1833, 1933, 2033, 2134, 2237, 2339, 2439, 2539, 2643, 2746, 2846, 2946, 3046, 3146, 3249, 3352, 3452, 3552, 3654, 3756, 3857, 3961, 4062, 4162, 4269, 4370, 4472]","[896, 1272, 1818, 2030, 2923, 3240]",0.24000000000000002,19.5,00:00:00,0.1496780626475811,3.3136608954523155e-05
