Algorithm,Log Source,Log,Complete-Window Size,Detection-Window Size,Stable Period,Detected Changepoints,Actual Changepoints for Log,F1-Score,Average Lag,Duration,Duration (Seconds),Seconds per Case
LCDD,with_noise_10,log_18_1692952223,100,100,200,"[101, 210, 311, 413, 516, 619, 721, 840, 941, 1045, 1150, 1255, 1358, 1459, 1564, 1674, 1778, 1880, 1983, 2089, 2189, 2289, 2390, 2491, 2601, 2703, 2807, 2907, 3011, 3111, 3219, 3321, 3421, 3526, 3630, 3745, 3846, 3947, 4051, 4153, 4256, 4358, 4463, 4564, 4666, 4775, 4875, 4978, 5079, 5179, 5280, 5383, 5501, 5611, 5714, 5818, 5931, 6041, 6144, 6253, 6377, 6478, 6583, 6687, 6791, 6898, 7005, 7105, 7211, 7318, 7419, 7525, 7633, 7734, 7834, 7976, 8079, 8179, 8280, 8388, 8490, 8591, 8692, 8792, 8896, 9000, 9112, 9214, 9320, 9421, 9523, 9626, 9726, 9829, 9934, 10034, 10137, 10249, 10354, 10459, 10565, 10675, 10777, 10902, 11017, 11120, 11221, 11322, 11423]","[1389, 2280, 3635, 4421, 5728, 7035, 7597, 8723, 9996]",0.15254237288135594,26.22222222222222,00:00:00,0.22486584819853306,1.956546142856809e-05
