Algorithm,Log Source,Log,Complete-Window Size,Detection-Window Size,Stable Period,Detected Changepoints,Actual Changepoints for Log,F1-Score,Average Lag,Duration,Duration (Seconds),Seconds per Case
LCDD,with_noise_15,log_91_1687182059,300,300,150,"[302, 604, 904, 1206, 1506, 1809, 2112, 2412, 2714, 3017, 3317, 3618, 3924, 4232, 4537, 4837, 5138]","[806, 1021, 2361, 2754, 3407, 3685]",0.5217391304347826,88.5,00:00:00,0.24267087783664465,4.7193869668736805e-05
