Algorithm,Log Source,Log,Complete-Window Size,Detection-Window Size,Stable Period,Detected Changepoints,Actual Changepoints for Log,F1-Score,Average Lag,Duration,Duration (Seconds),Seconds per Case
LCDD,with_noise_10,log_40_1692952371,100,100,100,"[104, 204, 307, 408, 513, 613, 720, 832, 934, 1035, 1135, 1237, 1345, 1447, 1551, 1673, 1782, 1890, 1998, 2104, 2214, 2315, 2418, 2519, 2619, 2721, 2831, 2932, 3039, 3151, 3256, 3357, 3460, 3568, 3670, 3773, 3877, 3978, 4079, 4179, 4286, 4389, 4489, 4589, 4696, 4796, 4906, 5007, 5109, 5210, 5310, 5412, 5523, 5631, 5731, 5836, 5937, 6040, 6159, 6279]","[1129, 1871, 3306, 4382, 5293]",0.15384615384615385,19.8,00:00:00,0.09365743212401867,1.4726011340254508e-05
