Algorithm,Log Source,Log,Complete-Window Size,Detection-Window Size,Stable Period,Detected Changepoints,Actual Changepoints for Log,F1-Score,Average Lag,Duration,Duration (Seconds),Seconds per Case
LCDD,with_noise_5,log_69_1692952502,800,800,150,"[808, 1698, 2514, 3351, 4205, 5023, 5840, 6697, 7509, 8329, 9148, 9965, 10811]","[1487, 2098, 3497, 4638, 5779, 6664, 7725, 9125, 9901]",0.4545454545454546,65.4,00:00:00,0.3550375010818243,3.191348324331005e-05
