Algorithm,Log Source,Log,Complete-Window Size,Detection-Window Size,Stable Period,Detected Changepoints,Actual Changepoints for Log,F1-Score,Average Lag,Duration,Duration (Seconds),Seconds per Case
LCDD,with_noise_5,log_56_1692952426,200,200,100,"[201, 461, 690, 898, 1098, 1316, 1540, 1790, 2012, 2224, 2424, 2630, 2838, 3044, 3357, 3681, 3954, 4172, 4393, 4640, 4899, 5110, 5344, 5551, 5876, 6135, 6335, 6634, 6844, 7073, 7317, 7521, 7731, 8008, 8231, 8447, 8658, 8872, 9079, 9328, 9548, 9753, 10052, 10360, 10571, 10884, 11160]","[1162, 2602, 3692, 5083, 5750, 6960, 8196, 9356, 10281]",0.32142857142857145,56.77777777777778,00:00:00,0.1444988902658224,1.271325798573134e-05
