Algorithm,Log Source,Log,Complete-Window Size,Detection-Window Size,Stable Period,Detected Changepoints,Actual Changepoints for Log,F1-Score,Average Lag,Duration,Duration (Seconds),Seconds per Case
LCDD,with_noise_10,log_19_1692952228,200,200,20,"[202, 406, 618, 833, 1046, 1249, 1453, 1660, 1862, 2063, 2268, 2469, 2684, 2884, 3086, 3299, 3499, 3699, 3902, 4105, 4310, 4519, 4736, 4941, 5141, 5350, 5554, 5758, 5969, 6170, 6372, 6573, 6775, 6980, 7180, 7382, 7586, 7787, 7987]","[1474, 2389, 3492, 4788, 5647, 7050]",0.2666666666666667,53.833333333333336,00:00:00,0.4036956671625376,4.961844483315359e-05
