Algorithm,Log Source,Log,Complete-Window Size,Detection-Window Size,Stable Period,Detected Changepoints,Actual Changepoints for Log,F1-Score,Average Lag,Duration,Duration (Seconds),Seconds per Case
LCDD,with_noise_10,log_6_1692952173,100,100,100,"[100, 202, 303, 406, 512, 614, 716, 818, 918, 1020, 1131, 1231, 1339, 1445, 1551, 1660, 1765, 1866, 1966, 2068, 2178, 2290, 2391, 2507, 2607, 2707, 2818, 2918, 3027, 3131, 3233, 3341, 3453, 3557, 3661, 3766, 3880, 3980, 4082, 4182, 4283, 4384, 4485, 4586, 4696, 4805, 4918, 5020, 5125, 5226, 5327, 5431, 5538, 5639, 5740, 5841, 5941, 6041, 6144, 6245, 6363, 6469, 6575, 6677, 6786, 6888, 7020, 7122, 7223, 7323, 7435, 7536, 7642, 7752, 7874, 7978, 8086, 8191, 8300, 8405, 8515, 8615, 8716, 8829, 8930, 9034, 9144, 9247, 9347, 9450, 9552, 9676, 9779, 9885, 9998, 10099, 10199, 10304, 10404, 10506]","[1350, 1920, 3342, 4346, 5008, 6173, 7280, 8196, 9350]",0.16513761467889906,20.88888888888889,00:00:00,0.18532832711935043,1.7477209271911583e-05
