Algorithm,Log Source,Log,Complete-Window Size,Detection-Window Size,Stable Period,Detected Changepoints,Actual Changepoints for Log,F1-Score,Average Lag,Duration,Duration (Seconds),Seconds per Case
LCDD,with_noise_5,log_65_1692952464,100,100,150,"[100, 205, 307, 420, 524, 628, 731, 831, 940, 1041, 1158, 1261, 1361, 1462, 1563, 1663, 1768, 1871, 1984, 2093, 2197, 2300, 2401, 2509, 2609, 2712, 2814, 2917, 3029, 3132, 3250, 3362, 3466, 3580, 3680, 3809, 3919, 4020, 4122, 4223, 4333, 4433, 4552, 4652, 4775, 4894, 4999, 5104, 5207, 5319, 5434, 5536, 5687, 5789, 5889, 5993, 6099, 6203, 6311, 6425]","[1326, 2439, 3162, 4414, 5355]",0.15384615384615385,31.6,00:00:00,0.08732841722667217,1.3566633094092306e-05
