Algorithm,Log Source,Log,Complete-Window Size,Detection-Window Size,Stable Period,Detected Changepoints,Actual Changepoints for Log,F1-Score,Average Lag,Duration,Duration (Seconds),Seconds per Case
LCDD,with_noise_10,log_13_1687181932,100,100,100,"[155, 256, 430, 543, 643, 765, 866, 974, 1081, 1184, 1347, 1469, 1581, 1709, 1836, 1970, 2071, 2182, 2305, 2411, 2511, 2613, 2714, 2830, 2936, 3042, 3146, 3251, 3424, 3531, 3650, 3752, 3861, 4019, 4134, 4236, 4340]","[627, 835, 1407, 2856, 3239]",0.2380952380952381,29.0,00:00:00,0.07611806876957417,1.7143709182336525e-05
