Algorithm,Log Source,Log,Complete-Window Size,Detection-Window Size,Stable Period,Detected Changepoints,Actual Changepoints for Log,F1-Score,Average Lag,Duration,Duration (Seconds),Seconds per Case
LCDD,without_noise,log_67_1692952494,100,100,150,"[141, 244, 410, 518, 626, 814, 915, 1154, 1256, 1392, 1565, 1678, 1902, 2077, 2177, 2323, 2477, 2658, 2758, 2951, 3128, 3228, 3332, 3547, 3698, 3819, 3990, 4189, 4290, 4439, 4539, 4712, 4840, 4940, 5070, 5219, 5332, 5432, 5560, 5684, 5784, 5884, 6039, 6173, 6289, 6474, 6598, 6704, 6804, 6969, 7069, 7181, 7281, 7406, 7506, 7624, 7743, 7895, 8036, 8171, 8272, 8380, 8499, 8629, 8729, 8867, 8978, 9134, 9240, 9340, 9498, 9616, 9776, 9970, 10070, 10199, 10310, 10410]","[1312, 2743, 3889, 5271, 5852, 7181, 7712, 9147]",0.18604651162790695,33.625,00:00:00,0.2602470014244318,2.4700740454103245e-05
