Algorithm,Log Source,Log,Complete-Window Size,Detection-Window Size,Stable Period,Detected Changepoints,Actual Changepoints for Log,F1-Score,Average Lag,Duration,Duration (Seconds),Seconds per Case
LCDD,with_noise_10,log_17_1687181934,100,100,200,"[105, 207, 310, 415, 520, 623, 723, 825, 930, 1032, 1133, 1235, 1339, 1439, 1541, 1642, 1750, 1852, 1954, 2054, 2159, 2262, 2362, 2462, 2569, 2672, 2773, 2873, 2973, 3075, 3175, 3281, 3381, 3482, 3588, 3689, 3791, 3891, 3998, 4101, 4206, 4311, 4413, 4513, 4613, 4720, 4820]","[975, 1309, 2437, 2652, 3899]",0.1923076923076923,25.6,00:00:00,0.16693796776235104,3.429292682053226e-05
