Algorithm,Log Source,Log,Complete-Window Size,Detection-Window Size,Stable Period,Detected Changepoints,Actual Changepoints for Log,F1-Score,Average Lag,Duration,Duration (Seconds),Seconds per Case
LCDD,with_noise_5,log_13_1692952198,200,200,200,"[200, 407, 622, 825, 1030, 1230, 1434, 1640, 1840, 2041, 2242, 2449, 2650, 2853, 3059, 3284, 3510, 3714, 3927, 4176, 4380, 4599, 4810, 5020, 5245, 5445, 5647, 5848, 6049, 6252, 6463, 6670, 6870, 7070, 7274, 7480, 7684, 7885, 8095, 8300, 8505, 8710, 8910, 9135, 9336, 9547, 9755, 9959, 10168, 10370, 10574, 10774]","[1285, 2064, 3509, 4569, 6017, 7324, 8391, 9657]",0.2666666666666667,47.5,00:00:00,0.4287221282720566,3.978121260759549e-05
