Algorithm,Log Source,Log,Complete-Window Size,Detection-Window Size,Stable Period,Detected Changepoints,Actual Changepoints for Log,F1-Score,Average Lag,Duration,Duration (Seconds),Seconds per Case
LCDD,without_noise,log_17_1687181934,100,100,50,"[113, 215, 324, 444, 545, 647, 764, 867, 973, 1073, 1179, 1282, 1404, 1505, 1613, 1715, 1817, 1918, 2018, 2139, 2239, 2354, 2474, 2581, 2691, 2808, 2961, 3068, 3190, 3303, 3422, 3562, 3667, 3785, 3893, 3998, 4112, 4216, 4334, 4451, 4556, 4658, 4767]","[975, 1309, 2437, 2652, 3899]",0.20833333333333334,22.2,00:00:00,0.1661404613405466,3.4129100521887145e-05
