Algorithm,Log Source,Log,Complete-Window Size,Detection-Window Size,Stable Period,Detected Changepoints,Actual Changepoints for Log,F1-Score,Average Lag,Duration,Duration (Seconds),Seconds per Case
LCDD,with_noise_5,log_46_1687181991,100,100,10,"[102, 246, 362, 468, 571, 673, 781, 907, 1009, 1113, 1228, 1347, 1456, 1556, 1683, 1794, 1898, 2028, 2135, 2244, 2345, 2458, 2649, 2755, 2866, 2968, 3073, 3177, 3277, 3379, 3480, 3581, 3704, 3815, 3917, 4017, 4125, 4230, 4354, 4461, 4565]","[808, 1008, 2422, 3892]",0.17777777777777776,22.25,00:00:00,0.08795938082039356,1.9005916339756605e-05
