Algorithm,Log Source,Log,Complete-Window Size,Detection-Window Size,Stable Period,Detected Changepoints,Actual Changepoints for Log,F1-Score,Average Lag,Duration,Duration (Seconds),Seconds per Case
LCDD,with_noise_10,log_35_1687181968,300,300,200,"[351, 691, 992, 1297, 1606, 1922, 2222, 2544, 2847, 3150, 3473, 3786, 4120, 4424, 4782, 5092, 5393]","[842, 1057, 2418, 2651, 3788, 4180]",0.5217391304347826,96.83333333333333,00:00:00,0.04983911942690611,8.876067573803403e-06
