Algorithm,Log Source,Log,Complete-Window Size,Detection-Window Size,Stable Period,Detected Changepoints,Actual Changepoints for Log,F1-Score,Average Lag,Duration,Duration (Seconds),Seconds per Case
LCDD,with_noise_5,log_72_1692952515,100,100,20,"[113, 214, 323, 430, 537, 660, 760, 876, 977, 1080, 1188, 1290, 1409, 1535, 1689, 1798, 1900, 2014, 2134, 2240, 2359, 2465, 2566, 2683, 2819, 2935, 3035, 3148, 3251, 3372, 3474, 3672, 3776, 3879, 3988, 4099, 4203, 4315, 4438, 4540, 4641, 4758, 4866, 4988, 5088, 5255, 5377, 5526, 5722, 5852, 5952, 6061, 6165, 6270, 6370, 6473, 6575, 6690, 6811, 6934, 7049, 7194, 7294, 7397, 7497, 7611, 7735, 7858, 7982, 8083, 8226, 8347, 8465, 8600, 8700, 8805, 8908, 9015, 9118, 9230, 9334, 9440, 9540, 9654, 9759, 9872, 9976, 10080, 10188, 10294, 10399, 10501, 10617, 10734, 10837, 10966, 11078, 11182, 11283]","[1301, 2400, 3024, 4162, 5434, 6322, 7584, 8880, 10111]",0.16666666666666669,32.77777777777778,00:00:00,0.3938556797802448,3.47407320966962e-05
