Algorithm,Log Source,Log,Complete-Window Size,Detection-Window Size,Stable Period,Detected Changepoints,Actual Changepoints for Log,F1-Score,Average Lag,Duration,Duration (Seconds),Seconds per Case
LCDD,with_noise_20,log_63_1687182017,100,100,200,"[102, 204, 304, 408, 508, 608, 708, 808, 912, 1012, 1120, 1220, 1321, 1423, 1527, 1630, 1731, 1834, 1941, 2043, 2145, 2247, 2350, 2450, 2553, 2653, 2755, 2855, 2957, 3063, 3168, 3272, 3377, 3479, 3581, 3682, 3782, 3882, 3984, 4094, 4197]","[727, 968, 1760, 2588, 2871]",0.21739130434782605,28.6,00:00:00,0.06693464610725641,1.5760453521840455e-05
