Algorithm,Log Source,Log,Complete-Window Size,Detection-Window Size,Stable Period,Detected Changepoints,Actual Changepoints for Log,F1-Score,Average Lag,Duration,Duration (Seconds),Seconds per Case
LCDD,with_noise_5,log_45_1692952392,300,300,100,"[323, 624, 930, 1243, 1555, 1857, 2159, 2468, 2772, 3082, 3383, 3726, 4026, 4333, 4633, 4939, 5245, 5568]","[1127, 2438, 2995, 4480]",0.3636363636363636,95.0,00:00:00,0.11714115925133228,2.0832502089868803e-05
