Algorithm,Log Source,Log,Complete-Window Size,Detection-Window Size,Stable Period,Detected Changepoints,Actual Changepoints for Log,F1-Score,Average Lag,Duration,Duration (Seconds),Seconds per Case
LCDD,with_noise_5,log_48_1692952401,200,200,5,"[202, 412, 646, 859, 1066, 1310, 1548, 1778, 1993, 2236, 2479, 2696, 2931, 3134, 3359, 3644, 3905, 4183, 4495, 4782, 5024, 5276, 5540, 5826]","[1100, 2192, 3088, 4584]",0.2857142857142857,53.25,00:00:00,0.0952741727232933,1.578432285011486e-05
