Algorithm,Log Source,Log,Complete-Window Size,Detection-Window Size,Stable Period,Detected Changepoints,Actual Changepoints for Log,F1-Score,Average Lag,Duration,Duration (Seconds),Seconds per Case
LCDD,with_noise_5,log_82_1692952560,400,400,150,"[403, 805, 1210, 1618, 2020, 2422, 2833, 3233, 3647, 4066, 4470, 4870, 5281, 5688, 6113, 6518, 6920]","[1360, 1891, 3328, 4126, 5282, 6014]",0.5217391304347826,89.0,00:00:00,0.15658521838486195,2.2226432701896656e-05
