Algorithm,Log Source,Log,Complete-Window Size,Detection-Window Size,Stable Period,Detected Changepoints,Actual Changepoints for Log,F1-Score,Average Lag,Duration,Duration (Seconds),Seconds per Case
LCDD,with_noise_10,log_95_1687182068,100,100,50,"[101, 204, 306, 406, 510, 614, 714, 817, 917, 1018, 1123, 1225, 1327, 1427, 1544, 1645, 1746, 1850, 1961, 2063, 2164, 2272, 2372, 2475, 2578, 2679, 2780, 2882, 2984, 3090, 3193, 3300, 3402, 3502, 3608, 3714, 3820, 3922, 4029, 4129, 4229, 4329, 4430, 4531, 4631, 4733, 4835, 4944, 5046, 5146, 5247, 5349, 5452, 5560]","[561, 936, 2338, 2712, 4212]",0.1694915254237288,30.8,00:00:00,0.24291296768933535,4.306204000874585e-05
