Algorithm,Log Source,Log,Complete-Window Size,Detection-Window Size,Stable Period,Detected Changepoints,Actual Changepoints for Log,F1-Score,Average Lag,Duration,Duration (Seconds),Seconds per Case
LCDD,with_noise_10,log_90_1692952603,200,200,150,"[230, 435, 657, 877, 1078, 1281, 1487, 1687, 1895, 2118, 2319, 2565, 2785, 2999, 3234, 3447, 3671, 3873, 4088, 4310, 4521, 4738, 4995, 5198, 5524, 5738, 5944, 6155, 6374, 6577, 6829, 7042, 7266, 7467, 7680, 7923, 8138, 8345, 8558, 8762, 8971]","[1042, 1748, 2855, 4089, 4623, 5847, 6623, 7991]",0.326530612244898,60.125,00:00:00,0.14492838270962238,1.580634558944513e-05
