Algorithm,Log Source,Log,Complete-Window Size,Detection-Window Size,Stable Period,Detected Changepoints,Actual Changepoints for Log,F1-Score,Average Lag,Duration,Duration (Seconds),Seconds per Case
LCDD,with_noise_10,log_62_1692952457,300,300,10,"[300, 732, 1064, 1411, 1760, 2138, 2602, 2906, 3208, 3525, 3856, 4157, 4478, 5052, 5548, 5878, 6239, 6590, 6892, 7193, 7604, 8351, 8664, 8970, 9299]","[1344, 2257, 3301, 4214, 5614, 6547, 7639, 8311]",0.48484848484848486,65.0,00:00:00,0.13669645972549915,1.4215522018042757e-05
