Algorithm,Log Source,Log,Complete-Window Size,Detection-Window Size,Stable Period,Detected Changepoints,Actual Changepoints for Log,F1-Score,Average Lag,Duration,Duration (Seconds),Seconds per Case
LCDD,with_noise_15,log_71_1687182031,100,100,100,"[108, 217, 324, 430, 535, 639, 742, 845, 948, 1050, 1151, 1254, 1354, 1455, 1557, 1658, 1760, 1863, 1983, 2086, 2188, 2291, 2392, 2497, 2597, 2700, 2805, 2905, 3005, 3109, 3211, 3312, 3414, 3514, 3614, 3716, 3826, 3930, 4030, 4130, 4236, 4337, 4439]","[940, 1158, 1961, 2167, 3303, 3626]",0.24489795918367346,13.166666666666666,00:00:00,0.11590268276631832,2.5693345769523015e-05
