Algorithm,Log Source,Log,Complete-Window Size,Detection-Window Size,Stable Period,Detected Changepoints,Actual Changepoints for Log,F1-Score,Average Lag,Duration,Duration (Seconds),Seconds per Case
LCDD,with_noise_10,log_15_1692952210,100,100,20,"[100, 200, 300, 402, 506, 606, 709, 809, 910, 1011, 1113, 1213, 1315, 1416, 1518, 1619, 1720, 1821, 1925, 2027, 2139, 2269, 2371, 2472, 2574, 2685, 2792, 2895, 3003, 3103, 3205, 3311, 3421, 3521, 3622, 3722, 3826, 3928, 4028, 4134, 4241, 4345, 4451, 4563, 4664, 4767, 4873, 4976, 5090, 5200, 5300, 5409, 5527, 5631, 5732, 5833, 5933, 6041, 6145, 6248, 6348, 6452, 6554, 6655, 6758, 6862, 6964, 7072, 7173, 7274, 7378, 7478, 7580, 7680, 7783, 7883, 7985, 8086, 8188, 8293, 8395, 8497, 8598, 8707, 8809, 8912, 9013, 9113, 9221, 9321, 9424, 9524, 9625]","[1116, 1697, 3004, 4092, 4699, 5989, 7446, 8227]",0.15841584158415845,28.375,00:00:00,0.11720727384090424,1.2065809536844166e-05
