Algorithm,Log Source,Log,Complete-Window Size,Detection-Window Size,Stable Period,Detected Changepoints,Actual Changepoints for Log,F1-Score,Average Lag,Duration,Duration (Seconds),Seconds per Case
LCDD,with_noise_10,log_50_1687182000,200,200,20,"[202, 412, 614, 814, 1016, 1221, 1428, 1630, 1838, 2038, 2239, 2448, 2651, 2865, 3066, 3268, 3473, 3674, 3880, 4084, 4291, 4498, 4703, 4913, 5113]","[1406, 1636, 2269, 2506, 3766]",0.33333333333333337,41.6,00:00:00,0.17699576541781425,3.3732754987195396e-05
