Algorithm,Log Source,Log,Complete-Window Size,Detection-Window Size,Stable Period,Detected Changepoints,Actual Changepoints for Log,F1-Score,Average Lag,Duration,Duration (Seconds),Seconds per Case
LCDD,with_noise_20,log_1_1687181916,100,100,20,"[100, 201, 302, 403, 507, 607, 707, 808, 908, 1011, 1112, 1212, 1315, 1418, 1518, 1624, 1724, 1825, 1925, 2034, 2134, 2234, 2335, 2435, 2535, 2638, 2738, 2842, 2942, 3042, 3143, 3246, 3346, 3446, 3550, 3650, 3752, 3855, 3957, 4057, 4157, 4264, 4365, 4466, 4566, 4669]","[1292, 2437, 3613]",0.12244897959183672,20.666666666666668,00:00:00,0.12172696366906166,2.566996281506994e-05
