Algorithm,Log Source,Log,Complete-Window Size,Detection-Window Size,Stable Period,Detected Changepoints,Actual Changepoints for Log,F1-Score,Average Lag,Duration,Duration (Seconds),Seconds per Case
LCDD,with_noise_5,log_66_1692952466,400,400,5,"[403, 810, 1212, 1616, 2022, 2427, 2867, 3270, 3671, 4072, 4475, 4876, 5325, 5734, 6142, 6547, 6958, 7361, 7773, 8178, 8578, 8985, 9387, 9791, 10193, 10602, 11013, 11420, 11828, 12234, 12657, 13065, 13476, 13894, 14304, 14721, 15122, 15543, 15948, 16352]","[1333, 1858, 3125, 4597, 5145, 6189, 7122, 8601, 9725, 10332, 11494, 12957, 13775, 14782, 15396]",0.5454545454545454,112.0,00:00:00,0.7085827328264713,4.30304689880653e-05
