Algorithm,Log Source,Log,Complete-Window Size,Detection-Window Size,Stable Period,Detected Changepoints,Actual Changepoints for Log,F1-Score,Average Lag,Duration,Duration (Seconds),Seconds per Case
LCDD,with_noise_10,log_81_1692952556,100,100,50,"[125, 239, 341, 445, 545, 650, 759, 871, 975, 1075, 1191, 1298, 1410, 1510, 1612, 1712, 1819, 1940, 2042, 2149, 2251, 2372, 2473, 2583, 2687, 2788, 2893, 2993, 3108, 3209, 3312, 3416, 3520, 3632, 3732, 3837, 3944, 4054, 4166, 4277, 4381, 4495, 4598, 4699, 4799, 4911, 5013, 5121, 5228, 5332, 5448, 5554, 5673, 5778, 5896, 6002, 6113, 6220, 6338, 6452, 6562, 6665, 6794]","[1270, 2223, 3514, 4835, 5383]",0.14705882352941177,29.8,00:00:00,0.13273044303059578,1.9295020065503093e-05
