Algorithm,Log Source,Log,Complete-Window Size,Detection-Window Size,Stable Period,Detected Changepoints,Actual Changepoints for Log,F1-Score,Average Lag,Duration,Duration (Seconds),Seconds per Case
LCDD,without_noise,log_20_1692952238,100,100,200,"[103, 242, 362, 488, 588, 697, 821, 926, 1045, 1151, 1264, 1380, 1485, 1619, 1794, 1909, 2013, 2142, 2253, 2353, 2455, 2560, 2660, 2786, 2930, 3122, 3254, 3355, 3482, 3586, 3703, 3821, 3944, 4065, 4236, 4336, 4505, 4630, 5488, 6789, 6892, 7020, 7129, 7244, 7374, 7513, 7615, 7715, 7819, 7940, 8052, 8157, 8325, 8480, 8593, 8701, 8801, 8907, 9007, 9157, 9264, 9371, 9479, 9581, 9694, 9796, 9917, 10026, 10129, 10266, 10371, 10471, 10572, 10690, 10803, 10911, 11904, 12006, 12187, 12316, 12448, 12581, 12705, 12806, 12914, 13014, 13122, 13260, 13372, 13477, 13594, 13706, 13832, 13943, 14074, 14175, 14288, 14396, 14529, 14633, 14746, 14848, 14955]","[1357, 2105, 3482, 4422, 5484, 6787, 8017, 9381, 10872, 11904, 12802, 13833]",0.20869565217391306,19.833333333333332,00:00:00,0.384694991633296,2.5566225269707983e-05
