Algorithm,Log Source,Log,Complete-Window Size,Detection-Window Size,Stable Period,Detected Changepoints,Actual Changepoints for Log,F1-Score,Average Lag,Duration,Duration (Seconds),Seconds per Case
LCDD,with_noise_5,log_38_1692952364,200,200,5,"[200, 416, 627, 846, 1083, 1309, 1540, 1765, 1971, 2194, 2404, 2617, 2817, 3023, 3262, 3466, 3676, 3900, 4115, 4340, 4541, 4742, 4953, 5154, 5395, 5600, 5807, 6078, 6299, 6526, 6726, 6938, 7138, 7338, 7546, 7746, 7947, 8150, 8364, 8565, 8771, 8979, 9189, 9390, 9593, 9795, 9995, 10215]","[1028, 1851, 3000, 4010, 4915, 6335, 7206, 8449, 9115]",0.3157894736842105,63.333333333333336,00:00:00,0.145272271707654,1.4059060457529662e-05
