Algorithm,Log Source,Log,Complete-Window Size,Detection-Window Size,Stable Period,Detected Changepoints,Actual Changepoints for Log,F1-Score,Average Lag,Duration,Duration (Seconds),Seconds per Case
LCDD,with_noise_5,log_7_1692952178,600,600,5,"[832, 1513, 2291, 2926, 3604, 4242, 4953, 5610, 6351, 6960, 7575, 8184, 8905, 9595, 10236, 10903, 11570, 12170, 13082, 13804, 14776, 15396, 15996, 16807, 17407, 18081]","[1311, 2256, 3605, 4597, 5681, 6939, 8352, 9584, 10457, 11681, 12486, 13960, 14957, 16422, 17190]",0.43902439024390244,83.88888888888889,00:00:00,0.26539162918925285,1.4527678409746708e-05
