Algorithm,Log Source,Log,Complete-Window Size,Detection-Window Size,Stable Period,Detected Changepoints,Actual Changepoints for Log,F1-Score,Average Lag,Duration,Duration (Seconds),Seconds per Case
LCDD,with_noise_10,log_50_1692952409,100,100,50,"[115, 235, 357, 486, 604, 731, 870, 1002, 1110, 1212, 1317, 1443, 1595, 1707, 1816, 1934, 2154, 2264, 2365, 2496, 2596, 2707, 2817, 2929, 3035, 3159, 3260, 3370, 3485, 3588, 3713, 3839, 3957, 4059, 4164, 4264, 4414, 4555, 4668, 4785, 4892, 4992, 5106, 5235, 5371, 5482, 5676, 5803, 5912, 6021, 6132, 6257, 6361, 6475, 6577, 6704, 6814, 6931, 7045, 7146, 7261, 7366, 7476, 7576, 7677, 7804, 7941, 8082, 8190, 8290, 8444, 8549, 8653, 8768, 8885, 8990]","[1116, 2317, 3370, 4443, 5099, 6419, 7919]",0.1686746987951807,24.0,00:00:00,0.14670233987271786,1.6251505469449192e-05
