Algorithm,Log Source,Log,Complete-Window Size,Detection-Window Size,Stable Period,Detected Changepoints,Actual Changepoints for Log,F1-Score,Average Lag,Duration,Duration (Seconds),Seconds per Case
LCDD,with_noise_10,log_28_1692952287,100,100,100,"[101, 202, 320, 424, 524, 630, 731, 831, 932, 1034, 1134, 1237, 1338, 1440, 1549, 1656, 1763, 1870, 1970, 2070, 2171, 2283, 2385, 2487, 2588, 2693, 2796, 2897, 3006, 3108, 3210, 3313, 3416, 3521, 3627, 3731, 3831, 3932, 4034, 4140, 4240, 4340, 4442, 4542, 4643, 4743, 4846, 4948, 5049, 5155, 5258, 5360, 5463, 5566, 5668, 5769, 5870, 5971, 6075, 6178, 6288, 6390, 6490, 6592, 6692, 6794, 6901, 7001, 7106]","[1456, 2546, 3808, 4591, 5837]",0.13513513513513511,32.6,00:00:00,0.4762218240648508,6.671642253640387e-05
