Algorithm,Log Source,Log,Complete-Window Size,Detection-Window Size,Stable Period,Detected Changepoints,Actual Changepoints for Log,F1-Score,Average Lag,Duration,Duration (Seconds),Seconds per Case
LCDD,with_noise_5,log_13_1692952198,800,800,20,"[803, 1616, 2421, 3222, 4042, 4847, 5647, 6447, 7249, 8054, 8876, 9696, 10497]","[1285, 2064, 3509, 4569, 6017, 7324, 8391, 9657]",0.1904761904761905,57.0,00:00:00,0.30538505874574184,2.8336741091745555e-05
