Algorithm,Log Source,Log,Complete-Window Size,Detection-Window Size,Stable Period,Detected Changepoints,Actual Changepoints for Log,F1-Score,Average Lag,Duration,Duration (Seconds),Seconds per Case
LCDD,with_noise_10,log_63_1692952460,100,100,20,"[105, 272, 378, 485, 585, 687, 791, 907, 1010, 1111, 1214, 1317, 1422, 1523, 1626, 1731, 1832, 1934, 2039, 2142, 2251, 2358, 2474, 2576, 2681, 2781, 2889, 2990, 3092, 3194, 3299, 3399, 3499, 3611, 3712, 3812, 3922, 4022, 4126, 4236, 4353, 4453, 4553, 4653, 4758, 4870, 4972, 5077, 5182, 5288, 5391, 5503, 5618, 5720]","[1145, 1912, 2997, 4472]",0.13793103448275862,20.5,00:00:00,0.0798278246074915,1.3890347069339045e-05
