Algorithm,Log Source,Log,Complete-Window Size,Detection-Window Size,Stable Period,Detected Changepoints,Actual Changepoints for Log,F1-Score,Average Lag,Duration,Duration (Seconds),Seconds per Case
LCDD,without_noise,log_66_1692952466,200,200,20,"[217, 441, 688, 889, 1126, 1332, 1552, 1768, 2013, 2217, 2431, 2643, 2845, 3069, 3311, 3513, 3749, 4005, 4214, 4429, 4630, 4855, 5086, 5292, 5506, 5707, 5911, 6131, 6336, 6566, 6778, 6997, 7226, 7445, 7646, 7858, 8058, 8335, 8600, 8814, 9016, 9238, 9445, 9664, 9900, 10104, 10307, 10512, 10714, 10927, 11128, 11342, 11545, 11758, 11958, 12169, 12381, 12583, 12819, 13019, 13223, 13454, 13666, 13872, 14086, 14293, 14517, 14726, 14928, 15134, 15359, 15561, 15767, 15970, 16188, 16391]","[1333, 1858, 3125, 4597, 5145, 6189, 7122, 8601, 9725, 10332, 11494, 12957, 13775, 14782, 15396]",0.32967032967032966,52.733333333333334,00:00:00,0.7028407528996468,4.26817728122698e-05
