Algorithm,Log Source,Log,Complete-Window Size,Detection-Window Size,Stable Period,Detected Changepoints,Actual Changepoints for Log,F1-Score,Average Lag,Duration,Duration (Seconds),Seconds per Case
LCDD,with_noise_15,log_52_1687182004,100,100,150,"[105, 215, 316, 422, 602, 725, 844, 970, 1078, 1190, 1299, 1410, 1512, 1626, 1751, 1853, 1976, 2082, 2183, 2292, 2394, 2504, 2621, 2790, 2905]","[1221, 1560]",0.14814814814814814,39.5,00:00:00,0.02320985496044159,7.886461080680118e-06
