Algorithm,Log Source,Log,Complete-Window Size,Detection-Window Size,Stable Period,Detected Changepoints,Actual Changepoints for Log,F1-Score,Average Lag,Duration,Duration (Seconds),Seconds per Case
LCDD,with_noise_5,log_87_1687182053,100,100,150,"[104, 217, 318, 451, 553, 699, 809, 913, 1028, 1130, 1240, 1354, 1468, 1581, 1685, 1787, 1887, 1991, 2091, 2197, 2311, 2446, 2546, 2681, 2809, 2919, 3022, 3145, 3247, 3348, 3449, 3553, 3653, 3761, 3862, 3968, 4068, 4187, 4293, 4401, 4507]","[1385, 2862, 3527, 3777]",0.17777777777777776,31.5,00:00:00,0.14138609822839499,3.090406518653442e-05
