Algorithm,Log Source,Log,Complete-Window Size,Detection-Window Size,Stable Period,Detected Changepoints,Actual Changepoints for Log,F1-Score,Average Lag,Duration,Duration (Seconds),Seconds per Case
LCDD,with_noise_10,log_39_1692952369,300,300,150,"[303, 604, 916, 1231, 1535, 1850, 2157, 2465, 2772, 3108, 3410, 3715, 4023, 4329, 4639, 4940, 5261, 5565, 5868]","[1365, 2662, 3350, 4753]",0.34782608695652173,104.5,00:00:00,0.06629951670765877,1.078918091255635e-05
