Algorithm,Log Source,Log,Complete-Window Size,Detection-Window Size,Stable Period,Detected Changepoints,Actual Changepoints for Log,F1-Score,Average Lag,Duration,Duration (Seconds),Seconds per Case
LCDD,with_noise_5,log_39_1687181976,100,100,200,"[108, 215, 323, 427, 536, 639, 749, 851, 951, 1053, 1157, 1258, 1375, 1475, 1581, 1683, 1787, 1888, 1997, 2099, 2200, 2306, 2409, 2511, 2628, 2730, 2830, 2933, 3034, 3143, 3247, 3347, 3451, 3554, 3660, 3764, 3865, 3965, 4071, 4184]","[706, 972, 2184, 3059, 3368]",0.2222222222222222,25.2,00:00:00,0.2621795143932104,6.249809639885827e-05
