Algorithm,Log Source,Log,Complete-Window Size,Detection-Window Size,Stable Period,Detected Changepoints,Actual Changepoints for Log,F1-Score,Average Lag,Duration,Duration (Seconds),Seconds per Case
LCDD,with_noise_5,log_23_1687181942,300,300,100,"[308, 614, 916, 1235, 1542, 1848, 2162, 2464, 2781, 3106, 3407, 3709, 4013, 4321, 4624, 4928, 5237, 5541]","[859, 1255, 2629, 4001, 4377]",0.4347826086956522,59.4,00:00:00,0.1532029313966632,2.7629022794709323e-05
