Algorithm,Log Source,Log,Complete-Window Size,Detection-Window Size,Stable Period,Detected Changepoints,Actual Changepoints for Log,F1-Score,Average Lag,Duration,Duration (Seconds),Seconds per Case
LCDD,with_noise_10,log_80_1692952554,100,100,100,"[104, 209, 321, 424, 536, 639, 739, 855, 961, 1061, 1175, 1298, 1404, 1511, 1616, 1723, 1832, 1932, 2062, 2162, 2265, 2384, 2485, 2588, 2717, 2835, 2953, 3053, 3153, 3261, 3381, 3481, 3587, 3687, 3847, 3948, 4069, 4174, 4290, 4417, 4521, 4625, 4725, 4845, 4976, 5081, 5199, 5301, 5405]","[1043, 2139, 2799, 3922, 4435]",0.1851851851851852,24.2,00:00:00,0.1084859911352396,1.9771458198512777e-05
