Algorithm,Log Source,Log,Complete-Window Size,Detection-Window Size,Stable Period,Detected Changepoints,Actual Changepoints for Log,F1-Score,Average Lag,Duration,Duration (Seconds),Seconds per Case
LCDD,with_noise_5,log_84_1692952573,300,300,100,"[345, 689, 992, 1300, 1624, 1928, 2233, 2558, 2875, 3190, 3498, 3814, 4114, 4414, 4729, 5069, 5406, 5766]","[1146, 2011, 3360, 4613]",0.3636363636363636,122.75,00:00:00,0.12896553613245487,2.1653045018880938e-05
