Algorithm,Log Source,Log,Complete-Window Size,Detection-Window Size,Stable Period,Detected Changepoints,Actual Changepoints for Log,F1-Score,Average Lag,Duration,Duration (Seconds),Seconds per Case
LCDD,with_noise_10,log_96_1687182073,100,100,10,"[101, 205, 323, 426, 534, 637, 758, 930, 1037, 1146, 1261, 1362, 1494, 1604, 1717, 1819, 1929, 2037, 2145, 2254, 2354, 2467, 2578, 2725, 2826, 2947, 3059, 3175, 3295, 3399, 3538, 3652, 3760, 3876, 3977, 4082]","[805, 1076, 1645, 1910, 2579, 2949]",0.2857142857142857,24.833333333333332,00:00:00,0.07457409333437681,1.8087337699339512e-05
