Algorithm,Log Source,Log,Complete-Window Size,Detection-Window Size,Stable Period,Detected Changepoints,Actual Changepoints for Log,F1-Score,Average Lag,Duration,Duration (Seconds),Seconds per Case
LCDD,with_noise_5,log_84_1692952573,100,100,10,"[122, 226, 330, 461, 577, 689, 790, 904, 1005, 1105, 1210, 1316, 1431, 1532, 1636, 1744, 1850, 1954, 2056, 2163, 2277, 2378, 2479, 2580, 2697, 2830, 2932, 3042, 3149, 3252, 3359, 3472, 3586, 3701, 3803, 3904, 4015, 4116, 4221, 4322, 4427, 4530, 4638, 4752, 4876, 4980, 5097, 5199, 5307, 5412, 5515, 5617, 5729, 5845, 5948]","[1146, 2011, 3360, 4613]",0.13559322033898305,28.0,00:00:00,0.12054469622671604,2.0239203530341846e-05
