Algorithm,Log Source,Log,Complete-Window Size,Detection-Window Size,Stable Period,Detected Changepoints,Actual Changepoints for Log,F1-Score,Average Lag,Duration,Duration (Seconds),Seconds per Case
LCDD,with_noise_5,log_60_1692952441,200,200,10,"[207, 409, 622, 828, 1028, 1234, 1459, 1668, 1868, 2090, 2316, 2532, 2738, 2944, 3153, 3353, 3561, 3764, 3965, 4175, 4393, 4601, 4802, 5003, 5204, 5405, 5608, 5809, 6018, 6224, 6426, 6636, 6875, 7084, 7291, 7491, 7704, 7908, 8122, 8335, 8537, 8744, 8981, 9199, 9401, 9603, 9833, 10034, 10234, 10439, 10646, 10852, 11060, 11271]","[1176, 1816, 2868, 3524, 5017, 6406, 7452, 8819, 10127]",0.2857142857142857,51.55555555555556,00:00:00,0.5113080833107233,4.508094545148327e-05
