Algorithm,Log Source,Log,Complete-Window Size,Detection-Window Size,Stable Period,Detected Changepoints,Actual Changepoints for Log,F1-Score,Average Lag,Duration,Duration (Seconds),Seconds per Case
LCDD,with_noise_10,log_68_1687182024,100,100,50,"[100, 201, 310, 415, 521, 624, 726, 829, 930, 1038, 1141, 1242, 1346, 1448, 1548, 1650, 1757, 1858, 1959, 2062, 2166, 2266, 2366, 2467, 2572, 2676, 2777, 2877, 2977, 3080, 3185, 3289, 3393, 3493, 3593, 3693, 3800, 3909, 4028, 4128, 4230, 4342, 4444]","[896, 1272, 1818, 2030, 2923, 3240]",0.24489795918367346,38.5,00:00:00,0.07133852038532495,1.5793340798168023e-05
