Algorithm,Log Source,Log,Complete-Window Size,Detection-Window Size,Stable Period,Detected Changepoints,Actual Changepoints for Log,F1-Score,Average Lag,Duration,Duration (Seconds),Seconds per Case
LCDD,with_noise_10,log_22_1687181941,200,200,200,"[207, 490, 702, 956, 1158, 1372, 1710, 1943, 2143, 2349, 2549, 2779, 3069, 3296, 3505, 3841]","[1159, 1512, 2578, 3506, 3838]",0.47619047619047616,34.8,00:00:00,0.04778341110795736,1.0186188682148233e-05
