Algorithm,Log Source,Log,Complete-Window Size,Detection-Window Size,Stable Period,Detected Changepoints,Actual Changepoints for Log,F1-Score,Average Lag,Duration,Duration (Seconds),Seconds per Case
LCDD,with_noise_15,log_41_1687181983,200,200,50,"[215, 495, 741, 950, 1164, 1371, 1642, 1889, 2101, 2352, 2569, 2843, 3051, 3334, 3553, 3771, 4040, 4258, 4526, 4745]","[601, 890, 2386, 2718, 3227, 3580]",0.4615384615384615,76.5,00:00:00,0.04652679245918989,9.717375200332058e-06
