Algorithm,Log Source,Log,Complete-Window Size,Detection-Window Size,Stable Period,Detected Changepoints,Actual Changepoints for Log,F1-Score,Average Lag,Duration,Duration (Seconds),Seconds per Case
LCDD,with_noise_5,log_67_1692952494,100,100,200,"[101, 205, 308, 410, 513, 613, 713, 814, 915, 1031, 1142, 1244, 1348, 1448, 1551, 1654, 1757, 1859, 1965, 2070, 2170, 2276, 2381, 2489, 2589, 2699, 2813, 2914, 3014, 3114, 3214, 3318, 3431, 3531, 3637, 3739, 3842, 3942, 4042, 4145, 4257, 4359, 4461, 4561, 4664, 4779, 4880, 4980, 5093, 5207, 5309, 5414, 5521, 5621, 5731, 5844, 5946, 6051, 6159, 6259, 6361, 6472, 6580, 6696, 6802, 6910, 7011, 7112, 7215, 7315, 7417, 7538, 7640, 7743, 7847, 7951, 8051, 8159, 8263, 8372, 8477, 8577, 8680, 8795, 8901, 9001, 9112, 9213, 9316, 9431, 9537, 9651, 9751, 9867, 9970, 10070, 10184, 10291, 10396, 10500]","[1312, 2743, 3889, 5271, 5852, 7181, 7712, 9147]",0.14814814814814814,34.125,00:00:00,0.262324471026659,2.489791866236323e-05
