Algorithm,Log Source,Log,Complete-Window Size,Detection-Window Size,Stable Period,Detected Changepoints,Actual Changepoints for Log,F1-Score,Average Lag,Duration,Duration (Seconds),Seconds per Case
LCDD,with_noise_15,log_17_1687181934,100,100,20,"[102, 203, 304, 411, 522, 622, 723, 826, 929, 1031, 1136, 1242, 1342, 1444, 1548, 1648, 1749, 1853, 1954, 2055, 2159, 2267, 2371, 2474, 2574, 2677, 2777, 2888, 2990, 3090, 3190, 3291, 3397, 3499, 3599, 3705, 3815, 3920, 4025, 4135, 4235, 4335, 4436, 4543, 4647, 4755, 4860]","[975, 1309, 2437, 2652, 3899]",0.1923076923076923,32.4,00:00:00,0.08346534799784422,1.714571651558016e-05
