Algorithm,Log Source,Log,Complete-Window Size,Detection-Window Size,Stable Period,Detected Changepoints,Actual Changepoints for Log,F1-Score,Average Lag,Duration,Duration (Seconds),Seconds per Case
LCDD,with_noise_5,log_82_1692952560,200,200,5,"[207, 408, 621, 831, 1049, 1276, 1493, 1701, 1902, 2123, 2338, 2556, 2760, 2963, 3175, 3377, 3605, 3828, 4032, 4235, 4437, 4640, 4848, 5062, 5262, 5467, 5672, 5877, 6093, 6300, 6505, 6711, 6911]","[1360, 1891, 3328, 4126, 5282, 6014]",0.3076923076923077,56.166666666666664,00:00:00,0.13130714744329453,1.8638345982014838e-05
