Algorithm,Log Source,Log,Complete-Window Size,Detection-Window Size,Stable Period,Detected Changepoints,Actual Changepoints for Log,F1-Score,Average Lag,Duration,Duration (Seconds),Seconds per Case
LCDD,with_noise_5,log_97_1692952631,200,200,50,"[217, 424, 631, 846, 1062, 1269, 1482, 1688, 1924, 2165, 2398, 2611, 2818, 3041, 3243, 3493, 3734, 3953, 4159, 4376, 4577, 4821, 5035, 5295, 5499, 5744, 5961, 6169, 6391, 6688, 6957, 7163, 7373, 7609, 7820, 8056]","[1365, 2387, 3660, 4381, 5395, 6560, 7200]",0.32558139534883723,64.42857142857143,00:00:00,0.13775724731385708,1.680171329599428e-05
