Algorithm,Log Source,Log,Complete-Window Size,Detection-Window Size,Stable Period,Detected Changepoints,Actual Changepoints for Log,F1-Score,Average Lag,Duration,Duration (Seconds),Seconds per Case
LCDD,with_noise_10,log_95_1692952617,200,200,5,"[206, 407, 611, 822, 1025, 1230, 1435, 1645, 1862, 2069, 2271, 2474, 2683, 2884, 3099, 3300, 3503, 3724, 3930, 4137, 4337, 4549, 4753, 4968, 5169, 5382, 5588, 5790, 5990, 6191, 6411, 6612, 6812, 7019, 7236, 7443, 7658, 7859, 8066, 8286, 8492, 8694, 8903, 9109, 9309, 9511, 9715, 9915, 10115, 10318, 10527, 10728, 10929, 11136, 11347, 11563, 11773, 11980, 12184, 12384, 12593, 12798, 13001, 13202]","[1156, 1959, 2970, 4425, 5628, 6797, 7689, 9067, 9689, 11170, 11993]",0.29333333333333333,49.63636363636363,00:00:00,0.3538902085274458,2.6736945340544407e-05
