Algorithm,Log Source,Log,Complete-Window Size,Detection-Window Size,Stable Period,Detected Changepoints,Actual Changepoints for Log,F1-Score,Average Lag,Duration,Duration (Seconds),Seconds per Case
LCDD,with_noise_5,log_8_1692952184,100,100,200,"[100, 212, 318, 422, 529, 641, 742, 852, 958, 1058, 1175, 1279, 1396, 1497, 1613, 1724, 1829, 1933, 2039, 2144, 2245, 2345, 2448, 2548, 2658, 2760, 2861, 2973, 3075, 3180, 3280, 3382, 3503, 3606, 3719, 3820, 3945, 4050, 4156, 4261, 4370, 4471, 4582, 4683, 4788, 4888, 4989, 5095, 5197, 5314, 5424, 5530, 5648]","[1318, 2605, 3295, 4538]",0.14035087719298245,37.75,00:00:00,0.2128754649311304,3.71575257341823e-05
