Algorithm,Log Source,Log,Complete-Window Size,Detection-Window Size,Stable Period,Detected Changepoints,Actual Changepoints for Log,F1-Score,Average Lag,Duration,Duration (Seconds),Seconds per Case
LCDD,with_noise_10,log_22_1687181941,100,100,50,"[110, 289, 394, 551, 702, 815, 950, 1109, 1224, 1342, 1508, 1611, 1711, 1820, 1938, 2055, 2157, 2262, 2378, 2479, 2579, 2692, 2794, 2940, 3069, 3186, 3296, 3400, 3505, 3610, 3739, 3839, 3997, 4101, 4202, 4315, 4426, 4548, 4668]","[1159, 1512, 2578, 3506, 3838]",0.22727272727272727,11.4,00:00:00,0.07548858039081097,1.60922149628674e-05
