Algorithm,Log Source,Log,Complete-Window Size,Detection-Window Size,Stable Period,Detected Changepoints,Actual Changepoints for Log,F1-Score,Average Lag,Duration,Duration (Seconds),Seconds per Case
LCDD,with_noise_5,log_52_1692952415,200,200,20,"[206, 415, 633, 837, 1061, 1274, 1496, 1698, 1900, 2126, 2327, 2528, 2734, 2934, 3152, 3354, 3563, 3777, 3981, 4201, 4488, 4706]","[1490, 2522, 3523]",0.24000000000000002,17.333333333333332,00:00:00,0.08349151350557804,1.7722673212816396e-05
