Algorithm,Log Source,Log,Complete-Window Size,Detection-Window Size,Stable Period,Detected Changepoints,Actual Changepoints for Log,F1-Score,Average Lag,Duration,Duration (Seconds),Seconds per Case
LCDD,with_noise_10,log_97_1687182074,200,200,150,"[203, 404, 610, 812, 1042, 1254, 1469, 1670, 1887, 2093, 2312, 2518, 2720, 2929, 3167, 3375, 3583, 3792, 3993, 4203, 4433, 4638, 4848]","[1151, 2334, 3469, 3787]",0.29629629629629634,56.0,00:00:00,0.09709548391401768,1.9477529370916284e-05
