Algorithm,Log Source,Log,Complete-Window Size,Detection-Window Size,Stable Period,Detected Changepoints,Actual Changepoints for Log,F1-Score,Average Lag,Duration,Duration (Seconds),Seconds per Case
LCDD,with_noise_5,log_32_1687181966,100,100,100,"[100, 200, 316, 428, 528, 636, 750, 857, 961, 1069, 1173, 1277, 1395, 1498, 1617, 1746, 1849, 1949, 2063, 2165, 2267, 2372, 2477, 2598, 2704, 2817, 2930]","[1402, 1725]",0.13793103448275862,14.0,00:00:00,0.04401902202516794,1.4556554902502626e-05
