Algorithm,Log Source,Log,Complete-Window Size,Detection-Window Size,Stable Period,Detected Changepoints,Actual Changepoints for Log,F1-Score,Average Lag,Duration,Duration (Seconds),Seconds per Case
LCDD,with_noise_5,log_31_1692952304,300,300,20,"[312, 628, 939, 1243, 1550, 1852, 2153, 2465, 2786, 3087, 3392, 3694, 4003, 4324, 4631, 4936, 5241, 5569, 5869, 6180, 6488, 6788, 7091]","[1438, 2870, 3391, 4545, 5871]",0.3571428571428571,57.0,00:00:00,0.12433010153472424,1.7333068665094693e-05
