Algorithm,Log Source,Log,Complete-Window Size,Detection-Window Size,Stable Period,Detected Changepoints,Actual Changepoints for Log,F1-Score,Average Lag,Duration,Duration (Seconds),Seconds per Case
LCDD,with_noise_10,log_31_1692952304,400,400,100,"[400, 805, 1210, 1613, 2014, 2425, 2846, 3247, 3660, 4061, 4490, 4901, 5302, 5703, 6109, 6516, 6920]","[1438, 2870, 3391, 4545, 5871]",0.45454545454545453,113.2,00:00:00,0.2931628115475178,4.0870320862612264e-05
