Algorithm,Log Source,Log,Complete-Window Size,Detection-Window Size,Stable Period,Detected Changepoints,Actual Changepoints for Log,F1-Score,Average Lag,Duration,Duration (Seconds),Seconds per Case
LCDD,with_noise_5,log_32_1692952308,100,100,50,"[107, 216, 316, 434, 566, 666, 767, 868, 979, 1082, 1183, 1285, 1411, 1536, 1637, 1745, 1852, 1958, 2061, 2168, 2284, 2386, 2490, 2590, 2725, 2837, 2946, 3058, 3165, 3266, 3373, 3479, 3590, 3693, 3809, 3923, 4023, 4125, 4237, 4345, 4446, 4565, 4672, 4775, 4876, 4979, 5102, 5212, 5328, 5429, 5530, 5633, 5736, 5838, 5954, 6067, 6168, 6291, 6394, 6495, 6614, 6720, 6823, 6924, 7048, 7169, 7273, 7375, 7480, 7600, 7710, 7823, 7923, 8028, 8141, 8241, 8347, 8461, 8571, 8681, 8794, 8915, 9023, 9130, 9233, 9348, 9449, 9560, 9660, 9762, 9867, 9971, 10076, 10177, 10288, 10395, 10496, 10596, 10735, 10838, 10949, 11068, 11205, 11332, 11437, 11539, 11645, 11747, 11852, 11958, 12069, 12173, 12285, 12395, 12497, 12612, 12712]","[1486, 2272, 3660, 4340, 5709, 6587, 7907, 8621, 9625, 10324, 11599]",0.17187499999999997,30.636363636363637,00:00:00,0.10771771147847176,8.471703616081144e-06
