Algorithm,Log Source,Log,Complete-Window Size,Detection-Window Size,Stable Period,Detected Changepoints,Actual Changepoints for Log,F1-Score,Average Lag,Duration,Duration (Seconds),Seconds per Case
LCDD,with_noise_5,log_89_1692952588,400,400,10,"[426, 827, 1230, 1634, 2041, 2444, 2863, 3270, 3707, 4158, 4560, 4964, 5369, 5775, 6191, 6597, 7037, 7439, 7849, 8280, 8702, 9115, 9532, 9937, 10337, 10748, 11160, 11627, 12028, 12437, 12844, 13310, 13717, 14160, 14568, 14975, 15386, 15850, 16255, 16665]","[1231, 2194, 3370, 4789, 6034, 6961, 8392, 8969, 10160, 11100, 12512, 13171, 14519, 15691]",0.5185185185185185,112.78571428571429,00:00:00,0.3357364684343338,1.9953433283866268e-05
