Algorithm,Log Source,Log,Complete-Window Size,Detection-Window Size,Stable Period,Detected Changepoints,Actual Changepoints for Log,F1-Score,Average Lag,Duration,Duration (Seconds),Seconds per Case
LCDD,without_noise,log_66_1692952466,300,300,20,"[319, 721, 1136, 1445, 1768, 2081, 2414, 2752, 3069, 3377, 3685, 4005, 4308, 4670, 5014, 5321, 5641, 6013, 6320, 6637, 6965, 7295, 7603, 7905, 8211, 8600, 8903, 9256, 9576, 9976, 10307, 10624, 11015, 11342, 11650, 11958, 12258, 12572, 12874, 13191, 13497, 13812, 14205, 14517, 14819, 15125, 15428, 15767, 16068, 16373]","[1333, 1858, 3125, 4597, 5145, 6189, 7122, 8601, 9725, 10332, 11494, 12957, 13775, 14782, 15396]",0.4615384615384615,84.4,00:00:00,0.6462451089173555,3.9244859957330144e-05
