Algorithm,Log Source,Log,Complete-Window Size,Detection-Window Size,Stable Period,Detected Changepoints,Actual Changepoints for Log,F1-Score,Average Lag,Duration,Duration (Seconds),Seconds per Case
LCDD,with_noise_15,log_50_1687182000,100,100,5,"[100, 204, 304, 412, 519, 623, 724, 826, 926, 1036, 1141, 1242, 1343, 1445, 1548, 1651, 1752, 1852, 1956, 2066, 2167, 2278, 2383, 2486, 2596, 2698, 2805, 2907, 3008, 3119, 3221, 3334, 3436, 3543, 3651, 3760, 3871, 3974, 4078, 4181, 4283, 4383, 4490, 4592, 4692, 4795, 4899, 4999, 5105, 5205]","[1406, 1636, 2269, 2506, 3766]",0.18181818181818182,17.8,00:00:00,0.08832420129328966,1.6833276404286194e-05
