Algorithm,Log Source,Log,Complete-Window Size,Detection-Window Size,Stable Period,Detected Changepoints,Actual Changepoints for Log,F1-Score,Average Lag,Duration,Duration (Seconds),Seconds per Case
LCDD,without_noise,log_26_1692952272,300,300,150,"[357, 748, 1051, 1368, 1668, 2016, 2336, 2672, 2976, 3280, 3599, 3917, 4318, 4663, 4978, 5285, 5614, 5921, 6233, 6564, 6866, 7167, 7529, 7837, 8190, 8494, 8797, 9134, 9504, 9836, 10175, 10479, 10809, 11120, 11491, 11795, 12104, 12412, 12721, 13164, 13497, 13808]","[1263, 1769, 2996, 3623, 4914, 5584, 6650, 7268, 8328, 9041, 10411, 11880, 12742]",0.4727272727272727,72.0,00:00:00,0.4395650215446949,3.141320814297827e-05
