Algorithm,Log Source,Log,Complete-Window Size,Detection-Window Size,Stable Period,Detected Changepoints,Actual Changepoints for Log,F1-Score,Average Lag,Duration,Duration (Seconds),Seconds per Case
LCDD,with_noise_10,log_71_1687182031,100,100,20,"[106, 209, 309, 414, 520, 620, 734, 837, 939, 1051, 1151, 1254, 1360, 1468, 1580, 1683, 1783, 1884, 1986, 2087, 2187, 2292, 2393, 2497, 2597, 2698, 2799, 2902, 3003, 3121, 3229, 3330, 3435, 3540, 3640, 3742, 3842, 3948, 4048, 4153, 4263, 4365, 4465]","[940, 1158, 1961, 2167, 3303, 3626]",0.24489795918367346,15.666666666666666,00:00:00,0.1198810301721096,2.6575267162959343e-05
