Algorithm,Log Source,Log,Complete-Window Size,Detection-Window Size,Stable Period,Detected Changepoints,Actual Changepoints for Log,F1-Score,Average Lag,Duration,Duration (Seconds),Seconds per Case
LCDD,with_noise_15,log_55_1687182006,100,100,200,"[100, 223, 329, 440, 600, 752, 906, 1015, 1121, 1246, 1346, 1448, 1585, 1685, 1797, 1924, 2024, 2161, 2313, 2413, 2535, 2635]","[1185, 1392]",0.16666666666666669,53.5,00:00:00,0.019173861481249332,6.967246177779554e-06
