Algorithm,Log Source,Log,Complete-Window Size,Detection-Window Size,Stable Period,Detected Changepoints,Actual Changepoints for Log,F1-Score,Average Lag,Duration,Duration (Seconds),Seconds per Case
LCDD,with_noise_10,log_99_1687182077,100,100,5,"[102, 202, 302, 402, 519, 620, 721, 824, 924, 1024, 1130, 1234, 1334, 1438, 1543, 1643, 1749, 1851, 1952, 2066, 2169, 2283, 2391, 2493, 2593, 2693, 2794, 2899, 2999, 3102, 3206, 3309]","[555, 837, 2088, 2767]",0.2222222222222222,24.5,00:00:00,0.023195859044790268,6.814294666507129e-06
