Algorithm,Log Source,Log,Complete-Window Size,Detection-Window Size,Stable Period,Detected Changepoints,Actual Changepoints for Log,F1-Score,Average Lag,Duration,Duration (Seconds),Seconds per Case
LCDD,with_noise_10,log_77_1692952527,200,200,150,"[209, 416, 619, 826, 1028, 1229, 1442, 1642, 1849, 2049, 2256, 2479, 2681, 2881, 3081, 3304, 3505, 3710, 3922, 4142, 4380, 4595, 4799, 5037, 5255, 5467, 5669, 5870, 6075, 6287, 6496, 6696, 6906, 7118, 7342, 7565, 7765, 7970, 8197, 8403, 8611, 8815, 9022, 9227, 9431, 9639, 9857, 10062, 10262, 10468, 10669, 10869, 11092, 11296]","[1150, 2081, 3258, 3936, 4990, 6332, 7232, 8267, 9297, 10336]",0.3125,58.7,00:00:00,0.7835126779973507,6.817303384645877e-05
