Algorithm,Log Source,Log,Complete-Window Size,Detection-Window Size,Stable Period,Detected Changepoints,Actual Changepoints for Log,F1-Score,Average Lag,Duration,Duration (Seconds),Seconds per Case
LCDD,with_noise_5,log_97_1692952631,100,100,5,"[100, 205, 338, 440, 543, 646, 751, 945, 1054, 1205, 1360, 1463, 1563, 1688, 1807, 1924, 2026, 2165, 2276, 2383, 2546, 2648, 2759, 2862, 2963, 3069, 3196, 3313, 3414, 3514, 3616, 3724, 3875, 3981, 4083, 4192, 4296, 4399, 4505, 4612, 4725, 4833, 4941, 5049, 5153, 5262, 5371, 5483, 5602, 5710, 5811, 5935, 6038, 6139, 6240, 6340, 6450, 6570, 6676, 6776, 6884, 6984, 7100, 7214, 7325, 7425, 7536, 7654, 7763, 7872, 7986, 8098]","[1365, 2387, 3660, 4381, 5395, 6560, 7200]",0.17721518987341772,17.0,00:00:00,0.14562257751822472,1.7761016894526737e-05
