Algorithm,Log Source,Log,Complete-Window Size,Detection-Window Size,Stable Period,Detected Changepoints,Actual Changepoints for Log,F1-Score,Average Lag,Duration,Duration (Seconds),Seconds per Case
LCDD,with_noise_20,log_69_1687182027,100,100,5,"[104, 207, 307, 421, 521, 621, 723, 823, 927, 1028, 1128, 1230, 1331, 1440, 1540, 1641, 1741, 1841, 1947, 2053, 2157, 2257, 2357, 2460, 2563, 2664, 2764, 2873, 2978, 3087, 3197, 3297, 3398, 3500, 3601, 3705, 3805, 3918, 4018, 4129]","[1354, 1741, 2389, 2676, 3199]",0.2222222222222222,13.8,00:00:00,0.08434496447443962,1.9968031362319987e-05
