Algorithm,Log Source,Log,Complete-Window Size,Detection-Window Size,Stable Period,Detected Changepoints,Actual Changepoints for Log,F1-Score,Average Lag,Duration,Duration (Seconds),Seconds per Case
LCDD,with_noise_10,log_66_1692952466,600,600,150,"[606, 1236, 1851, 2460, 3066, 3688, 4292, 4892, 5509, 6113, 6714, 7340, 7948, 8550, 9168, 9770, 10410, 11015, 11615, 12238, 12866, 13482, 14095, 14726, 15329, 15932]","[1333, 1858, 3125, 4597, 5145, 6189, 7122, 8601, 9725, 10332, 11494, 12957, 13775, 14782, 15396]",0.5365853658536585,68.0,00:00:00,0.6441776715219021,3.911930962056854e-05
