Algorithm,Log Source,Log,Complete-Window Size,Detection-Window Size,Stable Period,Detected Changepoints,Actual Changepoints for Log,F1-Score,Average Lag,Duration,Duration (Seconds),Seconds per Case
LCDD,with_noise_5,log_31_1687181960,100,100,200,"[100, 217, 328, 429, 541, 647, 748, 848, 948, 1053, 1157, 1267, 1370, 1473, 1576, 1681, 1790, 1890, 1991, 2099, 2212, 2313, 2413, 2542, 2642, 2744, 2846, 2949, 3050, 3150, 3251, 3358, 3459, 3561, 3661, 3775, 3886, 3996, 4104, 4205]","[1043, 1868, 2070, 3338, 3677]",0.2222222222222222,19.4,00:00:00,0.29170995112508535,6.772926657187958e-05
