Algorithm,Log Source,Log,Complete-Window Size,Detection-Window Size,Stable Period,Detected Changepoints,Actual Changepoints for Log,F1-Score,Average Lag,Duration,Duration (Seconds),Seconds per Case
LCDD,with_noise_15,log_6_1687181923,100,100,20,"[107, 219, 325, 429, 531, 636, 737, 837, 938, 1044, 1146, 1246, 1348, 1448, 1550, 1654, 1761, 1864, 1967, 2068, 2172, 2278, 2387, 2489, 2590, 2691, 2795, 2906, 3006, 3119, 3222, 3326, 3427, 3532, 3634, 3736, 3841, 3943, 4043, 4144, 4248, 4352]","[923, 1989, 3141]",0.13333333333333333,19.666666666666668,00:00:00,0.13208550307899714,3.0012611469892555e-05
