Algorithm,Log Source,Log,Complete-Window Size,Detection-Window Size,Stable Period,Detected Changepoints,Actual Changepoints for Log,F1-Score,Average Lag,Duration,Duration (Seconds),Seconds per Case
LCDD,without_noise,log_31_1687181960,100,100,5,"[487, 611, 742, 846, 948, 1053, 1329, 1429, 1639, 1739, 1842, 1958, 2068, 2180, 2336, 2438, 2542, 2678, 2790, 2890, 2991, 3098, 3224, 3325, 3436, 3556, 3656, 3756, 3911, 4031, 4131, 4272]","[1043, 1868, 2070, 3338, 3677]",0.2702702702702703,14.4,00:00:00,0.28043020609766245,6.511033343340201e-05
