Algorithm,Log Source,Log,Complete-Window Size,Detection-Window Size,Stable Period,Detected Changepoints,Actual Changepoints for Log,F1-Score,Average Lag,Duration,Duration (Seconds),Seconds per Case
LCDD,with_noise_5,log_93_1692952613,100,100,10,"[103, 203, 307, 431, 534, 635, 742, 851, 961, 1061, 1169, 1279, 1381, 1484, 1660, 1764, 1902, 2006, 2109, 2236, 2346, 2446, 2564, 2701, 2801, 2908, 3049, 3152, 3289, 3398, 3536, 3646, 3749, 3861, 3985, 4088, 4215, 4345, 4448, 4586, 4698, 4802, 4903, 5027, 5127, 5234, 5359, 5472, 5574, 5674, 5781, 5904, 6005, 6107, 6213, 6318, 6418, 6519, 6628, 6738, 6841, 6967, 7073, 7191, 7295, 7398, 7506, 7615]","[1019, 1564, 2739, 4083, 5315, 6443]",0.1621621621621622,39.0,00:00:00,0.0966450646519661,1.264160427102238e-05
