Algorithm,Log Source,Log,Complete-Window Size,Detection-Window Size,Stable Period,Detected Changepoints,Actual Changepoints for Log,F1-Score,Average Lag,Duration,Duration (Seconds),Seconds per Case
LCDD,with_noise_15,log_54_1687182005,200,200,150,"[232, 452, 653, 869, 1124, 1338, 1552, 1761, 1975, 2192, 2394, 2627, 2973, 3220, 3437, 3648, 3859, 4065, 4343, 4575, 4814]","[1171, 1523, 2987, 3886, 4123]",0.3846153846153846,35.0,00:00:00,0.06701405812054873,1.389756493582512e-05
