Algorithm,Log Source,Log,Complete-Window Size,Detection-Window Size,Stable Period,Detected Changepoints,Actual Changepoints for Log,F1-Score,Average Lag,Duration,Duration (Seconds),Seconds per Case
LCDD,with_noise_5,log_93_1687182065,100,100,50,"[100, 200, 304, 427, 533, 642, 744, 859, 965, 1070, 1209, 1309, 1409, 1514, 1615, 1715, 1822, 1926, 2028, 2141, 2248, 2353, 2455, 2558, 2660, 2768, 2879, 2991, 3091, 3193, 3295, 3400, 3504, 3607, 3717, 3829, 3936, 4052, 4155, 4274]","[761, 990, 1771, 2107, 2887, 3146]",0.2608695652173913,30.333333333333332,00:00:00,0.05920263100415468,1.3736109281706423e-05
