Algorithm,Log Source,Log,Complete-Window Size,Detection-Window Size,Stable Period,Detected Changepoints,Actual Changepoints for Log,F1-Score,Average Lag,Duration,Duration (Seconds),Seconds per Case
LCDD,with_noise_10,log_76_1692952523,600,600,150,"[631, 1239, 1861, 2470, 3080, 3685, 4296, 4901, 5506, 6107, 6713, 7326, 7936, 8539]","[1179, 1765, 3121, 4586, 5250, 6506, 7495]",0.38095238095238093,91.5,00:00:00,0.1228034533560276,1.3983540578003598e-05
