Algorithm,Log Source,Log,Complete-Window Size,Detection-Window Size,Stable Period,Detected Changepoints,Actual Changepoints for Log,F1-Score,Average Lag,Duration,Duration (Seconds),Seconds per Case
LCDD,with_noise_20,log_56_1687182007,100,100,20,"[104, 204, 311, 431, 535, 635, 744, 846, 949, 1055, 1158, 1258, 1358, 1465, 1566, 1673, 1775, 1877, 1986, 2091, 2191, 2293, 2393, 2506, 2613]","[999, 1336]",0.14814814814814814,36.0,00:00:00,0.08839676156640053,3.281245789398683e-05
