Algorithm,Log Source,Log,Complete-Window Size,Detection-Window Size,Stable Period,Detected Changepoints,Actual Changepoints for Log,F1-Score,Average Lag,Duration,Duration (Seconds),Seconds per Case
LCDD,with_noise_10,log_91_1687182059,100,100,200,"[102, 206, 307, 411, 518, 619, 724, 824, 928, 1036, 1137, 1239, 1345, 1445, 1549, 1649, 1756, 1856, 1962, 2066, 2166, 2267, 2369, 2481, 2581, 2682, 2782, 2883, 2985, 3085, 3185, 3286, 3388, 3490, 3590, 3692, 3793, 3897, 3998, 4105, 4209, 4310, 4413, 4514, 4616, 4717, 4819, 4919, 5020, 5120]","[806, 1021, 2361, 2754, 3407, 3685]",0.21428571428571425,15.833333333333334,00:00:00,0.22577720414847136,4.39084411023865e-05
