Algorithm,Log Source,Log,Complete-Window Size,Detection-Window Size,Stable Period,Detected Changepoints,Actual Changepoints for Log,F1-Score,Average Lag,Duration,Duration (Seconds),Seconds per Case
LCDD,without_noise,log_87_1687182053,100,100,10,"[104, 215, 364, 477, 579, 748, 884, 989, 1164, 1270, 1384, 1514, 1615, 1740, 1842, 1955, 2055, 2167, 2274, 2378, 2497, 2600, 2702, 2809, 2926, 3058, 3165, 3282, 3437, 3578, 3692, 3823, 3957, 4069, 4191, 4292, 4402, 4526]","[1385, 2862, 3527, 3777]",0.1904761904761905,37.75,00:00:00,0.13005846366286278,2.8428079489150335e-05
