Algorithm,Log Source,Log,Complete-Window Size,Detection-Window Size,Stable Period,Detected Changepoints,Actual Changepoints for Log,F1-Score,Average Lag,Duration,Duration (Seconds),Seconds per Case
LCDD,with_noise_10,log_29_1692952298,400,400,50,"[404, 811, 1226, 1634, 2035, 2435, 2847, 3249, 3658, 4074, 4474, 4881, 5281, 5688, 6094, 6494, 6906, 7320, 7722, 8125, 8527, 8935, 9355, 9758, 10165, 10571, 10983, 11385, 11787, 12189, 12599, 13000, 13400, 13825, 14254]","[1213, 1756, 2868, 4306, 5136, 6404, 7812, 9139, 10570, 11620, 12291, 13397]",0.4680851063829787,83.81818181818181,00:00:00,0.3702082335948944,2.5579232612098003e-05
