Algorithm,Log Source,Log,Complete-Window Size,Detection-Window Size,Stable Period,Detected Changepoints,Actual Changepoints for Log,F1-Score,Average Lag,Duration,Duration (Seconds),Seconds per Case
LCDD,with_noise_10,log_31_1687181960,100,100,50,"[109, 214, 315, 421, 526, 626, 733, 839, 940, 1040, 1140, 1253, 1354, 1454, 1554, 1659, 1762, 1863, 1966, 2067, 2170, 2271, 2408, 2511, 2615, 2716, 2816, 2918, 3018, 3127, 3228, 3332, 3435, 3536, 3638, 3739, 3841, 3941, 4048, 4148, 4249]","[1043, 1868, 2070, 3338, 3677]",0.21739130434782605,11.2,00:00:00,0.29458766151219606,6.839741386398794e-05
