Algorithm,Log Source,Log,Complete-Window Size,Detection-Window Size,Stable Period,Detected Changepoints,Actual Changepoints for Log,F1-Score,Average Lag,Duration,Duration (Seconds),Seconds per Case
LCDD,with_noise_10,log_29_1692952298,200,200,200,"[206, 411, 626, 826, 1028, 1229, 1433, 1634, 1834, 2035, 2243, 2449, 2651, 2856, 3057, 3260, 3467, 3667, 3874, 4074, 4298, 4511, 4721, 4921, 5121, 5322, 5527, 5728, 5931, 6133, 6336, 6549, 6749, 6949, 7153, 7353, 7563, 7765, 7965, 8166, 8369, 8577, 8782, 9004, 9205, 9407, 9616, 9826, 10038, 10245, 10462, 10663, 10871, 11072, 11272, 11472, 11677, 11897, 12097, 12303, 12506, 12709, 12909, 13111, 13321, 13521, 13721, 13923, 14123, 14330]","[1213, 1756, 2868, 4306, 5136, 6404, 7812, 9139, 10570, 11620, 12291, 13397]",0.2926829268292683,45.666666666666664,00:00:00,0.1648813970386982,1.1392344160761293e-05
