Algorithm,Log Source,Log,Complete-Window Size,Detection-Window Size,Stable Period,Detected Changepoints,Actual Changepoints for Log,F1-Score,Average Lag,Duration,Duration (Seconds),Seconds per Case
LCDD,with_noise_15,log_53_1687182005,100,100,5,"[100, 202, 324, 425, 525, 632, 737, 837, 940, 1044, 1160, 1261, 1363, 1472, 1596, 1700, 1809, 1914, 2018, 2124, 2225, 2326]","[1024, 1283]",0.16666666666666669,21.0,00:00:00,0.011270897462964058,4.7217836040905144e-06
