Algorithm,Log Source,Log,Complete-Window Size,Detection-Window Size,Stable Period,Detected Changepoints,Actual Changepoints for Log,F1-Score,Average Lag,Duration,Duration (Seconds),Seconds per Case
LCDD,with_noise_5,log_49_1692952403,600,600,50,"[619, 1273, 1874, 2480, 3174, 3821, 4453, 5067, 5667, 6363, 7007, 7695, 8659, 9262, 9886, 10494, 11228, 11964]","[1207, 2115, 3260, 3826, 4852, 5704, 6865, 8311, 8890, 10017, 10880]",0.41379310344827586,77.83333333333333,00:00:00,0.178271459415555,1.4490080420674226e-05
