Algorithm,Log Source,Log,Complete-Window Size,Detection-Window Size,Stable Period,Detected Changepoints,Actual Changepoints for Log,F1-Score,Average Lag,Duration,Duration (Seconds),Seconds per Case
LCDD,with_noise_20,log_97_1687182074,100,100,200,"[100, 200, 305, 414, 515, 619, 720, 820, 921, 1022, 1131, 1233, 1341, 1443, 1543, 1648, 1748, 1857, 1963, 2064, 2168, 2268, 2368, 2468, 2574, 2675, 2782, 2887, 2987, 3088, 3193, 3298, 3401, 3518, 3618, 3721, 3833, 3933, 4034, 4134, 4236, 4353, 4465, 4570, 4671, 4772, 4875, 4976]","[1151, 2334, 3469, 3787]",0.15384615384615385,37.25,00:00:00,0.10075790248811245,2.02122171490697e-05
