Algorithm,Log Source,Log,Complete-Window Size,Detection-Window Size,Stable Period,Detected Changepoints,Actual Changepoints for Log,F1-Score,Average Lag,Duration,Duration (Seconds),Seconds per Case
LCDD,with_noise_5,log_93_1692952613,400,400,10,"[444, 854, 1365, 1812, 2236, 2912, 3350, 3795, 4238, 4886, 5314, 5781, 6244, 6912, 7398]","[1019, 1564, 2739, 4083, 5315, 6443]",0.5714285714285715,148.66666666666666,00:00:00,0.09051811881363392,1.1840172506688544e-05
