Algorithm,Log Source,Log,Complete-Window Size,Detection-Window Size,Stable Period,Detected Changepoints,Actual Changepoints for Log,F1-Score,Average Lag,Duration,Duration (Seconds),Seconds per Case
LCDD,with_noise_10,log_20_1692952238,800,800,200,"[867, 1694, 2653, 3471, 4277, 5085, 5947, 6789, 7605, 8567, 9395, 10222, 11074, 11904, 12764, 13577, 14472]","[1357, 2105, 3482, 4422, 5484, 6787, 8017, 9381, 10872, 11904, 12802, 13833]",0.41379310344827586,35.0,00:00:00,0.23402034677565098,1.5552624893709775e-05
