Algorithm,Log Source,Log,Complete-Window Size,Detection-Window Size,Stable Period,Detected Changepoints,Actual Changepoints for Log,F1-Score,Average Lag,Duration,Duration (Seconds),Seconds per Case
LCDD,without_noise,log_32_1692952308,400,400,50,"[469, 1027, 1463, 1863, 2478, 2878, 3386, 4104, 4504, 4944, 5347, 5769, 6291, 6691, 7273, 7913, 8494, 8967, 9507, 9913, 10316, 10735, 11332, 11786, 12186]","[1486, 2272, 3660, 4340, 5709, 6587, 7907, 8621, 9625, 10324, 11599]",0.5,88.55555555555556,00:00:00,0.11628991179168224,9.14588374295574e-06
