Algorithm,Log Source,Log,Complete-Window Size,Detection-Window Size,Stable Period,Detected Changepoints,Actual Changepoints for Log,F1-Score,Average Lag,Duration,Duration (Seconds),Seconds per Case
LCDD,with_noise_15,log_1_1687181916,100,100,150,"[102, 202, 305, 406, 508, 615, 715, 819, 919, 1020, 1122, 1227, 1331, 1432, 1533, 1633, 1736, 1839, 1939, 2039, 2142, 2242, 2346, 2451, 2551, 2658, 2758, 2863, 2965, 3065, 3166, 3267, 3370, 3473, 3579, 3682, 3784, 3884, 3986, 4087, 4192, 4292, 4397, 4497, 4598, 4700]","[1292, 2437, 3613]",0.12244897959183672,29.0,00:00:00,0.23529700189828873,4.9619781083569955e-05
