Algorithm,Log Source,Log,Complete-Window Size,Detection-Window Size,Stable Period,Detected Changepoints,Actual Changepoints for Log,F1-Score,Average Lag,Duration,Duration (Seconds),Seconds per Case
LCDD,with_noise_15,log_7_1687181925,100,100,20,"[102, 204, 367, 517, 665, 818, 918, 1044, 1144, 1251, 1368, 1479, 1592, 1694, 1842, 1950, 2092, 2206, 2329, 2446, 2553, 2698, 2869, 2984, 3085, 3189, 3314, 3414, 3550, 3657, 3769, 3872, 3975, 4078, 4183, 4293, 4407, 4535, 4645]","[920, 1720, 2103, 3052, 3413]",0.22727272727272727,14.6,00:00:00,0.15041166078299284,3.165894775478696e-05
