Algorithm,Log Source,Log,Complete-Window Size,Detection-Window Size,Stable Period,Detected Changepoints,Actual Changepoints for Log,F1-Score,Average Lag,Duration,Duration (Seconds),Seconds per Case
LCDD,with_noise_5,log_89_1692952588,100,100,20,"[115, 218, 328, 433, 534, 642, 778, 890, 997, 1103, 1224, 1325, 1437, 1565, 1682, 1783, 1889, 1993, 2101, 2203, 2306, 2420, 2560, 2666, 2769, 2872, 2972, 3072, 3181, 3285, 3395, 3498, 3602, 3704, 3821, 3932, 4040, 4140, 4240, 4349, 4454, 4556, 4681, 4811, 4958, 5065, 5173, 5279, 5379, 5484, 5584, 5687, 5817, 5924, 6029, 6142, 6246, 6348, 6450, 6557, 6657, 6771, 6875, 6989, 7092, 7194, 7296, 7397, 7503, 7609, 7712, 7824, 7942, 8048, 8166, 8274, 8392, 8498, 8609, 8722, 8854, 8975, 9078, 9178, 9280, 9380, 9502, 9606, 9738, 9839, 9950, 10057, 10159, 10259, 10363, 10463, 10587, 10716, 10844, 10959, 11071, 11174, 11284, 11392, 11500, 11612, 11715, 11824, 11944, 12050, 12152, 12266, 12381, 12486, 12588, 12699, 12805, 12914, 13019, 13129, 13240, 13342, 13458, 13562, 13674, 13792, 13899, 14047, 14160, 14273, 14373, 14482, 14596, 14697, 14823, 14924, 15027, 15128, 15233, 15341, 15452, 15598, 15704, 15831, 15953, 16054, 16156, 16256, 16362, 16476, 16576, 16677, 16792]","[1231, 2194, 3370, 4789, 6034, 6961, 8392, 8969, 10160, 11100, 12512, 13171, 14519, 15691]",0.16766467065868265,17.857142857142858,00:00:00,0.34874266013503075,2.072641507993764e-05
