Algorithm,Log Source,Log,Complete-Window Size,Detection-Window Size,Stable Period,Detected Changepoints,Actual Changepoints for Log,F1-Score,Average Lag,Duration,Duration (Seconds),Seconds per Case
LCDD,with_noise_15,log_95_1687182068,100,100,150,"[103, 204, 319, 419, 525, 625, 727, 827, 928, 1031, 1137, 1240, 1341, 1442, 1545, 1645, 1745, 1846, 1949, 2049, 2154, 2254, 2360, 2461, 2561, 2664, 2767, 2869, 2970, 3073, 3174, 3278, 3379, 3479, 3583, 3683, 3783, 3888, 3989, 4090, 4190, 4291, 4397, 4508, 4608, 4708, 4818, 4918, 5018, 5120, 5222, 5324, 5424, 5524, 5624]","[561, 936, 2338, 2712, 4212]",0.16666666666666669,27.2,00:00:00,0.1315899770706892,2.332742015080468e-05
