Algorithm,Log Source,Log,Complete-Window Size,Detection-Window Size,Stable Period,Detected Changepoints,Actual Changepoints for Log,F1-Score,Average Lag,Duration,Duration (Seconds),Seconds per Case
LCDD,with_noise_5,log_62_1692952457,100,100,150,"[103, 211, 311, 422, 547, 651, 758, 861, 1028, 1143, 1251, 1353, 1454, 1558, 1680, 1782, 1882, 2013, 2126, 2237, 2358, 2464, 2581, 2699, 2804, 2912, 3015, 3130, 3247, 3348, 3453, 3580, 3683, 3799, 3921, 4023, 4125, 4261, 4372, 4498, 4601, 4706, 4813, 4915, 5028, 5170, 5281, 5383, 5484, 5609, 5715, 5819, 5921, 6043, 6148, 6248, 6350, 6455, 6561, 6665, 6791, 6900, 7005, 7118, 7223, 7382, 7493, 7601, 7705, 7808, 7908, 8028, 8188, 8304, 8404, 8535, 8641, 8755, 8855, 8956, 9073, 9191, 9299, 9412, 9528]","[1344, 2257, 3301, 4214, 5614, 6547, 7639, 8311]",0.17204301075268816,23.375,00:00:00,0.1260712966322899,1.3110575772908682e-05
