Algorithm,Log Source,Log,Complete-Window Size,Detection-Window Size,Stable Period,Detected Changepoints,Actual Changepoints for Log,F1-Score,Average Lag,Duration,Duration (Seconds),Seconds per Case
LCDD,with_noise_10,log_41_1687181983,100,100,150,"[130, 244, 361, 481, 582, 716, 821, 947, 1049, 1157, 1257, 1372, 1472, 1587, 1687, 1794, 1899, 1999, 2103, 2223, 2329, 2449, 2572, 2676, 2778, 2905, 3021, 3122, 3225, 3331, 3442, 3565, 3669, 3781, 3887, 3999, 4099, 4200, 4309, 4429, 4531, 4636, 4746]","[601, 890, 2386, 2718, 3227, 3580]",0.24489795918367346,32.0,00:00:00,0.09725784603506327,2.031283334065649e-05
