Algorithm,Log Source,Log,Complete-Window Size,Detection-Window Size,Stable Period,Detected Changepoints,Actual Changepoints for Log,F1-Score,Average Lag,Duration,Duration (Seconds),Seconds per Case
LCDD,with_noise_10,log_91_1687182059,300,300,50,"[302, 611, 911, 1220, 1524, 1825, 2128, 2434, 2739, 3039, 3350, 3653, 3954, 4259, 4562, 4866]","[806, 1021, 2361, 2754, 3407, 3685]",0.5454545454545454,80.33333333333333,00:00:00,0.2498420299962163,4.858849280362044e-05
