Algorithm,Log Source,Log,Complete-Window Size,Detection-Window Size,Stable Period,Detected Changepoints,Actual Changepoints for Log,F1-Score,Average Lag,Duration,Duration (Seconds),Seconds per Case
LCDD,with_noise_20,log_10_1687181929,100,100,5,"[100, 201, 306, 409, 509, 609, 711, 811, 911, 1014, 1114, 1214, 1318, 1419, 1519, 1624, 1729, 1833, 1933, 2038, 2139, 2239, 2341, 2442, 2542]","[1446, 1821]",0.14814814814814814,19.5,00:00:00,0.13159623742103577,5.106567226272245e-05
