Algorithm,Log Source,Log,Complete-Window Size,Detection-Window Size,Stable Period,Detected Changepoints,Actual Changepoints for Log,F1-Score,Average Lag,Duration,Duration (Seconds),Seconds per Case
LCDD,with_noise_10,log_95_1687182068,100,100,100,"[105, 207, 311, 416, 527, 627, 729, 831, 938, 1039, 1146, 1247, 1357, 1459, 1560, 1662, 1762, 1865, 1969, 2069, 2169, 2269, 2370, 2470, 2574, 2674, 2775, 2881, 2982, 3084, 3185, 3289, 3395, 3496, 3602, 3706, 3807, 3907, 4013, 4114, 4214, 4319, 4419, 4520, 4620, 4720, 4822, 4927, 5029, 5129, 5230, 5330, 5430, 5538, 5639]","[561, 936, 2338, 2712, 4212]",0.16666666666666669,21.6,00:00:00,0.24273919500410557,4.303123471088558e-05
