Algorithm,Log Source,Log,Complete-Window Size,Detection-Window Size,Stable Period,Detected Changepoints,Actual Changepoints for Log,F1-Score,Average Lag,Duration,Duration (Seconds),Seconds per Case
LCDD,with_noise_10,log_26_1692952272,800,800,150,"[876, 1693, 2548, 3363, 4187, 5001, 5847, 6650, 7461, 8302, 9103, 9915, 10722, 11557, 12362, 13164]","[1263, 1769, 2996, 3623, 4914, 5584, 6650, 7268, 8328, 9041, 10411, 11880, 12742]",0.41379310344827586,74.0,00:00:00,0.4382630977779627,3.132016706767403e-05
