Algorithm,Log Source,Log,Complete-Window Size,Detection-Window Size,Stable Period,Detected Changepoints,Actual Changepoints for Log,F1-Score,Average Lag,Duration,Duration (Seconds),Seconds per Case
LCDD,with_noise_10,log_50_1687182000,100,100,100,"[107, 207, 311, 412, 513, 613, 714, 814, 924, 1025, 1127, 1228, 1328, 1428, 1533, 1633, 1734, 1834, 1941, 2045, 2146, 2246, 2346, 2448, 2548, 2651, 2753, 2862, 2963, 3066, 3166, 3268, 3381, 3484, 3590, 3696, 3799, 3902, 4007, 4111, 4220, 4329, 4430, 4533, 4634, 4742, 4844, 4944, 5044, 5144]","[1406, 1636, 2269, 2506, 3766]",0.18181818181818182,24.6,00:00:00,0.160893595777452,3.066392143652601e-05
