Algorithm,Log Source,Log,Complete-Window Size,Detection-Window Size,Stable Period,Detected Changepoints,Actual Changepoints for Log,F1-Score,Average Lag,Duration,Duration (Seconds),Seconds per Case
LCDD,with_noise_5,log_68_1687182024,100,100,150,"[120, 227, 338, 438, 538, 639, 739, 850, 957, 1059, 1165, 1265, 1368, 1477, 1607, 1714, 1816, 1921, 2024, 2125, 2225, 2327, 2430, 2548, 2677, 2784, 2889, 2990, 3091, 3197, 3301, 3421, 3538, 3648, 3757, 3857, 3960, 4069, 4172, 4274, 4388, 4491]","[896, 1272, 1818, 2030, 2923, 3240]",0.25,23.0,00:00:00,0.07176162302494049,1.58870097465e-05
