Algorithm,Log Source,Log,Complete-Window Size,Detection-Window Size,Stable Period,Detected Changepoints,Actual Changepoints for Log,F1-Score,Average Lag,Duration,Duration (Seconds),Seconds per Case
LCDD,with_noise_5,log_1_1687181916,200,200,5,"[200, 406, 609, 818, 1036, 1269, 1473, 1683, 1885, 2092, 2303, 2511, 2715, 2916, 3119, 3319, 3523, 3724, 3924, 4125, 4336, 4548]","[1292, 2437, 3613]",0.24000000000000002,62.333333333333336,00:00:00,0.12084211502224207,2.5483364618777323e-05
