Algorithm,Log Source,Log,Complete-Window Size,Detection-Window Size,Stable Period,Detected Changepoints,Actual Changepoints for Log,F1-Score,Average Lag,Duration,Duration (Seconds),Seconds per Case
LCDD,with_noise_5,log_70_1692952508,200,200,5,"[228, 443, 650, 867, 1085, 1286, 1502, 1705, 1934, 2138, 2351, 2560, 2785, 2985, 3195, 3399, 3614, 3854, 4069, 4273, 4484, 4687, 4895, 5112, 5325, 5543, 5750, 5979, 6179, 6383, 6593, 6795, 7023, 7228]","[1422, 2050, 3140, 3964, 5285, 5909]",0.3,73.0,00:00:00,0.10542560555040836,1.4527436344275646e-05
