Algorithm,Log Source,Log,Complete-Window Size,Detection-Window Size,Stable Period,Detected Changepoints,Actual Changepoints for Log,F1-Score,Average Lag,Duration,Duration (Seconds),Seconds per Case
LCDD,with_noise_5,log_5_1692952170,100,100,200,"[109, 209, 332, 433, 544, 646, 746, 848, 951, 1065, 1169, 1284, 1384, 1495, 1605, 1707, 1820, 1923, 2035, 2154, 2259, 2364, 2470, 2600, 2706, 2807, 2910, 3011, 3117, 3222, 3336, 3440, 3546, 3650, 3751, 3851, 3951, 4053, 4154, 4265, 4369, 4470, 4580, 4684]","[1303, 2347, 3538]",0.1276595744680851,14.666666666666666,00:00:00,0.2988118901848793,6.364470504470273e-05
