Algorithm,Log Source,Log,Complete-Window Size,Detection-Window Size,Stable Period,Detected Changepoints,Actual Changepoints for Log,F1-Score,Average Lag,Duration,Duration (Seconds),Seconds per Case
LCDD,without_noise,log_35_1692952322,800,800,10,"[1454, 2861, 4953, 6341, 8281, 9081, 10425, 11225, 12327]","[1452, 2862, 3554, 4954, 6341, 7205, 8282, 8926, 10355, 11253, 12328, 13284]",0.8571428571428571,28.77777777777778,00:00:00,0.9614699259400368,6.615770494323517e-05
