Algorithm,Log Source,Log,Complete-Window Size,Detection-Window Size,Stable Period,Detected Changepoints,Actual Changepoints for Log,F1-Score,Average Lag,Duration,Duration (Seconds),Seconds per Case
LCDD,with_noise_10,log_21_1692952246,100,100,100,"[109, 228, 329, 474, 578, 691, 811, 929, 1067, 1185, 1369, 1474, 1577, 1687, 1806, 1913, 2014, 2147, 2269, 2380, 2494, 2671, 2811, 2948, 3053, 3185, 3293, 3423, 3555, 3671, 3778, 3892, 3994, 4106, 4300, 4414, 4538, 4664, 4769, 4904, 5015, 5190, 5290, 5398, 5519, 5628, 5776, 5881, 6028, 6148, 6261, 6368, 6473, 6584, 6709, 6823]","[1096, 1828, 3150, 4136, 5287, 5888]",0.19354838709677416,21.0,00:00:00,0.27061061561107635,3.908298896751536e-05
