Algorithm,Log Source,Log,Complete-Window Size,Detection-Window Size,Stable Period,Detected Changepoints,Actual Changepoints for Log,F1-Score,Average Lag,Duration,Duration (Seconds),Seconds per Case
LCDD,with_noise_5,log_71_1687182031,100,100,10,"[102, 211, 317, 419, 530, 632, 739, 844, 947, 1055, 1173, 1274, 1402, 1509, 1619, 1720, 1823, 1924, 2038, 2144, 2257, 2373, 2473, 2573, 2681, 2786, 2888, 2994, 3114, 3225, 3325, 3425, 3527, 3636, 3737, 3866, 3972, 4074, 4206, 4324, 4430]","[940, 1158, 1961, 2167, 3303, 3626]",0.2553191489361702,19.0,00:00:00,0.09766684751957655,2.1650819667385623e-05
