Algorithm,Log Source,Log,Complete-Window Size,Detection-Window Size,Stable Period,Detected Changepoints,Actual Changepoints for Log,F1-Score,Average Lag,Duration,Duration (Seconds),Seconds per Case
LCDD,with_noise_5,log_32_1692952308,200,200,200,"[216, 434, 637, 862, 1074, 1280, 1485, 1718, 1923, 2135, 2346, 2551, 2759, 2961, 3171, 3373, 3590, 3791, 4014, 4217, 4418, 4625, 4825, 5028, 5230, 5431, 5633, 5833, 6036, 6238, 6448, 6665, 6884, 7088, 7291, 7501, 7715, 7917, 8121, 8322, 8534, 8734, 8944, 9146, 9348, 9560, 9762, 9971, 10177, 10395, 10596, 10797, 11011, 11214, 11416, 11629, 11845, 12055, 12262, 12479, 12681]","[1486, 2272, 3660, 4340, 5709, 6587, 7907, 8621, 9625, 10324, 11599]",0.3055555555555556,58.18181818181818,00:00:00,0.2781581077724695,2.187637497227444e-05
