Algorithm,Log Source,Log,Complete-Window Size,Detection-Window Size,Stable Period,Detected Changepoints,Actual Changepoints for Log,F1-Score,Average Lag,Duration,Duration (Seconds),Seconds per Case
LCDD,without_noise,log_32_1692952308,200,200,100,"[469, 866, 1066, 1280, 1485, 1806, 2074, 2274, 2478, 2728, 3013, 3386, 3621, 3988, 4203, 4426, 4725, 4944, 5144, 5347, 5610, 5811, 6011, 6238, 6466, 6666, 6930, 7273, 7633, 7867, 8067, 8296, 8510, 8856, 9171, 9507, 9709, 9913, 10245, 10518, 10735, 10936, 11332, 11547, 11786, 12036, 12354]","[1486, 2272, 3660, 4340, 5709, 6587, 7907, 8621, 9625, 10324, 11599]",0.3793103448275862,61.09090909090909,00:00:00,0.32436846010386944,2.5510692890591384e-05
