Algorithm,Log Source,Log,Complete-Window Size,Detection-Window Size,Stable Period,Detected Changepoints,Actual Changepoints for Log,F1-Score,Average Lag,Duration,Duration (Seconds),Seconds per Case
LCDD,with_noise_5,log_57_1687182008,200,200,150,"[204, 434, 652, 872, 1074, 1322, 1543, 1743, 1973, 2283, 2567, 2817, 3075, 3277, 3509, 3725, 3962, 4173, 4396, 4596, 4817, 5034, 5329, 5538]","[1216, 1576, 2324, 2698, 4174, 4390]",0.4,51.0,00:00:00,0.26587648689746857,4.6958051377157994e-05
