Algorithm,Log Source,Log,Complete-Window Size,Detection-Window Size,Stable Period,Detected Changepoints,Actual Changepoints for Log,F1-Score,Average Lag,Duration,Duration (Seconds),Seconds per Case
LCDD,with_noise_10,log_50_1687182000,100,100,200,"[105, 205, 305, 407, 507, 614, 714, 817, 923, 1023, 1125, 1227, 1330, 1437, 1549, 1661, 1766, 1877, 1982, 2084, 2187, 2294, 2395, 2495, 2598, 2702, 2802, 2908, 3025, 3128, 3242, 3344, 3453, 3559, 3659, 3765, 3865, 3967, 4074, 4175, 4275, 4375, 4475, 4575, 4675, 4782, 4882, 4983, 5095, 5196]","[1406, 1636, 2269, 2506, 3766]",0.18181818181818182,18.6,00:00:00,0.17532392218708992,3.341412658416046e-05
