Algorithm,Log Source,Log,Complete-Window Size,Detection-Window Size,Stable Period,Detected Changepoints,Actual Changepoints for Log,F1-Score,Average Lag,Duration,Duration (Seconds),Seconds per Case
LCDD,with_noise_10,log_13_1692952198,300,300,20,"[301, 608, 922, 1234, 1537, 1847, 2149, 2450, 2751, 3057, 3364, 3666, 3970, 4276, 4587, 4895, 5197, 5498, 5819, 6124, 6430, 6732, 7034, 7338, 7641, 7960, 8267, 8576, 8880, 9182, 9485, 9785, 10102, 10404, 10722]","[1285, 2064, 3509, 4569, 6017, 7324, 8391, 9657]",0.3720930232558139,84.0,00:00:00,0.5493358112871647,5.097298054070379e-05
