Algorithm,Log Source,Log,Complete-Window Size,Detection-Window Size,Stable Period,Detected Changepoints,Actual Changepoints for Log,F1-Score,Average Lag,Duration,Duration (Seconds),Seconds per Case
LCDD,with_noise_10,log_42_1692952376,200,200,50,"[234, 444, 689, 947, 1237, 1440, 1810, 2234, 2466]","[1465, 2388, 3805, 4827, 5718, 6808, 7871, 8414, 9656, 10599, 11897, 12538]",0.1904761904761905,51.5,00:00:00,0.30341423116624355,2.1803264671331097e-05
