Algorithm,Log Source,Log,Complete-Window Size,Detection-Window Size,Stable Period,Detected Changepoints,Actual Changepoints for Log,F1-Score,Average Lag,Duration,Duration (Seconds),Seconds per Case
LCDD,with_noise_5,log_28_1692952287,400,400,50,"[420, 826, 1246, 1668, 2081, 2491, 2893, 3294, 3701, 4104, 4522, 4936, 5357, 5771, 6171, 6594, 7006]","[1456, 2546, 3808, 4591, 5837]",0.3636363636363636,74.25,00:00:00,0.3500106409192085,4.903483341541167e-05
