Algorithm,Log Source,Log,Complete-Window Size,Detection-Window Size,Stable Period,Detected Changepoints,Actual Changepoints for Log,F1-Score,Average Lag,Duration,Duration (Seconds),Seconds per Case
LCDD,with_noise_5,log_68_1687182024,200,200,5,"[203, 415, 620, 836, 1059, 1265, 1477, 1685, 1895, 2095, 2301, 2502, 2726, 2930, 3138, 3350, 3567, 3804, 4005, 4205, 4425]","[896, 1272, 1818, 2030, 2923, 3240]",0.4444444444444445,53.0,00:00:00,0.07509927172213793,1.6625918025711298e-05
