Algorithm,Log Source,Log,Complete-Window Size,Detection-Window Size,Stable Period,Detected Changepoints,Actual Changepoints for Log,F1-Score,Average Lag,Duration,Duration (Seconds),Seconds per Case
LCDD,with_noise_5,log_83_1692952563,200,200,10,"[208, 411, 614, 824, 1028, 1259, 1460, 1660, 1860, 2066, 2270, 2476, 2676, 2890, 3101, 3304, 3505, 3706, 3908, 4110, 4316, 4523, 4724, 4926, 5129, 5330, 5536, 5741, 5943, 6147, 6350, 6551, 6752, 6973, 7174, 7384, 7593, 7794, 8012, 8217]","[1140, 2294, 3652, 5073, 6291, 6948]",0.2608695652173913,55.0,00:00:00,0.3575670160353184,4.284805464773138e-05
