Algorithm,Log Source,Log,Complete-Window Size,Detection-Window Size,Stable Period,Detected Changepoints,Actual Changepoints for Log,F1-Score,Average Lag,Duration,Duration (Seconds),Seconds per Case
LCDD,with_noise_20,log_16_1687181934,200,200,10,"[200, 409, 609, 809, 1009, 1215, 1418, 1621, 1821, 2021, 2221, 2421, 2621, 2823, 3024, 3228, 3432, 3643, 3845]","[1218, 1793, 2771]",0.2727272727272727,27.666666666666668,00:00:00,0.04594938922673464,1.1384883356475381e-05
