Algorithm,Log Source,Log,Complete-Window Size,Detection-Window Size,Stable Period,Detected Changepoints,Actual Changepoints for Log,F1-Score,Average Lag,Duration,Duration (Seconds),Seconds per Case
LCDD,with_noise_20,log_40_1687181982,100,100,20,"[109, 223, 364, 471, 602, 717, 847, 955, 1146, 1262, 1388, 1491, 1600, 1713, 1820, 1922, 2044, 2144, 2244, 2347, 2453]","[1205, 2115, 3442]",0.16666666666666666,43.0,00:00:00,0.13685904629528522,3.044695134489104e-05
