Algorithm,Log Source,Log,Complete-Window Size,Detection-Window Size,Stable Period,Detected Changepoints,Actual Changepoints for Log,F1-Score,Average Lag,Duration,Duration (Seconds),Seconds per Case
LCDD,with_noise_10,log_29_1692952298,300,300,10,"[301, 607, 933, 1253, 1556, 1858, 2164, 2471, 2776, 3077, 3390, 3692, 3997, 4298, 4609, 4921, 5237, 5537, 5843, 6173, 6482, 6805, 7108, 7420, 7722, 8026, 8339, 8642, 8943, 9250, 9551, 9858, 10165, 10467, 10768, 11072, 11379, 11683, 11989, 12303, 12604, 12904, 13233, 13535, 13837, 14169]","[1213, 1756, 2868, 4306, 5136, 6404, 7812, 9139, 10570, 11620, 12291, 13397]",0.41379310344827586,78.16666666666667,00:00:00,0.24101214483380318,1.665253539928164e-05
