Algorithm,Log Source,Log,Complete-Window Size,Detection-Window Size,Stable Period,Detected Changepoints,Actual Changepoints for Log,F1-Score,Average Lag,Duration,Duration (Seconds),Seconds per Case
LCDD,with_noise_10,log_60_1692952441,800,800,200,"[858, 1679, 2501, 3332, 4204, 5017, 5946, 6784, 7671, 8477, 9280, 10087, 10892]","[1176, 1816, 2868, 3524, 5017, 6406, 7452, 8819, 10127]",0.3636363636363637,92.25,00:00:00,0.4758800379931927,4.195733009991118e-05
