Algorithm,Log Source,Log,Complete-Window Size,Detection-Window Size,Stable Period,Detected Changepoints,Actual Changepoints for Log,F1-Score,Average Lag,Duration,Duration (Seconds),Seconds per Case
LCDD,with_noise_10,log_85_1692952576,200,200,100,"[217, 432, 642, 851, 1053, 1380, 1665, 1957, 2185, 2388, 2596, 2800, 3029, 3291, 3559, 3763, 3986, 4225, 4506, 4708, 4986, 5242, 5465, 5684, 5937, 6157, 6382, 6603, 6813, 7014, 7237, 7459, 7681, 7889, 8093, 8316, 8539, 8798, 9007, 9222, 9467]","[1459, 1990, 3383, 4503, 5074, 6148, 6878, 8310]",0.326530612244898,46.875,00:00:00,0.10805407352745533,1.1038315816473115e-05
