Algorithm,Log Source,Log,Complete-Window Size,Detection-Window Size,Stable Period,Detected Changepoints,Actual Changepoints for Log,F1-Score,Average Lag,Duration,Duration (Seconds),Seconds per Case
LCDD,with_noise_5,log_49_1692952403,200,200,150,"[204, 421, 647, 851, 1091, 1305, 1530, 1758, 2072, 2288, 2500, 2717, 2978, 3182, 3395, 3604, 3813, 4024, 4225, 4426, 4634, 4851, 5063, 5267, 5483, 5718, 5931, 6150, 6363, 6578, 6793, 6998, 7227, 7428, 7635, 7842, 8053, 8315, 8540, 8745, 8992, 9206, 9408, 9609, 9886, 10110, 10324, 10538, 10768, 10983, 11192, 11458, 11662, 11964, 12216]","[1207, 2115, 3260, 3826, 4852, 5704, 6865, 8311, 8890, 10017, 10880]",0.33333333333333337,56.45454545454545,00:00:00,0.38074845634400845,3.0947610854589e-05
