Algorithm,Log Source,Log,Complete-Window Size,Detection-Window Size,Stable Period,Detected Changepoints,Actual Changepoints for Log,F1-Score,Average Lag,Duration,Duration (Seconds),Seconds per Case
LCDD,with_noise_10,log_54_1687182005,100,100,20,"[109, 233, 334, 437, 538, 652, 781, 881, 996, 1097, 1199, 1300, 1402, 1513, 1614, 1719, 1828, 1934, 2043, 2144, 2256, 2406, 2523, 2633, 2741, 2846, 2947, 3060, 3172, 3272, 3397, 3500, 3600, 3703, 3804, 3922, 4027, 4128, 4233, 4335, 4435, 4538, 4638, 4746]","[1171, 1523, 2987, 3886, 4123]",0.20408163265306123,23.8,00:00:00,0.03436226770281792,7.1261442768183155e-06
