Algorithm,Log Source,Log,Complete-Window Size,Detection-Window Size,Stable Period,Detected Changepoints,Actual Changepoints for Log,F1-Score,Average Lag,Duration,Duration (Seconds),Seconds per Case
LCDD,with_noise_10,log_46_1687181991,200,200,5,"[210, 443, 646, 853, 1053, 1255, 1456, 1656, 1864, 2072, 2274, 2474, 2683, 2892, 3096, 3297, 3502, 3712, 3919, 4120, 4324, 4545]","[808, 1008, 2422, 3892]",0.3076923076923077,42.25,00:00:00,0.09243540838360786,1.997307873457387e-05
