Algorithm,Log Source,Log,Complete-Window Size,Detection-Window Size,Stable Period,Detected Changepoints,Actual Changepoints for Log,F1-Score,Average Lag,Duration,Duration (Seconds),Seconds per Case
LCDD,with_noise_15,log_43_1687181986,100,100,200,"[101, 203, 305, 406, 506, 608, 711, 813, 913, 1015, 1115, 1215, 1322, 1425, 1528, 1630, 1738, 1840, 1941, 2043, 2143, 2243, 2344, 2444, 2550, 2668, 2771, 2872, 2977, 3087, 3194, 3294, 3396, 3498, 3602, 3704, 3804, 3909, 4012, 4113, 4216]","[979, 1204, 2415, 2632, 3669]",0.21739130434782605,29.4,00:00:00,0.2141094785183668,4.9862477531058876e-05
