Algorithm,Log Source,Log,Complete-Window Size,Detection-Window Size,Stable Period,Detected Changepoints,Actual Changepoints for Log,F1-Score,Average Lag,Duration,Duration (Seconds),Seconds per Case
LCDD,with_noise_5,log_76_1692952523,200,200,10,"[207, 413, 618, 849, 1050, 1251, 1489, 1699, 1903, 2110, 2320, 2539, 2739, 2963, 3186, 3397, 3597, 3821, 4036, 4257, 4466, 4668, 4868, 5075, 5292, 5504, 5705, 5913, 6126, 6343, 6549, 6767, 6967, 7170, 7386, 7596, 7822, 8044, 8245, 8457, 8658]","[1179, 1765, 3121, 4586, 5250, 6506, 7495]",0.2916666666666667,67.28571428571429,00:00:00,0.12596082873642445,1.4343068633161518e-05
