Algorithm,Log Source,Log,Complete-Window Size,Detection-Window Size,Stable Period,Detected Changepoints,Actual Changepoints for Log,F1-Score,Average Lag,Duration,Duration (Seconds),Seconds per Case
LCDD,with_noise_10,log_67_1687182023,100,100,100,"[100, 207, 324, 426, 529, 646, 747, 849, 975, 1079, 1186, 1302, 1409, 1536, 1648, 1762, 1886, 1991, 2091, 2199, 2303, 2404, 2524, 2629, 2743, 2854, 2957, 3112, 3217, 3325, 3438, 3541, 3652, 3775, 3890, 3993, 4093, 4261, 4399]","[933, 1145, 2289, 3129]",0.18604651162790695,28.5,00:00:00,0.02306679915636778,5.189381137540557e-06
