Algorithm,Log Source,Log,Complete-Window Size,Detection-Window Size,Stable Period,Detected Changepoints,Actual Changepoints for Log,F1-Score,Average Lag,Duration,Duration (Seconds),Seconds per Case
LCDD,with_noise_15,log_48_1687181998,100,100,100,"[115, 219, 319, 425, 529, 648, 748, 858, 963, 1074, 1174, 1274, 1388, 1494, 1613, 1715, 1821, 1934, 2034, 2159, 2276, 2392, 2496, 2600, 2722, 2830, 2930, 3039, 3139, 3239, 3340, 3446, 3557, 3662, 3764, 3877, 3982, 4120, 4236]","[1144, 2359, 2666, 3482, 3756]",0.22727272727272727,32.6,00:00:00,0.07253173738718033,1.689928643690129e-05
