Algorithm,Log Source,Log,Complete-Window Size,Detection-Window Size,Stable Period,Detected Changepoints,Actual Changepoints for Log,F1-Score,Average Lag,Duration,Duration (Seconds),Seconds per Case
LCDD,with_noise_10,log_13_1692952198,100,100,10,"[100, 207, 307, 411, 512, 613, 714, 835, 935, 1056, 1156, 1256, 1361, 1462, 1566, 1666, 1773, 1881, 1993, 2096, 2199, 2307, 2407, 2514, 2619, 2722, 2826, 2930, 3033, 3135, 3242, 3347, 3450, 3551, 3653, 3754, 3855, 3965, 4068, 4168, 4276, 4377, 4477, 4587, 4705, 4807, 4911, 5016, 5116, 5219, 5319, 5423, 5525, 5626, 5726, 5826, 5926, 6034, 6145, 6246, 6349, 6461, 6562, 6664, 6764, 6865, 6972, 7075, 7183, 7287, 7389, 7491, 7597, 7705, 7807, 7911, 8012, 8122, 8222, 8322, 8437, 8544, 8651, 8757, 8858, 8958, 9063, 9164, 9271, 9371, 9473, 9576, 9677, 9777, 9877, 9980, 10096, 10202, 10302, 10404, 10511, 10611, 10719]","[1285, 2064, 3509, 4569, 6017, 7324, 8391, 9657]",0.14414414414414414,30.125,00:00:00,0.3130222912877798,2.9045401437114206e-05
