Algorithm,Log Source,Log,Complete-Window Size,Detection-Window Size,Stable Period,Detected Changepoints,Actual Changepoints for Log,F1-Score,Average Lag,Duration,Duration (Seconds),Seconds per Case
LCDD,with_noise_10,log_20_1687181939,100,100,50,"[115, 241, 360, 477, 581, 684, 787, 893, 993, 1100, 1201, 1301, 1419, 1521, 1625, 1733, 1838, 1939, 2063, 2165, 2318, 2426, 2532, 2634, 2742, 2842, 2970, 3087, 3192, 3297, 3402, 3503, 3605, 3706, 3832]","[1383, 2319, 2819]",0.15789473684210528,20.0,00:00:00,0.0723836924880743,1.8408873979673017e-05
