Algorithm,Log Source,Log,Complete-Window Size,Detection-Window Size,Stable Period,Detected Changepoints,Actual Changepoints for Log,F1-Score,Average Lag,Duration,Duration (Seconds),Seconds per Case
LCDD,with_noise_5,log_72_1692952515,300,300,5,"[323, 660, 977, 1290, 1621, 1951, 2253, 2566, 2867, 3167, 3468, 4003, 4316, 4649, 4958, 5268, 5582, 5922, 6270, 6576, 6882, 7211, 7512, 7829, 8147, 8491, 8966, 9282, 9672, 9976, 10287, 10627, 11208]","[1301, 2400, 3024, 4162, 5434, 6322, 7584, 8880, 10111]",0.42857142857142855,105.33333333333333,00:00:00,0.10977797769010067,9.68315936227403e-06
