Algorithm,Log Source,Log,Complete-Window Size,Detection-Window Size,Stable Period,Detected Changepoints,Actual Changepoints for Log,F1-Score,Average Lag,Duration,Duration (Seconds),Seconds per Case
LCDD,without_noise,log_77_1692952527,100,100,20,"[197, 322, 472, 599, 712, 843, 1028, 1157, 1274, 1402, 1502, 1758, 1858, 1958, 2058, 2158, 3257, 3399, 3627, 3763, 3906, 4012, 4196, 4305, 4423, 4523, 4754, 4865, 4989, 5166, 5326, 5428, 5546, 5646, 5748, 5902, 6008, 6113, 6213, 6331, 6639, 6739, 6847, 6967, 7067, 7257, 7392, 7503, 7623, 7728, 7836, 7936, 8077, 8266, 8413, 8573, 8756, 8865, 9122, 9296, 9458, 9656, 9900, 10038, 10141, 10275, 10411, 10614, 10773, 10873, 11013, 11143, 11252, 11387]","[1150, 2081, 3258, 3936, 4990, 6332, 7232, 8267, 9297, 10336]",0.2380952380952381,15.1,00:00:00,0.43446499668061733,3.780257519190963e-05
