Algorithm,Log Source,Log,Complete-Window Size,Detection-Window Size,Stable Period,Detected Changepoints,Actual Changepoints for Log,F1-Score,Average Lag,Duration,Duration (Seconds),Seconds per Case
LCDD,with_noise_5,log_44_1692952384,100,100,20,"[102, 202, 305, 408, 524, 634, 738, 853, 953, 1061, 1163, 1276, 1379, 1480, 1588, 1694, 1799, 1923, 2027, 2130, 2230, 2332, 2432, 2532, 2635, 2735, 2846, 2954, 3055, 3156, 3256, 3363, 3463, 3575, 3680, 3783, 3885, 3988, 4089, 4190, 4292, 4395, 4504, 4606, 4706, 4810, 4916, 5017, 5122, 5228, 5340, 5454, 5559, 5672, 5782, 5899, 6003, 6113, 6217, 6321, 6421, 6524, 6630, 6745, 6845, 6946, 7046, 7157, 7264, 7365, 7472, 7572, 7672, 7772, 7873, 7982, 8084, 8190, 8292, 8395, 8498, 8601, 8707, 8810, 8913, 9022, 9122, 9227, 9328, 9429, 9532, 9656, 9759, 9863, 9963, 10071, 10172, 10274, 10375, 10489, 10592, 10705, 10813, 10913, 11020, 11122, 11228, 11341, 11449]","[1079, 2333, 3288, 4492, 5972, 6979, 7946, 9293, 10347]",0.15254237288135594,25.11111111111111,00:00:00,0.414773304015398,3.603277769224203e-05
