Algorithm,Log Source,Log,Complete-Window Size,Detection-Window Size,Stable Period,Detected Changepoints,Actual Changepoints for Log,F1-Score,Average Lag,Duration,Duration (Seconds),Seconds per Case
LCDD,with_noise_5,log_50_1687182000,100,100,50,"[105, 205, 305, 410, 510, 614, 718, 819, 921, 1024, 1130, 1230, 1331, 1439, 1545, 1651, 1760, 1880, 1982, 2082, 2183, 2292, 2400, 2502, 2603, 2724, 2826, 2930, 3045, 3145, 3256, 3358, 3463, 3563, 3663, 3765, 3865, 3967, 4070, 4176, 4281, 4381, 4490, 4596, 4698, 4801, 4901, 5020, 5123, 5234]","[1406, 1636, 2269, 2506, 3766]",0.18181818181818182,15.2,00:00:00,0.08930753916501999,1.7020685947211737e-05
