Algorithm,Log Source,Log,Complete-Window Size,Detection-Window Size,Stable Period,Detected Changepoints,Actual Changepoints for Log,F1-Score,Average Lag,Duration,Duration (Seconds),Seconds per Case
LCDD,with_noise_10,log_77_1687182038,100,100,150,"[105, 207, 310, 418, 522, 626, 730, 830, 934, 1041, 1148, 1248, 1365, 1467, 1574, 1676, 1777, 1879, 1993, 2115, 2233, 2333, 2441, 2541, 2649, 2752, 2855, 2956, 3061, 3162, 3267, 3371, 3473, 3581, 3682, 3785, 3886, 3991, 4091, 4191, 4292, 4402, 4504]","[560, 1784, 3134]",0.13043478260869565,24.333333333333332,00:00:00,0.11374580208212137,2.512608837687682e-05
