Algorithm,Log Source,Log,Complete-Window Size,Detection-Window Size,Stable Period,Detected Changepoints,Actual Changepoints for Log,F1-Score,Average Lag,Duration,Duration (Seconds),Seconds per Case
LCDD,with_noise_15,log_75_1687182036,100,100,20,"[102, 208, 310, 410, 510, 610, 714, 814, 916, 1016, 1119, 1219, 1320, 1422, 1523, 1627, 1728, 1828, 1930, 2030, 2130, 2231]","[1099, 1445]",0.16666666666666669,21.5,00:00:00,0.03849266655743122,1.655598561609945e-05
