Algorithm,Log Source,Log,Complete-Window Size,Detection-Window Size,Stable Period,Detected Changepoints,Actual Changepoints for Log,F1-Score,Average Lag,Duration,Duration (Seconds),Seconds per Case
LCDD,without_noise,log_7_1692952178,100,100,150,"[1310, 3604, 3879, 4006, 6938, 7049, 7150, 13959, 14109]","[1311, 2256, 3605, 4597, 5681, 6939, 8352, 9584, 10457, 11681, 12486, 13960, 14957, 16422, 17190]",0.33333333333333337,1.0,00:00:00,0.40209443494677544,2.201086243413485e-05
