Algorithm,Log Source,Log,Complete-Window Size,Detection-Window Size,Stable Period,Detected Changepoints,Actual Changepoints for Log,F1-Score,Average Lag,Duration,Duration (Seconds),Seconds per Case
LCDD,with_noise_15,log_48_1687181998,200,200,20,"[202, 405, 625, 876, 1083, 1289, 1516, 1733, 1936, 2166, 2399, 2601, 2803, 3017, 3234, 3473, 3694, 3902, 4120]","[1144, 2359, 2666, 3482, 3756]",0.4166666666666667,47.4,00:00:00,0.037479148246347904,8.732327177620668e-06
