Algorithm,Log Source,Log,Complete-Window Size,Detection-Window Size,Stable Period,Detected Changepoints,Actual Changepoints for Log,F1-Score,Average Lag,Duration,Duration (Seconds),Seconds per Case
LCDD,with_noise_10,log_69_1692952502,300,300,20,"[303, 614, 932, 1233, 1534, 1837, 2151, 2457, 2757, 3057, 3362, 3670, 4019, 4327, 4629, 4941, 5252, 5582, 5907, 6211, 6538, 6843, 7160, 7468, 7769, 8105, 8409, 8720, 9025, 9334, 9641, 9952, 10296, 10596, 10900]","[1487, 2098, 3497, 4638, 5779, 6664, 7725, 9125, 9901]",0.40909090909090906,77.0,00:00:00,0.16700012423098087,1.5011247121885922e-05
