Algorithm,Log Source,Log,Complete-Window Size,Detection-Window Size,Stable Period,Detected Changepoints,Actual Changepoints for Log,F1-Score,Average Lag,Duration,Duration (Seconds),Seconds per Case
LCDD,with_noise_15,log_46_1687181991,100,100,5,"[124, 224, 327, 431, 531, 631, 732, 836, 949, 1056, 1157, 1270, 1380, 1491, 1592, 1693, 1799, 1901, 2001, 2104, 2205, 2305, 2409, 2512, 2614, 2720, 2820, 2920, 3023, 3132, 3235, 3338, 3439, 3540, 3648, 3751, 3853, 3963, 4065, 4174, 4281, 4390, 4490, 4596]","[808, 1008, 2422, 3892]",0.16666666666666669,32.0,00:00:00,0.04860867001116276,1.05031698381942e-05
