Algorithm,Log Source,Log,P-Value,Window Size,Detected Changepoints,Actual Changepoints for Log,F1-Score,Average Lag,Duration,Duration (Seconds),Seconds per Case
Martjushev J,with_noise_10,log_66_1692952466,0.55,550,"[1617, 2831, 4517, 6211, 8526, 9535, 10635, 11391, 13198, 15067]","[1333, 1858, 3125, 4597, 5145, 6189, 7122, 8601, 9725, 10332, 11494, 12957, 13775, 14782, 15396]",0.4,94.0,00:45:25,2725.765908194706,0.1655289918136094
