Algorithm,Log Source,Log,P-Value,Window Size,Detected Changepoints,Actual Changepoints for Log,F1-Score,Average Lag,Duration,Duration (Seconds),Seconds per Case
Martjushev J,with_noise_5,log_89_1692952588,0.55,550,"[1077, 2177, 3414, 4377, 5851, 6676, 8334, 9832, 11568, 12461, 14505, 15688]","[1231, 2194, 3370, 4789, 6034, 6961, 8392, 8969, 10160, 11100, 12512, 13171, 14519, 15691]",0.6153846153846153,65.5,00:26:54,1614.8375151436776,0.09597275140518707
