Algorithm,Log Source,Log,P-Value,Window Size,Detected Changepoints,Actual Changepoints for Log,F1-Score,Average Lag,Duration,Duration (Seconds),Seconds per Case
Martjushev J,with_noise_10,log_49_1692952403,0.55,200,"[1273, 1573, 3189, 3489, 4786, 5186, 5486, 6676, 7419, 8245, 8545, 10153, 10403, 10740]","[1207, 2115, 3260, 3826, 4852, 5704, 6865, 8311, 8890, 10017, 10880]",0.56,104.85714285714286,00:03:48,228.09510002844036,0.01853979517422095
