Algorithm,Log Source,Log,P-Value,Window Size,Detected Changepoints,Actual Changepoints for Log,F1-Score,Average Lag,Duration,Duration (Seconds),Seconds per Case
Martjushev J,with_noise_10,log_77_1692952527,0.55,400,"[976, 1676, 2621, 3621, 5030, 6328, 6504, 7823, 8269, 9323, 10289]","[1150, 2081, 3258, 3936, 4990, 6332, 7232, 8267, 9297, 10336]",0.5714285714285713,48.833333333333336,00:24:13,1453.9025223273784,0.12650330830308695
