Algorithm,Log Source,Log,P-Value,Window Size,Detected Changepoints,Actual Changepoints for Log,F1-Score,Average Lag,Duration,Duration (Seconds),Seconds per Case
Martjushev J,without_noise,log_61_1692952452,0.55,300,"[1476, 2076, 3637, 4139, 4851, 11169, 13060, 15399]","[1461, 2278, 3644, 4850, 6300, 7761, 9161, 9996, 11400, 11926, 13119, 13979, 15446]",0.4761904761904762,25.8,00:03:24,204.1820674482733,0.012321650319731658
