Algorithm,Log Source,Log,P-Value,Window Size,Detected Changepoints,Actual Changepoints for Log,F1-Score,Average Lag,Duration,Duration (Seconds),Seconds per Case
Martjushev J,with_noise_5,log_25_1692952268,0.55,200,"[2246, 6416, 10034, 10434, 11535]","[1268, 1983, 3460, 4362, 5712, 6676, 7809, 8764, 10077, 10808]",0.13333333333333333,43.0,00:08:12,492.35188140906394,0.04091000260981005
