Algorithm,Log Source,Log,P-Value,Window Size,Detected Changepoints,Actual Changepoints for Log,F1-Score,Average Lag,Duration,Duration (Seconds),Seconds per Case
Martjushev J,with_noise_10,log_20_1692952238,0.55,200,"[453, 1089, 3447, 6818, 7707, 8673, 13803]","[1357, 2105, 3482, 4422, 5484, 6787, 8017, 9381, 10872, 11904, 12802, 13833]",0.3157894736842105,32.0,00:13:14,794.7710309140384,0.05281923512421336
