Algorithm,Log Source,Log,P-Value,Window Size,Detected Changepoints,Actual Changepoints for Log,F1-Score,Average Lag,Duration,Duration (Seconds),Seconds per Case
Martjushev J,with_noise_5,log_57_1692952430,0.55,250,"[252, 1051, 1426, 2973, 3348, 4082, 4738, 5286, 5833]","[1054, 1838, 3064, 3682, 4744]",0.42857142857142855,33.333333333333336,00:10:45,645.6374168880284,0.1061031087737105
