Algorithm,Log Source,Log,P-Value,Window Size,Detected Changepoints,Actual Changepoints for Log,F1-Score,Average Lag,Duration,Duration (Seconds),Seconds per Case
Martjushev J,with_noise_5,log_72_1692952515,0.55,600,"[830, 2316, 4097, 4997, 5869, 7519, 8838, 10041]","[1301, 2400, 3024, 4162, 5434, 6322, 7584, 8880, 10111]",0.5882352941176471,65.2,00:06:36,396.0707514528185,0.03493611638465366
