Algorithm,Log Source,Log,P-Value,Window Size,Detected Changepoints,Actual Changepoints for Log,F1-Score,Average Lag,Duration,Duration (Seconds),Seconds per Case
Martjushev J,with_noise_10,log_56_1692952426,0.55,100,"[1069, 2593, 3692, 5081, 5197, 5385, 5676, 6957, 8198, 9359, 9529, 9745, 9968, 10187]","[1162, 2602, 3692, 5083, 5750, 6960, 8196, 9356, 10281]",0.782608695652174,31.11111111111111,00:01:34,94.61235018447042,0.00832415539191188
