Algorithm,Log Source,Log,P-Value,Window Size,Detected Changepoints,Actual Changepoints for Log,F1-Score,Average Lag,Duration,Duration (Seconds),Seconds per Case
Martjushev J,with_noise_10,log_50_1692952409,0.55,100,"[1072, 1676, 1872, 2313, 3364, 3640, 4351, 4551, 4762, 4988, 5473, 6050, 6325, 7915]","[1116, 2317, 3370, 4443, 5099, 6419, 7919]",0.6666666666666666,50.714285714285715,00:02:10,130.07772145234048,0.014409850609542538
