Algorithm,Log Source,Log,P-Value,Window Size,Detected Changepoints,Actual Changepoints for Log,F1-Score,Average Lag,Duration,Duration (Seconds),Seconds per Case
Martjushev J,without_noise,log_19_1692952228,0.55,150,"[413, 734, 1509, 1833, 2566, 2868, 3195, 3511, 3838, 4221, 4858, 5206, 5620, 6001, 6465, 6807, 7050]","[1474, 2389, 3492, 4788, 5647, 7050]",0.5217391304347826,54.666666666666664,00:14:10,850.5360890906304,0.10453983395902537
