Algorithm,Log Source,Log,P-Value,Window Size,Detected Changepoints,Actual Changepoints for Log,F1-Score,Average Lag,Duration,Duration (Seconds),Seconds per Case
Martjushev J,with_noise_5,log_72_1692952515,0.55,350,"[375, 1075, 2325, 3245, 4089, 5427, 5952, 7626, 8439, 10056, 10911]","[1301, 2400, 3024, 4162, 5434, 6322, 7584, 8880, 10111]",0.5,50.4,00:04:45,285.0942378677428,0.025147238058370183
