Algorithm,Log Source,Log,P-Value,Window Size,Detected Changepoints,Actual Changepoints for Log,F1-Score,Average Lag,Duration,Duration (Seconds),Seconds per Case
Martjushev J,without_noise,log_6_1692952173,0.55,250,"[1424, 1851, 3340, 4344, 4844, 6173, 7179, 7510, 8054, 9347]","[1350, 1920, 3342, 4346, 5008, 6173, 7280, 8196, 9350]",0.9473684210526316,61.888888888888886,00:04:55,295.9112594053149,0.02790562612271925
