Algorithm,Log Source,Log,Window Size,SW Step Size,Detected Changepoints,Actual Changepoints for Log,F1-Score,Average Lag,Duration,Duration (Seconds),Seconds per Case
Earth Mover's Distance,with_noise_5,log_66_1692952466,250,2,"[842, 1122, 1926, 2266, 2498, 3148, 4286, 4574, 4818, 5728, 6274, 8588, 9112, 9770, 10070, 10750, 11494, 12622, 13298, 15074]","[1333, 1858, 3125, 4597, 5145, 6189, 7122, 8601, 9725, 10332, 11494, 12957, 13775, 14782, 15396]",0.4,36.714285714285715,00:54:50,3290.995221024379,0.19985396374715364
