Algorithm,Log Source,Log,Window Size,SW Step Size,Detected Changepoints,Actual Changepoints for Log,F1-Score,Average Lag,Duration,Duration (Seconds),Seconds per Case
Earth Mover's Distance,with_noise_10,log_56_1692952426,350,2,"[1162, 2602, 3692, 5082, 6372, 6960, 7388, 8196, 9354, 10018]","[1162, 2602, 3692, 5083, 5750, 6960, 8196, 9356, 10281]",0.7368421052631577,0.42857142857142855,00:02:41,161.62630941532552,0.014220157435802
