Algorithm,Log Source,Log,Window Size,SW Step Size,Detected Changepoints,Actual Changepoints for Log,F1-Score,Average Lag,Duration,Duration (Seconds),Seconds per Case
Earth Mover's Distance,with_noise_5,log_61_1692952452,150,2,"[2072, 3194, 3638, 4100, 4848, 5170, 6298, 7764, 9520, 10256, 11400, 13724, 15446]","[1461, 2278, 3644, 4850, 6300, 7761, 9161, 9996, 11400, 11926, 13119, 13979, 15446]",0.46153846153846156,2.1666666666666665,00:00:06,6.159509593620896,0.0003717041574811958
