Algorithm,Log Source,Log,Window Size,SW Step Size,Detected Changepoints,Actual Changepoints for Log,F1-Score,Average Lag,Duration,Duration (Seconds),Seconds per Case
Earth Mover's Distance,with_noise_5,log_13_1692952198,300,2,"[1560, 1884, 3108, 3416, 4290, 4488, 4794, 6014, 7322, 8404, 9786]","[1285, 2064, 3509, 4569, 6017, 7324, 8391, 9657]",0.7368421052631579,71.57142857142857,00:17:55,1075.7959556281567,0.0998233233393483
