Algorithm,Log Source,Log,Window Size,SW Step Size,Detected Changepoints,Actual Changepoints for Log,F1-Score,Average Lag,Duration,Duration (Seconds),Seconds per Case
Earth Mover's Distance,with_noise_10,log_61_1692952452,200,2,"[900, 1588, 2228, 3642, 3878, 4848, 6298, 6676, 7160, 7840, 9312, 10250, 10530, 11400, 13812, 15444]","[1461, 2278, 3644, 4850, 6300, 7761, 9161, 9996, 11400, 11926, 13119, 13979, 15446]",0.6896551724137931,58.2,00:00:32,32.28520807810128,0.0019482957020156464
