Algorithm,Log Source,Log,Window Size,SW Step Size,Detected Changepoints,Actual Changepoints for Log,F1-Score,Average Lag,Duration,Duration (Seconds),Seconds per Case
Earth Mover's Distance,with_noise_5,log_23_1692952259,100,2,"[7512, 8932, 9924, 11284, 12184, 12810]","[1464, 2335, 3773, 4539, 5637, 6477, 7514, 8662, 9652, 10998, 11610, 12811]",0.2222222222222222,1.5,00:00:14,14.695076225325465,0.0010625507032050229
