Algorithm,Log Source,Log,Window Size,SW Step Size,Detected Changepoints,Actual Changepoints for Log,F1-Score,Average Lag,Duration,Duration (Seconds),Seconds per Case
Earth Mover's Distance,with_noise_10,log_76_1692952523,250,2,"[906, 1214, 2004, 2182, 3122, 3884, 4266, 4848, 5728, 6848, 7072, 7308, 7546, 7760, 8058]","[1179, 1765, 3121, 4586, 5250, 6506, 7495]",0.27272727272727276,29.0,00:02:46,166.37974781915545,0.018945541769432413
