Algorithm,Log Source,Log,Window Size,SW Step Size,Detected Changepoints,Actual Changepoints for Log,F1-Score,Average Lag,Duration,Duration (Seconds),Seconds per Case
Earth Mover's Distance,with_noise_10,log_76_1692952523,150,2,"[1920, 3120, 3810, 4372, 4876, 5060, 7058, 7286]","[1179, 1765, 3121, 4586, 5250, 6506, 7495]",0.39999999999999997,115.33333333333333,00:00:55,55.25137606076896,0.006291434304346272
