Algorithm,Log Source,Log,Window Size,SW Step Size,Detected Changepoints,Actual Changepoints for Log,F1-Score,Average Lag,Duration,Duration (Seconds),Seconds per Case
Earth Mover's Distance,with_noise_5,log_7_1692952178,400,2,"[2038, 3938, 5680, 6938, 8346, 9184, 9934, 11680, 15268, 15518, 16868]","[1311, 2256, 3605, 4597, 5681, 6939, 8352, 9584, 10457, 11681, 12486, 13960, 14957, 16422, 17190]",0.30769230769230765,2.25,00:05:42,342.30270280689,0.01873783133385647
