Algorithm,Log Source,Log,Window Size,SW Step Size,Detected Changepoints,Actual Changepoints for Log,F1-Score,Average Lag,Duration,Duration (Seconds),Seconds per Case
Earth Mover's Distance,with_noise_10,log_32_1692952308,350,2,"[1302, 1908, 2028, 2842, 3714, 4614, 5046, 5372, 6222, 7906, 9792, 10384, 11720]","[1486, 2272, 3660, 4340, 5709, 6587, 7907, 8621, 9625, 10324, 11599]",0.4999999999999999,97.83333333333333,00:03:05,185.09421218000352,0.014557153926858319
