Algorithm,Log Source,Log,Window Size,SW Step Size,Detected Changepoints,Actual Changepoints for Log,F1-Score,Average Lag,Duration,Duration (Seconds),Seconds per Case
Earth Mover's Distance,with_noise_5,log_29_1692952298,100,2,"[6404, 9144, 9860, 10566, 12114, 13386]","[1213, 1756, 2868, 4306, 5136, 6404, 7812, 9139, 10570, 11620, 12291, 13397]",0.5555555555555556,39.4,00:00:33,33.29190583340824,0.002300276779755976
