Algorithm,Log Source,Log,Window Size,SW Step Size,Detected Changepoints,Actual Changepoints for Log,F1-Score,Average Lag,Duration,Duration (Seconds),Seconds per Case
Earth Mover's Distance,with_noise_5,log_35_1692952322,450,2,"[1010, 1416, 3736, 4306, 4832, 5606, 6332, 7014, 7464, 7946, 8692, 10760, 11582, 12318, 12878]","[1452, 2862, 3554, 4954, 6341, 7205, 8282, 8926, 10355, 11253, 12328, 13284]",0.4444444444444445,91.66666666666667,02:30:36,9036.58062419109,0.6217973318785585
