Algorithm,Log Source,Log,Window Size,SW Step Size,Detected Changepoints,Actual Changepoints for Log,F1-Score,Average Lag,Duration,Duration (Seconds),Seconds per Case
Earth Mover's Distance,with_noise_10,log_16_1692952213,200,2,"[1362, 2664, 3974, 4306, 4830, 5064, 5716, 6398, 7020, 8306, 9264, 9692, 10164, 10636, 11912, 12822, 13148]","[1356, 2761, 3835, 4592, 5716, 6979, 8389, 9274, 10631, 11912, 13144]",0.7142857142857143,38.5,00:08:38,518.1778536792845,0.036213421879885695
