Algorithm,Log Source,Log,Window Size,SW Step Size,Detected Changepoints,Actual Changepoints for Log,F1-Score,Average Lag,Duration,Duration (Seconds),Seconds per Case
Earth Mover's Distance,with_noise_10,log_76_1692952523,550,2,"[838, 1234, 2394, 3112, 3788, 4332, 4882, 5856, 6754, 7320, 7814]","[1179, 1765, 3121, 4586, 5250, 6506, 7495]",0.33333333333333326,79.66666666666667,00:05:54,354.93847151100636,0.04041658750979348
