Algorithm,Log Source,Log,Window Size,SW Step Size,Detected Changepoints,Actual Changepoints for Log,F1-Score,Average Lag,Duration,Duration (Seconds),Seconds per Case
Maaradji Runs,without_noise,log_77_1692952527,200,2,"[3330, 4942, 6290, 8228, 9248, 10308]","[1150, 2081, 3258, 3936, 4990, 6332, 7232, 8267, 9297, 10336]",0.7499999999999999,46.333333333333336,00:25:14,1514.0980821419507,0.13174089290367622
