Algorithm,Log Source,Log,P-Value,Min Adaptive Window,Max Adaptive Window,ADWIN Step Size,Detected Changepoints,Actual Changepoints for Log,F1-Score,Average Lag,Duration,Duration (Seconds),Seconds per Case
Martjushev ADWIN J,with_noise_10,log_56_1692952426,0.4,100,600,10,"[1161, 2606, 3690, 5079, 5243, 5504, 5975, 6962, 8207, 9353, 9569, 9840, 10061]","[1162, 2602, 3692, 5083, 5750, 6960, 8196, 9356, 10281]",0.6363636363636364,3.857142857142857,00:00:29,29.689708853140473,0.002612151051657617
