Algorithm,Log Source,Log,P-Value,Min Adaptive Window,Max Adaptive Window,ADWIN Step Size,Detected Changepoints,Actual Changepoints for Log,F1-Score,Average Lag,Duration,Duration (Seconds),Seconds per Case
Martjushev ADWIN J,with_noise_10,log_56_1692952426,0.4,200,700,10,"[1161, 2290, 3689, 5081, 5443, 5644, 6954, 8196, 9354, 9608, 10009]","[1162, 2602, 3692, 5083, 5750, 6960, 8196, 9356, 10281]",0.7000000000000001,17.142857142857142,00:00:28,28.74347724765539,0.0025288999865964623
