Algorithm,Log Source,Log,P-Value,Min Adaptive Window,Max Adaptive Window,ADWIN Step Size,Detected Changepoints,Actual Changepoints for Log,F1-Score,Average Lag,Duration,Duration (Seconds),Seconds per Case
Martjushev ADWIN J,with_noise_10,log_7_1692952178,0.4,300,700,50,"[6933, 8350, 11678, 11952, 14003, 14754, 16105, 16906]","[1311, 2256, 3605, 4597, 5681, 6939, 8352, 9584, 10457, 11681, 12486, 13960, 14957, 16422, 17190]",0.3478260869565218,13.5,00:00:28,28.005548970773816,0.0015330385904737144
