Algorithm,Log Source,Log,P-Value,Min Adaptive Window,Max Adaptive Window,ADWIN Step Size,Detected Changepoints,Actual Changepoints for Log,F1-Score,Average Lag,Duration,Duration (Seconds),Seconds per Case
Martjushev ADWIN J,with_noise_5,log_89_1692952588,0.4,100,700,20,"[1409, 3375, 4631, 6052, 9944, 12409, 14530, 15486]","[1231, 2194, 3370, 4789, 6034, 6961, 8392, 8969, 10160, 11100, 12512, 13171, 14519, 15691]",0.5454545454545454,78.83333333333333,00:02:16,136.9210626706481,0.008137469551328188
