Algorithm,Log Source,Log,P-Value,Min Adaptive Window,Max Adaptive Window,ADWIN Step Size,Detected Changepoints,Actual Changepoints for Log,F1-Score,Average Lag,Duration,Duration (Seconds),Seconds per Case
Martjushev ADWIN J,without_noise,log_42_1692952376,0.4,100,400,20,"[1459, 1877, 2141, 2382, 3803, 4844, 5145, 5366, 5607, 6808, 7870, 8030, 8311, 9682, 9988, 10194, 10400, 11876, 12143, 12398]","[1465, 2388, 3805, 4827, 5718, 6808, 7871, 8414, 9656, 10599, 11897, 12538]",0.7499999999999999,52.666666666666664,00:00:18,18.65758821181953,0.0013407292477593798
