Algorithm,Log Source,Log,P-Value,Min Adaptive Window,Max Adaptive Window,ADWIN Step Size,Detected Changepoints,Actual Changepoints for Log,F1-Score,Average Lag,Duration,Duration (Seconds),Seconds per Case
Martjushev ADWIN J,with_noise_5,log_7_1692952178,0.4,200,400,10,"[6942, 8351, 11680, 11834, 12223, 14024, 14425, 14626, 16487, 16908, 17109]","[1311, 2256, 3605, 4597, 5681, 6939, 8352, 9584, 10457, 11681, 12486, 13960, 14957, 16422, 17190]",0.4615384615384615,35.833333333333336,00:00:45,45.90721099637449,0.002512985055636878
