Algorithm,Log Source,Log,P-Value,Min Adaptive Window,Max Adaptive Window,ADWIN Step Size,Detected Changepoints,Actual Changepoints for Log,F1-Score,Average Lag,Duration,Duration (Seconds),Seconds per Case
Martjushev ADWIN J,with_noise_10,log_7_1692952178,0.4,200,500,20,"[6937, 8351, 11676, 12047, 12223, 14036, 14405, 14806, 16519, 16788]","[1311, 2256, 3605, 4597, 5681, 6939, 8352, 9584, 10457, 11681, 12486, 13960, 14957, 16422, 17190]",0.48,55.333333333333336,00:00:35,35.34457983635366,0.0019347810289223593
