Algorithm,Log Source,Log,P-Value,Min Adaptive Window,Max Adaptive Window,ADWIN Step Size,Detected Changepoints,Actual Changepoints for Log,F1-Score,Average Lag,Duration,Duration (Seconds),Seconds per Case
Martjushev ADWIN J,without_noise,log_89_1692952588,0.4,400,700,20,"[1389, 3365, 4651, 6032, 8448, 10374, 12450, 14491, 15777]","[1231, 2194, 3370, 4789, 6034, 6961, 8392, 8969, 10160, 11100, 12512, 13171, 14519, 15691]",0.6956521739130435,66.875,00:01:58,118.15021112561226,0.0070218834616434245
