Algorithm,Log Source,Log,P-Value,Min Adaptive Window,Max Adaptive Window,ADWIN Step Size,Detected Changepoints,Actual Changepoints for Log,F1-Score,Average Lag,Duration,Duration (Seconds),Seconds per Case
Martjushev ADWIN J,with_noise_5,log_7_1692952178,0.4,100,600,10,"[6932, 8348, 11684, 11834, 12023, 12224, 12475, 13991, 14322, 14523, 14745, 16500, 16751, 16952]","[1311, 2256, 3605, 4597, 5681, 6939, 8352, 9584, 10457, 11681, 12486, 13960, 14957, 16422, 17190]",0.4137931034482759,22.333333333333332,00:00:48,48.21485715918243,0.0026393068293837545
