Algorithm,Log Source,Log,P-Value,Min Adaptive Window,Max Adaptive Window,ADWIN Step Size,Detected Changepoints,Actual Changepoints for Log,F1-Score,Average Lag,Duration,Duration (Seconds),Seconds per Case
Martjushev ADWIN J,with_noise_5,log_7_1692952178,0.4,400,500,20,"[6937, 8343, 11685, 12222, 14035, 14554, 16487, 16946]","[1311, 2256, 3605, 4597, 5681, 6939, 8352, 9584, 10457, 11681, 12486, 13960, 14957, 16422, 17190]",0.43478260869565216,31.0,00:00:34,34.97623873129487,0.0019146178416517884
