Algorithm,Log Source,Log,P-Value,Min Adaptive Window,Max Adaptive Window,ADWIN Step Size,Detected Changepoints,Actual Changepoints for Log,F1-Score,Average Lag,Duration,Duration (Seconds),Seconds per Case
Martjushev ADWIN J,without_noise,log_56_1692952426,0.4,100,700,10,"[1161, 2600, 3689, 5086, 5243, 5494, 6961, 8197, 9352, 9528, 9799, 10060]","[1162, 2602, 3692, 5083, 5750, 6960, 8196, 9356, 10281]",0.6666666666666666,2.142857142857143,00:00:25,25.22158583253622,0.0022190379933605684
