Algorithm,Log Source,Log,Window Size,SW Step Size,Detected Changepoints,Actual Changepoints for Log,F1-Score,Average Lag,Duration,Duration (Seconds),Seconds per Case
Maaradji Runs,without_noise,log_42_1692952376,400,2,"[1376, 3674, 4762, 6678, 7740, 9578, 11814]","[1465, 2388, 3805, 4827, 5718, 6808, 7871, 8414, 9656, 10599, 11897, 12538]",0.7368421052631579,101.0,00:00:08,8.480539878830314,0.0006094093043137621
