Algorithm,Log Source,Log,Window Size,SW Step Size,Detected Changepoints,Actual Changepoints for Log,F1-Score,Average Lag,Duration,Duration (Seconds),Seconds per Case
Maaradji Runs,without_noise,log_56_1692952426,200,2,"[3628, 5018, 9334, 9996]","[1162, 2602, 3692, 5083, 5750, 6960, 8196, 9356, 10281]",0.46153846153846156,50.333333333333336,00:00:03,3.881065707653761,0.0003414627580198628
