Algorithm,Log Source,Log,Window Size,SW Step Size,Detected Changepoints,Actual Changepoints for Log,F1-Score,Average Lag,Duration,Duration (Seconds),Seconds per Case
Maaradji Runs,without_noise,log_61_1692952452,350,2,"[6186, 7772, 11298, 13094, 15334]","[1461, 2278, 3644, 4850, 6300, 7761, 9161, 9996, 11400, 11926, 13119, 13979, 15446]",0.5555555555555556,72.8,00:00:06,6.271086663007736,0.0003784374306322935
