Algorithm,Log Source,Log,Window Size,SW Step Size,Detected Changepoints,Actual Changepoints for Log,F1-Score,Average Lag,Duration,Duration (Seconds),Seconds per Case
Maaradji Runs,without_noise,log_66_1692952466,100,2,"[8618, 11498]","[1333, 1858, 3125, 4597, 5145, 6189, 7122, 8601, 9725, 10332, 11494, 12957, 13775, 14782, 15396]",0.23529411764705882,10.5,00:26:54,1614.5557025130838,0.09804795667171214
