Algorithm,Log Source,Log,P-Value,Min Adaptive Window,Max Adaptive Window,Detected Changepoints,Actual Changepoints for Log,F1-Score,Average Lag,Duration,Duration (Seconds),Seconds per Case
Process Graph Metrics,with_noise_10,log_61_1692952452,0.005,100,400,"[2345, 3835, 4912, 6562, 7879, 11517]","[1461, 2278, 3644, 4850, 6300, 7761, 9161, 9996, 11400, 11926, 13119, 13979, 15446]",0.5263157894736842,111.0,00:00:17,17.0590289067477,0.0010294507818929273
