Algorithm,Log Source,Log,P-Value,Min Adaptive Window,Max Adaptive Window,Detected Changepoints,Actual Changepoints for Log,F1-Score,Average Lag,Duration,Duration (Seconds),Seconds per Case
Process Graph Metrics,with_noise_10,log_29_1692952298,0.0001,400,600,"[3059, 6496, 7970, 9241, 10689, 12410, 13548]","[1213, 1756, 2868, 4306, 5136, 6404, 7812, 9139, 10570, 11620, 12291, 13397]",0.7368421052631579,133.14285714285714,00:00:59,59.27399790659547,0.004095488005706866
