Algorithm,Log Source,Log,P-Value,Min Adaptive Window,Max Adaptive Window,Detected Changepoints,Actual Changepoints for Log,F1-Score,Average Lag,Duration,Duration (Seconds),Seconds per Case
Process Graph Metrics,with_noise_5,log_32_1692952308,0.1,200,600,"[435, 871, 1390, 2041, 2791, 3841, 4291, 4741, 5990, 6668, 7316, 8349, 9286, 9546, 9922, 10297, 10672, 11639, 11951, 12368, 12785]","[1486, 2272, 3660, 4340, 5709, 6587, 7907, 8621, 9625, 10324, 11599]",0.43749999999999994,79.0,00:00:06,6.320480210706592,0.000497088494746881
