Algorithm,Log Source,Log,P-Value,Min Adaptive Window,Max Adaptive Window,Detected Changepoints,Actual Changepoints for Log,F1-Score,Average Lag,Duration,Duration (Seconds),Seconds per Case
Process Graph Metrics,without_noise,log_35_1692952322,0.0001,200,500,"[1650, 2025, 2951, 3775, 5000, 5826, 6559, 7040, 8672, 11067, 12517, 12967, 14007]","[1452, 2862, 3554, 4954, 6341, 7205, 8282, 8926, 10355, 11253, 12328, 13284]",0.48000000000000004,145.5,00:05:00,300.24212999269366,0.020659335993442073
