Algorithm,Log Source,Log,P-Value,Min Adaptive Window,Max Adaptive Window,Detected Changepoints,Actual Changepoints for Log,F1-Score,Average Lag,Duration,Duration (Seconds),Seconds per Case
Process Graph Metrics,with_noise_10,log_22_1692952248,0.0001,200,700,"[763, 1513, 2361, 3261, 4661, 6071, 7550, 8329, 9674, 10127]","[1244, 2280, 3281, 4625, 6029, 7290, 8171, 9596, 10320]",0.7368421052631577,86.85714285714286,00:01:09,69.27715287357569,0.005963942223964849
