Algorithm,Log Source,Log,P-Value,Min Adaptive Window,Max Adaptive Window,Detected Changepoints,Actual Changepoints for Log,F1-Score,Average Lag,Duration,Duration (Seconds),Seconds per Case
Process Graph Metrics,with_noise_5,log_22_1692952248,0.1,400,400,"[587, 767, 947, 1207, 1519, 2231, 2772, 3312, 3890, 4333, 4636, 5216, 5477, 5737, 6160, 7324, 7556, 7769, 8009, 8230, 8539, 8911, 9358, 9805, 10252]","[1244, 2280, 3281, 4625, 6029, 7290, 8171, 9596, 10320]",0.47058823529411764,52.5,00:00:15,15.14873039163649,0.0013041262389494224
