Algorithm,Log Source,Log,P-Value,Min Adaptive Window,Max Adaptive Window,Detected Changepoints,Actual Changepoints for Log,F1-Score,Average Lag,Duration,Duration (Seconds),Seconds per Case
Process Graph Metrics,with_noise_5,log_32_1692952308,0.1,100,600,"[246, 894, 1542, 2190, 3840, 4290, 4740, 5658, 6256, 6761, 7192, 7646, 8077, 8595, 9375, 9555, 9930, 10310, 11090, 11717, 12265, 12840]","[1486, 2272, 3660, 4340, 5709, 6587, 7907, 8621, 9625, 10324, 11599]",0.6666666666666666,90.0909090909091,00:00:11,11.452413002029061,0.0009007009832504178
