Algorithm,Log Source,Log,P-Value,Min Adaptive Window,Max Adaptive Window,Detected Changepoints,Actual Changepoints for Log,F1-Score,Average Lag,Duration,Duration (Seconds),Seconds per Case
Process Graph Metrics,without_noise,log_20_1692952238,0.1,400,700,"[1672, 4415, 5584, 6893, 8330, 9500, 11589, 12238, 14133]","[1357, 2105, 3482, 4422, 5484, 6787, 8017, 9381, 10872, 11904, 12802, 13833]",0.380952380952381,83.0,00:01:59,119.50763925537467,0.00794229010801985
