Algorithm,Log Source,Log,P-Value,Min Adaptive Window,Max Adaptive Window,Detected Changepoints,Actual Changepoints for Log,F1-Score,Average Lag,Duration,Duration (Seconds),Seconds per Case
Process Graph Metrics,with_noise_10,log_35_1692952322,0.05,400,400,"[652, 1427, 2087, 2668, 3088, 3514, 4179, 4472, 4735, 5013, 5901, 6491, 6845, 7199, 8731, 10174, 10740, 11279, 12554, 13728, 14645]","[1452, 2862, 3554, 4954, 6341, 7205, 8282, 8926, 10355, 11253, 12328, 13284]",0.5454545454545454,97.33333333333333,00:01:08,68.68730676174164,0.004726299233588498
