Algorithm,Log Source,Log,P-Value,Min Adaptive Window,Max Adaptive Window,Detected Changepoints,Actual Changepoints for Log,F1-Score,Average Lag,Duration,Duration (Seconds),Seconds per Case
Process Graph Metrics,with_noise_10,log_16_1692952213,0.05,300,500,"[1423, 2850, 5773, 7018, 8036, 8486, 10520, 11168, 11954, 13499]","[1356, 2761, 3835, 4592, 5716, 6979, 8389, 9274, 10631, 11912, 13144]",0.6666666666666666,71.71428571428571,00:00:58,58.957689763978124,0.004120322158360341
