Algorithm,Log Source,Log,P-Value,Min Adaptive Window,Max Adaptive Window,Detected Changepoints,Actual Changepoints for Log,F1-Score,Average Lag,Duration,Duration (Seconds),Seconds per Case
Process Graph Metrics,without_noise,log_22_1692952248,0.1,200,600,"[515, 1034, 1555, 2415, 3159, 3908, 4662, 5677, 6896, 7790, 8684, 9596, 10169, 11001]","[1244, 2280, 3281, 4625, 6029, 7290, 8171, 9596, 10320]",0.43478260869565216,89.0,00:01:14,74.54154010675848,0.006417143604231962
