Algorithm,Log Source,Log,P-Value,Min Adaptive Window,Max Adaptive Window,Detected Changepoints,Actual Changepoints for Log,F1-Score,Average Lag,Duration,Duration (Seconds),Seconds per Case
Process Graph Metrics,with_noise_5,log_35_1692952322,0.1,200,700,"[449, 1561, 2103, 2886, 3668, 4748, 5123, 6058, 6993, 7843, 8876, 10122, 10979, 12592, 13560, 14528]","[1452, 2862, 3554, 4954, 6341, 7205, 8282, 8926, 10355, 11253, 12328, 13284]",0.35714285714285715,93.2,00:00:16,16.214923562482,0.00111573133988041
