Algorithm,Log Source,Log,P-Value,Min Adaptive Window,Max Adaptive Window,Detected Changepoints,Actual Changepoints for Log,F1-Score,Average Lag,Duration,Duration (Seconds),Seconds per Case
Process Graph Metrics,without_noise,log_26_1692952272,0.005,300,700,"[1658, 3376, 5062, 5621, 6694, 7629, 9079, 10239, 10707, 11247, 11975]","[1263, 1769, 2996, 3623, 4914, 5584, 6650, 7268, 8328, 9041, 10411, 11880, 12742]",0.5833333333333334,92.14285714285714,00:01:21,81.07729751430452,0.005794132603037556
