Algorithm,Log Source,Log,P-Value,Min Adaptive Window,Max Adaptive Window,Detected Changepoints,Actual Changepoints for Log,F1-Score,Average Lag,Duration,Duration (Seconds),Seconds per Case
Process Graph Metrics,with_noise_5,log_32_1692952308,0.0001,100,700,"[1077, 2253, 4253, 6317, 7802, 9286, 10067, 12540]","[1486, 2272, 3660, 4340, 5709, 6587, 7907, 8621, 9625, 10324, 11599]",0.3157894736842105,70.33333333333333,00:00:44,44.36885077133775,0.003489488853428057
