Algorithm,Log Source,Log,P-Value,Min Adaptive Window,Max Adaptive Window,Detected Changepoints,Actual Changepoints for Log,F1-Score,Average Lag,Duration,Duration (Seconds),Seconds per Case
Process Graph Metrics,without_noise,log_26_1692952272,0.1,100,500,"[760, 1589, 2404, 3280, 4267, 5440, 6522, 6972, 7422, 7872, 8900, 10160, 11316, 11532, 11752, 11968, 12570, 13837, 13987]","[1263, 1769, 2996, 3623, 4914, 5584, 6650, 7268, 8328, 9041, 10411, 11880, 12742]",0.4375,143.85714285714286,00:01:31,91.00794909149408,0.006503819702100628
