Algorithm,Log Source,Log,P-Value,Min Adaptive Window,Max Adaptive Window,Detected Changepoints,Actual Changepoints for Log,F1-Score,Average Lag,Duration,Duration (Seconds),Seconds per Case
Process Graph Metrics,with_noise_5,log_35_1692952322,0.005,300,600,"[461, 1441, 1816, 2356, 3151, 3742, 4989, 5888, 6491, 6924, 7286, 8914, 10732, 11485, 12690, 13742, 14465]","[1452, 2862, 3554, 4954, 6341, 7205, 8282, 8926, 10355, 11253, 12328, 13284]",0.41379310344827586,79.5,00:03:21,201.81786260195076,0.013886868685195813
