Algorithm,Log Source,Log,P-Value,Min Adaptive Window,Max Adaptive Window,Detected Changepoints,Actual Changepoints for Log,F1-Score,Average Lag,Duration,Duration (Seconds),Seconds per Case
Process Graph Metrics,with_noise_5,log_76_1692952523,0.1,400,400,"[975, 1136, 1286, 1706, 2191, 3394, 3884, 4434, 5814, 5994, 6257, 6894, 7872, 8422]","[1179, 1765, 3121, 4586, 5250, 6506, 7495]",0.2857142857142857,84.66666666666667,00:00:15,15.931872390210629,0.0018141508073571655
