Algorithm,Log Source,Log,P-Value,Min Adaptive Window,Max Adaptive Window,Detected Changepoints,Actual Changepoints for Log,F1-Score,Average Lag,Duration,Duration (Seconds),Seconds per Case
Process Graph Metrics,without_noise,log_22_1692952248,0.05,200,500,"[638, 1291, 2265, 2773, 3235, 3685, 4403, 4619, 4884, 5259, 5931, 7226, 7438, 7615, 7916, 8225, 8628, 9172, 9709, 10246, 11072]","[1244, 2280, 3281, 4625, 6029, 7290, 8171, 9596, 10320]",0.6,57.44444444444444,00:00:38,38.29949468933046,0.003297132807277071
