Algorithm,Log Source,Log,P-Value,Min Adaptive Window,Max Adaptive Window,Detected Changepoints,Actual Changepoints for Log,F1-Score,Average Lag,Duration,Duration (Seconds),Seconds per Case
Process Graph Metrics,with_noise_5,log_61_1692952452,0.1,300,400,"[1894, 2434, 3819, 4906, 6333, 7845, 9954, 11627, 13277]","[1461, 2278, 3644, 4850, 6300, 7761, 9161, 9996, 11400, 11926, 13119, 13979, 15446]",0.6363636363636364,100.57142857142857,00:00:09,9.974555660039186,0.0006019284086681061
