Algorithm,Log Source,Log,P-Value,Min Adaptive Window,Max Adaptive Window,Detected Changepoints,Actual Changepoints for Log,F1-Score,Average Lag,Duration,Duration (Seconds),Seconds per Case
Process Graph Metrics,without_noise,log_16_1692952213,0.1,400,600,"[1460, 2843, 4149, 4899, 5775, 6565, 7349, 8128, 9061, 11106, 12001, 13191]","[1356, 2761, 3835, 4592, 5716, 6979, 8389, 9274, 10631, 11912, 13144]",0.43478260869565216,76.2,00:00:54,54.462882498279214,0.0038061976726730877
