Algorithm,Log Source,Log,P-Value,Min Adaptive Window,Max Adaptive Window,Detected Changepoints,Actual Changepoints for Log,F1-Score,Average Lag,Duration,Duration (Seconds),Seconds per Case
Process Graph Metrics,with_noise_10,log_22_1692952248,0.05,300,600,"[607, 1151, 1691, 2459, 3257, 4055, 4853, 5651, 6449, 7438, 7657, 8009, 8312, 8629, 9169, 9696, 10223]","[1244, 2280, 3281, 4625, 6029, 7290, 8171, 9596, 10320]",0.5384615384615384,111.71428571428571,00:00:17,17.550520991906524,0.0015108919586696388
