Algorithm,Log Source,Log,P-Value,Min Adaptive Window,Max Adaptive Window,Detected Changepoints,Actual Changepoints for Log,F1-Score,Average Lag,Duration,Duration (Seconds),Seconds per Case
Process Graph Metrics,without_noise,log_32_1692952308,0.0001,400,600,"[1518, 2648, 4027, 5701, 6317, 7681, 8316, 10328, 11738]","[1486, 2272, 3660, 4340, 5709, 6587, 7907, 8621, 9625, 10324, 11599]",0.39999999999999997,45.75,00:00:30,30.182263987138867,0.0023737525746865018
