Algorithm,Log Source,Log,P-Value,Min Adaptive Window,Max Adaptive Window,Detected Changepoints,Actual Changepoints for Log,F1-Score,Average Lag,Duration,Duration (Seconds),Seconds per Case
Process Graph Metrics,with_noise_10,log_26_1692952272,0.005,200,400,"[850, 1517, 3264, 5057, 5622, 6722, 7262, 7802, 8982, 10249, 10856, 11460, 11925]","[1263, 1769, 2996, 3623, 4914, 5584, 6650, 7268, 8328, 9041, 10411, 11880, 12742]",0.5384615384615384,75.0,00:01:10,70.730489468202,0.005054705171743157
