Algorithm,Log Source,Log,P-Value,Min Adaptive Window,Max Adaptive Window,Detected Changepoints,Actual Changepoints for Log,F1-Score,Average Lag,Duration,Duration (Seconds),Seconds per Case
Process Graph Metrics,with_noise_10,log_26_1692952272,0.1,300,500,"[760, 1589, 3230, 3680, 4896, 5443, 6521, 6971, 7424, 7874, 9084, 9384, 10196, 10508, 11458, 11663, 11843, 12440]","[1263, 1769, 2996, 3623, 4914, 5584, 6650, 7268, 8328, 9041, 10411, 11880, 12742]",0.5806451612903226,95.33333333333333,00:00:55,55.4945460036397,0.003965879082658451
