Algorithm,Log Source,Log,P-Value,Min Adaptive Window,Max Adaptive Window,Detected Changepoints,Actual Changepoints for Log,F1-Score,Average Lag,Duration,Duration (Seconds),Seconds per Case
Process Graph Metrics,without_noise,log_23_1692952259,0.1,400,500,"[1959, 3999, 4556, 6010, 6460, 8046, 8910, 9654, 11194, 11734, 12884]","[1464, 2335, 3773, 4539, 5637, 6477, 7514, 8662, 9652, 10998, 11610, 12811]",0.5217391304347826,71.5,00:00:14,14.17644938081503,0.0010250505698347816
