Algorithm,Log Source,Log,P-Value,Min Adaptive Window,Max Adaptive Window,Detected Changepoints,Actual Changepoints for Log,F1-Score,Average Lag,Duration,Duration (Seconds),Seconds per Case
Process Graph Metrics,with_noise_5,log_31_1692952304,0.05,400,700,"[600, 1202, 1811, 2676, 2937, 3197, 3506, 3956, 4659, 5089, 5619, 6126, 6633, 7140]","[1438, 2870, 3391, 4545, 5871]",0.3157894736842105,98.66666666666667,00:00:08,8.265820948407054,0.0011523520073061556
