Algorithm,Log Source,Log,P-Value,Min Adaptive Window,Max Adaptive Window,Detected Changepoints,Actual Changepoints for Log,F1-Score,Average Lag,Duration,Duration (Seconds),Seconds per Case
Process Graph Metrics,with_noise_5,log_61_1692952452,0.1,100,600,"[216, 1870, 3687, 4926, 6332, 8147, 9527, 11484, 13342]","[1461, 2278, 3644, 4850, 6300, 7761, 9161, 9996, 11400, 11926, 13119, 13979, 15446]",0.3636363636363637,58.75,00:00:40,40.75470627844334,0.0024593993288542235
