Algorithm,Log Source,Log,P-Value,Min Adaptive Window,Max Adaptive Window,Detected Changepoints,Actual Changepoints for Log,F1-Score,Average Lag,Duration,Duration (Seconds),Seconds per Case
Process Graph Metrics,with_noise_5,log_77_1692952527,0.0001,200,500,"[1651, 2101, 3594, 4044, 5023, 6531, 7320, 8428, 9447, 10410]","[1150, 2081, 3258, 3936, 4990, 6332, 7232, 8267, 9297, 10336]",0.8000000000000002,104.125,00:02:27,147.4138783607632,0.012826405495585417
