Algorithm,Log Source,Log,P-Value,Min Adaptive Window,Max Adaptive Window,Detected Changepoints,Actual Changepoints for Log,F1-Score,Average Lag,Duration,Duration (Seconds),Seconds per Case
Process Graph Metrics,without_noise,log_29_1692952298,0.05,100,700,"[1532, 2311, 3246, 4623, 5579, 6514, 9441, 10789, 11799, 12447, 13522]","[1213, 1756, 2868, 4306, 5136, 6404, 7812, 9139, 10570, 11620, 12291, 13397]",0.34782608695652173,142.5,00:00:22,22.60688748769462,0.0015620042484415547
