Algorithm,Log Source,Log,P-Value,Min Adaptive Window,Max Adaptive Window,Detected Changepoints,Actual Changepoints for Log,F1-Score,Average Lag,Duration,Duration (Seconds),Seconds per Case
Process Graph Metrics,with_noise_5,log_16_1692952213,0.0001,200,400,"[1460, 2881, 5799, 7054, 11993, 13213]","[1356, 2761, 3835, 4592, 5716, 6979, 8389, 9274, 10631, 11912, 13144]",0.7058823529411764,88.66666666666667,00:00:49,49.57721843197942,0.0034647577351302966
