Algorithm,Log Source,Log,P-Value,Min Adaptive Window,Max Adaptive Window,Detected Changepoints,Actual Changepoints for Log,F1-Score,Average Lag,Duration,Duration (Seconds),Seconds per Case
Process Graph Metrics,with_noise_5,log_95_1692952617,0.1,300,500,"[1569, 5257, 5722, 7077, 7596, 11046]","[1156, 1959, 2970, 4425, 5628, 6797, 7689, 9067, 9689, 11170, 11993]",0.3529411764705882,103.66666666666667,00:00:52,52.68372953683138,0.003980336169298231
