Algorithm,Log Source,Log,P-Value,Min Adaptive Window,Max Adaptive Window,Detected Changepoints,Actual Changepoints for Log,F1-Score,Average Lag,Duration,Duration (Seconds),Seconds per Case
Process Graph Metrics,with_noise_10,log_35_1692952322,0.1,100,400,"[150, 300, 516, 887, 1375, 1825, 2370, 2930, 3470, 4182, 4496, 4808, 5120, 5670, 5965, 6274, 6583, 7083, 7383, 8399, 8755, 9588, 10149, 10726, 12547, 13265, 13881, 14323]","[1452, 2862, 3554, 4954, 6341, 7205, 8282, 8926, 10355, 11253, 12328, 13284]",0.45000000000000007,96.77777777777777,00:01:12,72.79717488028109,0.005009094810450774
