Algorithm,Log Source,Log,P-Value,Min Adaptive Window,Max Adaptive Window,Detected Changepoints,Actual Changepoints for Log,F1-Score,Average Lag,Duration,Duration (Seconds),Seconds per Case
Process Graph Metrics,without_noise,log_32_1692952308,0.005,200,600,"[436, 2145, 3885, 4425, 5938, 6250, 6768, 7169, 8315, 9407, 10260, 11720, 11980, 12347]","[1486, 2272, 3660, 4340, 5709, 6587, 7907, 8621, 9625, 10324, 11599]",0.4,115.6,00:00:23,23.463638063520193,0.001845351007748344
