Algorithm,Log Source,Log,P-Value,Min Adaptive Window,Max Adaptive Window,ADWIN Step Size,Detected Changepoints,Actual Changepoints for Log,F1-Score,Average Lag,Duration,Duration (Seconds),Seconds per Case
Martjushev ADWIN J,without_noise,log_42_1692952376,0.4,400,500,50,"[1524, 1900, 3802, 4927, 5403, 6806, 7869, 8106, 9732, 10108, 11996, 12310]","[1465, 2388, 3805, 4827, 5718, 6808, 7871, 8414, 9656, 10599, 11897, 12538]",0.5833333333333334,48.714285714285715,00:00:07,7.9032462034374475,0.0005679251367805007
