Algorithm,Log Source,Log,P-Value,Min Adaptive Window,Max Adaptive Window,ADWIN Step Size,Detected Changepoints,Actual Changepoints for Log,F1-Score,Average Lag,Duration,Duration (Seconds),Seconds per Case
Martjushev ADWIN J,with_noise_10,log_23_1692952259,0.4,400,500,50,"[1499, 3950, 5851, 7527, 8703, 9104, 11005, 11506, 12807, 13308]","[1464, 2335, 3773, 4539, 5637, 6477, 7514, 8662, 9652, 10998, 11610, 12811]",0.6363636363636365,54.42857142857143,00:00:14,14.920949982479215,0.0010788828620736958
