Algorithm,Log Source,Log,P-Value,Min Adaptive Window,Max Adaptive Window,ADWIN Step Size,Detected Changepoints,Actual Changepoints for Log,F1-Score,Average Lag,Duration,Duration (Seconds),Seconds per Case
Martjushev ADWIN J,with_noise_5,log_42_1692952376,0.4,200,600,20,"[1499, 1900, 2441, 3805, 4893, 5144, 5645, 6806, 7867, 8028, 9649, 10090, 10491, 11992, 12393]","[1465, 2388, 3805, 4827, 5718, 6808, 7871, 8414, 9656, 10599, 11897, 12538]",0.8148148148148148,53.36363636363637,00:00:17,17.486208042129874,0.0012565541852637163
