Algorithm,Log Source,Log,P-Value,Min Adaptive Window,Max Adaptive Window,ADWIN Step Size,Detected Changepoints,Actual Changepoints for Log,F1-Score,Average Lag,Duration,Duration (Seconds),Seconds per Case
Martjushev ADWIN J,without_noise,log_36_1692952355,0.4,100,400,10,"[629, 1328, 2091, 2559, 2723, 3779, 4125, 5761, 6007, 6418, 7799, 8410, 10271, 11722, 12836, 13564, 13975, 14216, 14335, 14668]","[1333, 2559, 3693, 4416, 5763, 6390, 7822, 8817, 10269, 11730, 12843, 13947, 14938]",0.6060606060606061,18.9,00:00:32,32.57066332548857,0.0020391074516677246
