Algorithm,Log Source,Log,P-Value,Min Adaptive Window,Max Adaptive Window,ADWIN Step Size,Detected Changepoints,Actual Changepoints for Log,F1-Score,Average Lag,Duration,Duration (Seconds),Seconds per Case
Martjushev ADWIN J,with_noise_10,log_23_1692952259,0.4,400,700,10,"[1399, 3930, 5501, 6342, 7143, 8594, 9345, 10806, 11367, 12815, 13089, 13759]","[1464, 2335, 3773, 4539, 5637, 6477, 7514, 8662, 9652, 10998, 11610, 12811]",0.5833333333333334,108.14285714285714,00:00:18,18.50358797609806,0.0013379311624076688
