Algorithm,Log Source,Log,P-Value,Min Adaptive Window,Max Adaptive Window,ADWIN Step Size,Detected Changepoints,Actual Changepoints for Log,F1-Score,Average Lag,Duration,Duration (Seconds),Seconds per Case
Martjushev ADWIN J,without_noise,log_36_1692952355,0.4,200,700,20,"[1333, 2557, 3826, 4202, 5759, 6134, 7515, 8346, 10267, 11729, 12845, 13510, 14331, 14732]","[1333, 2559, 3693, 4416, 5763, 6390, 7822, 8817, 10269, 11730, 12843, 13947, 14938]",0.5185185185185186,20.571428571428573,00:00:23,23.73931104876101,0.0014862149282389664
