Algorithm,Log Source,Log,P-Value,Min Adaptive Window,Max Adaptive Window,ADWIN Step Size,Detected Changepoints,Actual Changepoints for Log,F1-Score,Average Lag,Duration,Duration (Seconds),Seconds per Case
Martjushev ADWIN J,with_noise_10,log_42_1692952376,0.4,400,400,10,"[1449, 1900, 3802, 4842, 5443, 6806, 7873, 8231, 9707, 10108, 11981, 12350]","[1465, 2388, 3805, 4827, 5718, 6808, 7871, 8414, 9656, 10599, 11897, 12538]",0.75,60.44444444444444,00:00:16,16.7531899753958,0.0012038797050442512
