Algorithm,Log Source,Log,Window Size,SW Step Size,Detected Changepoints,Actual Changepoints for Log,F1-Score,Average Lag,Duration,Duration (Seconds),Seconds per Case
Bose J,with_noise_10,log_50_1692952409,550,2,"[1114, 2316, 3370, 4446, 5002, 6418, 8012]","[1116, 2317, 3370, 4443, 5099, 6419, 7919]",1.0,28.142857142857142,00:01:18,78.68362660706043,0.008716475751308345
Bose WC,with_noise_10,log_50_1692952409,550,2,"[1284, 2028, 3328, 4922, 6492, 7912]","[1116, 2317, 3370, 4443, 5099, 6419, 7919]",0.7692307692307692,93.4,00:02:30,150.20153227448463,0.016639141716460023
