Algorithm,Log Source,Log,Window Size,SW Step Size,Detected Changepoints,Actual Changepoints for Log,F1-Score,Average Lag,Duration,Duration (Seconds),Seconds per Case
Bose J,with_noise_5,log_16_1692952213,200,2,"[1376, 1648, 2766, 3484, 4306, 4858, 5712, 6048, 6390, 7010, 7292, 8366, 10636, 10920, 11908, 13226, 13446]","[1356, 2761, 3835, 4592, 5716, 6979, 8389, 9274, 10631, 11912, 13144]",0.5714285714285714,21.75,00:08:22,502.9754606448114,0.03515098613773229
Bose WC,with_noise_5,log_16_1692952213,200,2,"[1418, 2762, 4858, 5758, 7022, 8352, 10636, 11008, 11908, 13228]","[1356, 2761, 3835, 4592, 5716, 6979, 8389, 9274, 10631, 11912, 13144]",0.761904761904762,34.75,00:08:35,515.5799671076238,0.03603186575635082
