Algorithm,Log Source,Log,Window Size,SW Step Size,Detected Changepoints,Actual Changepoints for Log,F1-Score,Average Lag,Duration,Duration (Seconds),Seconds per Case
Bose J,with_noise_20,log_54_1687182005,200,2,"[1374, 2986, 3404, 3956]","[1171, 1523, 2987, 3886, 4123]",0.6666666666666665,73.33333333333333,00:01:23,83.31445093732327,0.017277986507118058
Bose WC,with_noise_20,log_54_1687182005,200,2,"[1376, 2988, 4020]","[1171, 1523, 2987, 3886, 4123]",0.7499999999999999,83.66666666666667,00:01:19,79.15070956666023,0.016414498043687314
