Algorithm,Log Source,Log,Window Size,SW Step Size,Detected Changepoints,Actual Changepoints for Log,F1-Score,Average Lag,Duration,Duration (Seconds),Seconds per Case
Bose J,without_noise,log_22_1692952248,350,2,"[552, 1288, 2102, 3446, 3880, 4560, 6050, 7698, 8932, 9620, 10748]","[1244, 2280, 3281, 4625, 6029, 7290, 8171, 9596, 10320]",0.6,82.83333333333333,00:14:07,847.4573180880398,0.07295603633678029
Bose WC,without_noise,log_22_1692952248,350,2,"[542, 1288, 2082, 3446, 4536, 6040, 7856, 10170]","[1244, 2280, 3281, 4625, 6029, 7290, 8171, 9596, 10320]",0.7058823529411765,109.5,00:14:11,851.3802506495267,0.07329375436032427
