Algorithm,Log Source,Log,Window Size,SW Step Size,Detected Changepoints,Actual Changepoints for Log,F1-Score,Average Lag,Duration,Duration (Seconds),Seconds per Case
Bose J,with_noise_10,log_85_1687182048,500,2,"[752, 1340]","[1308, 1543]",0.5,32.0,00:04:49,289.57180561404675,0.11197672297526944
Bose WC,with_noise_10,log_85_1687182048,500,2,[1384],"[1308, 1543]",0.6666666666666666,76.0,00:05:01,301.1652360288426,0.11645987472113017
