Algorithm,Log Source,Log,Window Size,SW Step Size,Detected Changepoints,Actual Changepoints for Log,F1-Score,Average Lag,Duration,Duration (Seconds),Seconds per Case
Bose J,without_noise,log_34_1687181968,200,2,[1166],"[1087, 1302]",0.6666666666666666,79.0,00:02:38,158.23125468287617,0.059485434091306834
Bose WC,without_noise,log_34_1687181968,200,2,[1160],"[1087, 1302]",0.6666666666666666,73.0,00:02:39,159.16241969913244,0.0598354961274934
