Algorithm,Log Source,Log,Window Size,SW Step Size,Detected Changepoints,Actual Changepoints for Log,F1-Score,Average Lag,Duration,Duration (Seconds),Seconds per Case
Bose J,with_noise_20,log_5_1687181922,200,2,[766],"[689, 980]",0.6666666666666666,77.0,00:01:34,94.22662003710866,0.055525409568125315
Bose WC,with_noise_20,log_5_1687181922,200,2,[802],"[689, 980]",0.6666666666666666,113.0,00:01:40,100.89996622968465,0.05945784692379767
