Algorithm,Log Source,Log,Window Size,SW Step Size,Detected Changepoints,Actual Changepoints for Log,F1-Score,Average Lag,Duration,Duration (Seconds),Seconds per Case
Bose J,with_noise_10,log_15_1687181933,200,2,[1136],"[957, 1345]",0.6666666666666666,179.0,00:00:24,24.03469172678888,0.009142142155492156
Bose WC,with_noise_10,log_15_1687181933,200,2,[1344],"[957, 1345]",0.6666666666666666,1.0,00:00:28,28.283259838819504,0.010758181756873148
