Algorithm,Log Source,Log,Window Size,SW Step Size,Detected Changepoints,Actual Changepoints for Log,F1-Score,Average Lag,Duration,Duration (Seconds),Seconds per Case
Bose J,with_noise_20,log_78_1687182040,200,2,"[306, 750]",[743],0.6666666666666666,7.0,00:00:20,20.253091046586633,0.009057733026201536
Bose WC,with_noise_20,log_78_1687182040,200,2,[684],[743],1.0,59.0,00:00:22,22.269846726208925,0.009959681004565709
