Algorithm,Log Source,Log,Window Size,SW Step Size,Detected Changepoints,Actual Changepoints for Log,F1-Score,Average Lag,Duration,Duration (Seconds),Seconds per Case
Bose J,with_noise_10,log_53_1687182005,400,2,[1170],"[1024, 1283]",0.6666666666666666,113.0,00:01:19,79.62317820638418,0.0333570080462439
Bose WC,with_noise_10,log_53_1687182005,400,2,[1168],"[1024, 1283]",0.6666666666666666,115.0,00:01:27,87.83691616170108,0.03679803777197364
