Algorithm,Log Source,Log,Window Size,SW Step Size,Detected Changepoints,Actual Changepoints for Log,F1-Score,Average Lag,Duration,Duration (Seconds),Seconds per Case
Bose J,with_noise_10,log_42_1692952376,200,2,"[538, 1594, 1904, 2264, 3802, 5104, 5358, 6396, 6808, 7564, 7870, 8210, 9882, 10416, 12082, 12398]","[1465, 2388, 3805, 4827, 5718, 6808, 7871, 8414, 9656, 10599, 11897, 12538]",0.5714285714285715,95.625,00:00:55,55.3572880346328,0.003977959761040012
Bose WC,with_noise_10,log_42_1692952376,200,2,"[3812, 5024, 5530, 6740, 7564, 7854, 9932, 12388]","[1465, 2388, 3805, 4827, 5718, 6808, 7871, 8414, 9656, 10599, 11897, 12538]",0.6,104.5,00:01:41,101.07389267347753,0.007263142618099851
