Algorithm,Log Source,Log,Window Size,SW Step Size,Detected Changepoints,Actual Changepoints for Log,F1-Score,Average Lag,Duration,Duration (Seconds),Seconds per Case
Bose J,without_noise,log_76_1692952523,300,2,"[1546, 3118]","[1179, 1765, 3121, 4586, 5250, 6506, 7495]",0.22222222222222224,3.0,00:11:17,677.4553877916187,0.07714135593163501
Bose WC,without_noise,log_76_1692952523,300,2,"[1546, 3118]","[1179, 1765, 3121, 4586, 5250, 6506, 7495]",0.22222222222222224,3.0,00:11:13,673.3168646432459,0.07667010528845888
