Algorithm,Log Source,Log,Window Size,SW Step Size,Detected Changepoints,Actual Changepoints for Log,F1-Score,Average Lag,Duration,Duration (Seconds),Seconds per Case
Bose J,with_noise_10,log_42_1692952376,600,2,"[1902, 3798, 5228, 6808, 7842, 8178, 10062, 12172]","[1465, 2388, 3805, 4827, 5718, 6808, 7871, 8414, 9656, 10599, 11897, 12538]",0.3,12.0,00:02:57,177.32910029031336,0.012742821233854078
Bose WC,with_noise_10,log_42_1692952376,600,2,"[1654, 3748, 5156, 6728, 7876, 8996, 9600, 10210, 12202]","[1465, 2388, 3805, 4827, 5718, 6808, 7871, 8414, 9656, 10599, 11897, 12538]",0.4761904761904762,77.4,00:03:41,221.4260810725391,0.01591161835818763
