Algorithm,Log Source,Log,Window Size,SW Step Size,Detected Changepoints,Actual Changepoints for Log,F1-Score,Average Lag,Duration,Duration (Seconds),Seconds per Case
Bose J,with_noise_20,log_18_1687181937,400,2,[1256],"[1013, 1325]",0.6666666666666666,69.0,00:03:26,206.23477486055344,0.09774159945997793
Bose WC,with_noise_20,log_18_1687181937,400,2,[1256],"[1013, 1325]",0.6666666666666666,69.0,00:04:14,254.22045855876058,0.1204836296487017
