Algorithm,Log Source,Log,Window Size,SW Step Size,Detected Changepoints,Actual Changepoints for Log,F1-Score,Average Lag,Duration,Duration (Seconds),Seconds per Case
Bose J,with_noise_5,log_35_1692952322,150,2,"[364, 520, 5784, 6290, 12318, 13116]","[1452, 2862, 3554, 4954, 6341, 7205, 8282, 8926, 10355, 11253, 12328, 13284]",0.3333333333333333,76.33333333333333,00:18:38,1118.9392798449844,0.07699300074623164
Bose WC,with_noise_5,log_35_1692952322,150,2,"[520, 1372, 6344, 12318, 13116]","[1452, 2862, 3554, 4954, 6341, 7205, 8282, 8926, 10355, 11253, 12328, 13284]",0.47058823529411764,65.25,00:20:49,1249.98090971075,0.08600983346251634
