Algorithm,Log Source,Log,Window Size,SW Step Size,Detected Changepoints,Actual Changepoints for Log,F1-Score,Average Lag,Duration,Duration (Seconds),Seconds per Case
Bose J,with_noise_10,log_85_1687182048,300,2,"[800, 1340]","[1308, 1543]",0.5,32.0,00:04:14,254.34653207100928,0.09835519414965556
Bose WC,with_noise_10,log_85_1687182048,300,2,[1340],"[1308, 1543]",0.6666666666666666,32.0,00:04:29,269.23198933247477,0.10411136478440633
