Algorithm,Log Source,Log,Window Size,SW Step Size,Detected Changepoints,Actual Changepoints for Log,F1-Score,Average Lag,Duration,Duration (Seconds),Seconds per Case
Bose J,without_noise,log_24_1692952266,350,2,"[1142, 2334, 2696, 2864, 4728]","[1144, 2334, 3230, 4730]",0.6666666666666665,1.3333333333333333,00:00:38,38.852790385484695,0.0064357777680113795
Bose WC,without_noise,log_24_1692952266,350,2,"[2444, 4728]","[1144, 2334, 3230, 4730]",0.6666666666666666,56.0,00:00:32,32.33397363498807,0.005355967141790305
