Algorithm,Log Source,Log,Window Size,SW Step Size,Detected Changepoints,Actual Changepoints for Log,F1-Score,Average Lag,Duration,Duration (Seconds),Seconds per Case
Bose J,without_noise,log_100_1692952649,500,2,[1246],"[1399, 2176]",0.6666666666666666,153.0,00:02:12,132.79874373041093,0.039162118469599216
Bose WC,without_noise,log_100_1692952649,500,2,[1246],"[1399, 2176]",0.6666666666666666,153.0,00:02:50,170.73341872543097,0.05034898812309967
