Algorithm,Log Source,Log,Window Size,SW Step Size,Detected Changepoints,Actual Changepoints for Log,F1-Score,Average Lag,Duration,Duration (Seconds),Seconds per Case
Bose J,with_noise_5,log_73_1692952519,450,2,"[1430, 3242, 5952]","[1205, 1799, 2891, 3554, 4661, 5644]",,,00:00:50,50.905663350597024,0.00740123049587046
Bose WC,with_noise_5,log_73_1692952519,450,2,"[1250, 3282]","[1205, 1799, 2891, 3554, 4661, 5644]",0.25,45.0,00:01:34,94.59675368107855,0.013753526269421133
