Algorithm,Log Source,Log,Window Size,SW Step Size,Detected Changepoints,Actual Changepoints for Log,F1-Score,Average Lag,Duration,Duration (Seconds),Seconds per Case
Bose J,without_noise,log_17_1692952221,250,2,"[738, 1354, 1672, 3086, 4824, 6098, 7188]","[1444, 2772, 3489, 4826, 6062, 6751]",0.4615384615384615,42.666666666666664,00:03:29,209.75798992067575,0.026180478023049895
Bose WC,without_noise,log_17_1692952221,250,2,"[738, 1674, 4930, 6178, 7240]","[1444, 2772, 3489, 4826, 6062, 6751]",0.3636363636363636,110.0,00:03:23,203.78478286415339,0.025434945439859385
