Algorithm,Log Source,Log,Window Size,SW Step Size,Detected Changepoints,Actual Changepoints for Log,F1-Score,Average Lag,Duration,Duration (Seconds),Seconds per Case
Bose J,with_noise_20,log_49_1687181999,200,2,[764],"[605, 889]",0.6666666666666666,125.0,00:00:21,21.36978684272617,0.011614014588438136
Bose WC,with_noise_20,log_49_1687181999,200,2,[678],"[605, 889]",0.6666666666666666,73.0,00:00:23,23.193528226576746,0.0126051783840091
