Algorithm,Log Source,Log,Window Size,SW Step Size,Detected Changepoints,Actual Changepoints for Log,F1-Score,Average Lag,Duration,Duration (Seconds),Seconds per Case
Bose J,with_noise_10,log_24_1687181949,300,2,[992],"[994, 1238]",0.6666666666666666,2.0,00:00:32,32.03643396124244,0.013315226085304421
Bose WC,with_noise_10,log_24_1687181949,300,2,[1134],"[994, 1238]",0.6666666666666666,104.0,00:00:41,41.424804013222456,0.017217291776069184
