Algorithm,Log Source,Log,Window Size,SW Step Size,Detected Changepoints,Actual Changepoints for Log,F1-Score,Average Lag,Duration,Duration (Seconds),Seconds per Case
Bose J,without_noise,log_52_1687182004,600,2,[1572],"[1221, 1560]",0.6666666666666666,12.0,00:00:34,34.385237919166684,0.011683736975591805
Bose WC,without_noise,log_52_1687182004,600,2,[1366],"[1221, 1560]",0.6666666666666666,145.0,00:00:29,29.777716364711523,0.010118150310809216
