Algorithm,Log Source,Log,Window Size,SW Step Size,Detected Changepoints,Actual Changepoints for Log,F1-Score,Average Lag,Duration,Duration (Seconds),Seconds per Case
Bose J,with_noise_10,log_56_1692952426,550,2,"[1162, 2792, 3450, 3456, 5110, 6958, 8200, 9396, 9892]","[1162, 2602, 3692, 5083, 5750, 6960, 8196, 9356, 10281]",0.6666666666666666,43.833333333333336,00:01:39,99.4516501519829,0.008749925228926878
Bose WC,with_noise_10,log_56_1692952426,550,2,"[978, 2996, 3524, 5064, 6792, 8204, 9388]","[1162, 2602, 3692, 5083, 5750, 6960, 8196, 9356, 10281]",0.75,96.5,00:02:00,120.09123444929719,0.010565830938702902
