Algorithm,Log Source,Log,Window Size,SW Step Size,Detected Changepoints,Actual Changepoints for Log,F1-Score,Average Lag,Duration,Duration (Seconds),Seconds per Case
Bose J,with_noise_5,log_50_1692952409,450,2,"[1114, 1738, 2312, 3358, 4410, 4906, 6418, 7276, 7928]","[1116, 2317, 3370, 4443, 5099, 6419, 7919]",0.8750000000000001,36.42857142857143,00:01:37,97.20167669095099,0.01076788265104143
Bose WC,with_noise_5,log_50_1692952409,450,2,"[1282, 1738, 2218, 2578, 3382, 4432, 6514, 7276, 7718]","[1116, 2317, 3370, 4443, 5099, 6419, 7919]",0.6250000000000001,76.6,00:02:43,163.44754626229405,0.018106518916837715
