Algorithm,Log Source,Log,Window Size,SW Step Size,Detected Changepoints,Actual Changepoints for Log,F1-Score,Average Lag,Duration,Duration (Seconds),Seconds per Case
Bose J,with_noise_20,log_95_1687182068,200,2,"[678, 1826, 2784, 4210]","[561, 936, 2338, 2712, 4212]",0.6666666666666665,63.666666666666664,00:07:30,450.99951390270144,0.07995027723855724
Bose WC,with_noise_20,log_95_1687182068,200,2,"[1826, 4210]","[561, 936, 2338, 2712, 4212]",0.28571428571428575,2.0,00:07:37,457.07660626992583,0.08102758487323627
