Algorithm,Log Source,Log,Window Size,SW Step Size,Detected Changepoints,Actual Changepoints for Log,F1-Score,Average Lag,Duration,Duration (Seconds),Seconds per Case
Bose J,with_noise_10,log_36_1692952355,350,2,"[640, 1340, 2610, 3166, 4484, 4824, 5708, 6048, 7964, 10298, 11692, 12842, 13434, 13608, 14534]","[1333, 2559, 3693, 4416, 5763, 6390, 7822, 8817, 10269, 11730, 12843, 13947, 14938]",0.5714285714285715,48.875,00:03:39,219.92088372819126,0.013768289221072514
Bose WC,with_noise_10,log_36_1692952355,350,2,"[1316, 2552, 4474, 4822, 5770, 8752, 10278, 11722, 12888, 13466, 14530]","[1333, 2559, 3693, 4416, 5763, 6390, 7822, 8817, 10269, 11730, 12843, 13947, 14938]",0.6666666666666667,27.0,00:04:19,259.0074436236173,0.016215328593477574
