Algorithm,Log Source,Log,Window Size,SW Step Size,Detected Changepoints,Actual Changepoints for Log,F1-Score,Average Lag,Duration,Duration (Seconds),Seconds per Case
Bose J,without_noise,log_17_1687181934,100,2,"[2652, 3868]","[975, 1309, 2437, 2652, 3899]",0.5714285714285715,15.5,00:03:17,197.04121338948607,0.04047683101673913
Bose WC,without_noise,log_17_1687181934,100,2,[3852],"[975, 1309, 2437, 2652, 3899]",0.33333333333333337,47.0,00:02:58,178.88797337003052,0.03674773487469814
