Algorithm,Log Source,Log,Window Size,SW Step Size,Detected Changepoints,Actual Changepoints for Log,F1-Score,Average Lag,Duration,Duration (Seconds),Seconds per Case
Bose J,without_noise,log_68_1687182024,300,2,"[994, 2000, 3088]","[896, 1272, 1818, 2030, 2923, 3240]",0.6666666666666666,93.33333333333333,00:04:27,267.07262917701155,0.05912610785410927
Bose WC,without_noise,log_68_1687182024,300,2,"[994, 2010, 2962]","[896, 1272, 1818, 2030, 2923, 3240]",0.6666666666666666,52.333333333333336,00:04:13,253.24552876967937,0.05606498312368372
