Algorithm,Log Source,Log,Window Size,SW Step Size,Detected Changepoints,Actual Changepoints for Log,F1-Score,Average Lag,Duration,Duration (Seconds),Seconds per Case
Bose J,with_noise_20,log_68_1687182024,400,2,"[1006, 1998, 3074]","[896, 1272, 1818, 2030, 2923, 3240]",0.6666666666666666,97.66666666666667,00:06:20,380.4591507324949,0.08422828220776951
Bose WC,with_noise_20,log_68_1687182024,400,2,"[994, 2010, 3200]","[896, 1272, 1818, 2030, 2923, 3240]",0.6666666666666666,52.666666666666664,00:07:04,424.33244303707033,0.09394120943924515
