Algorithm,Log Source,Log,Window Size,SW Step Size,Detected Changepoints,Actual Changepoints for Log,F1-Score,Average Lag,Duration,Duration (Seconds),Seconds per Case
Bose J,with_noise_10,log_6_1692952173,550,2,"[2092, 3406, 4770, 6176, 7852, 9134]","[1350, 1920, 3342, 4346, 5008, 6173, 7280, 8196, 9350]",0.4,79.66666666666667,00:05:49,349.3337789196521,0.03294358533757564
Bose WC,with_noise_10,log_6_1692952173,550,2,"[3356, 4652, 6038, 9322]","[1350, 1920, 3342, 4346, 5008, 6173, 7280, 8196, 9350]",0.46153846153846156,59.0,00:07:04,424.4000595603138,0.040022638585469054
