Algorithm,Log Source,Log,Window Size,SW Step Size,Detected Changepoints,Actual Changepoints for Log,F1-Score,Average Lag,Duration,Duration (Seconds),Seconds per Case
Bose J,with_noise_10,log_17_1692952221,150,2,"[736, 1354, 3186, 4824, 6038]","[1444, 2772, 3489, 4826, 6062, 6751]",0.5454545454545454,38.666666666666664,00:04:00,240.99960424751043,0.03007983078476166
Bose WC,with_noise_10,log_17_1692952221,150,2,"[738, 4810, 6084]","[1444, 2772, 3489, 4826, 6062, 6751]",0.4444444444444444,19.0,00:03:55,235.49037830531597,0.029392208974702443
