Algorithm,Log Source,Log,Window Size,SW Step Size,Detected Changepoints,Actual Changepoints for Log,F1-Score,Average Lag,Duration,Duration (Seconds),Seconds per Case
Bose J,with_noise_20,log_51_1687182003,500,2,"[782, 1592]",[882],0.6666666666666666,100.0,00:03:11,191.39311900362372,0.08072253015758066
Bose WC,with_noise_20,log_51_1687182003,500,2,[880],[882],1.0,2.0,00:03:55,235.46946216840297,0.09931229952273428
