Algorithm,Log Source,Log,Window Size,SW Step Size,Detected Changepoints,Actual Changepoints for Log,F1-Score,Average Lag,Duration,Duration (Seconds),Seconds per Case
Bose J,with_noise_20,log_31_1687181960,600,2,"[1076, 2028]","[1043, 1868, 2070, 3338, 3677]",0.5714285714285715,37.5,00:08:02,482.59004278015345,0.11204783904809693
Bose WC,with_noise_20,log_31_1687181960,600,2,"[1076, 1992]","[1043, 1868, 2070, 3338, 3677]",0.5714285714285715,55.5,00:08:18,498.6834836807102,0.11578441692145582
