Algorithm,Log Source,Log,Window Size,SW Step Size,Detected Changepoints,Actual Changepoints for Log,F1-Score,Average Lag,Duration,Duration (Seconds),Seconds per Case
Bose J,without_noise,log_34_1692952321,150,2,"[1164, 2256, 2686, 2748]","[1165, 2205, 2867]",0.8571428571428571,57.0,00:00:17,17.31593275628984,0.004220310201386751
Bose WC,without_noise,log_34_1692952321,150,2,"[1164, 2256, 2686]","[1165, 2205, 2867]",1.0,77.66666666666667,00:00:17,17.447003446519375,0.004252255287964752
