Algorithm,Log Source,Log,Window Size,SW Step Size,Detected Changepoints,Actual Changepoints for Log,F1-Score,Average Lag,Duration,Duration (Seconds),Seconds per Case
Bose J,without_noise,log_20_1692952238,200,2,"[1292, 1928, 2154, 3448, 5462, 6760, 7772, 7994, 8734, 9432, 10920]","[1357, 2105, 3482, 4422, 5484, 6787, 8017, 9381, 10872, 11904, 12802, 13833]",0.6956521739130435,39.875,00:07:01,421.37871258333325,0.02800416777984537
Bose WC,without_noise,log_20_1692952238,200,2,"[5464, 6784, 7806, 8004, 9416, 10878]","[1357, 2105, 3482, 4422, 5484, 6787, 8017, 9381, 10872, 11904, 12802, 13833]",0.5555555555555556,15.4,00:07:42,462.22387061454356,0.03071867286598947
