Algorithm,Log Source,Log,Window Size,SW Step Size,Detected Changepoints,Actual Changepoints for Log,F1-Score,Average Lag,Duration,Duration (Seconds),Seconds per Case
Bose J,with_noise_10,log_67_1692952494,250,2,"[564, 1216, 1896, 2706, 3792, 5288, 7566, 8204, 9164]","[1312, 2743, 3889, 5271, 5852, 7181, 7712, 9147]",0.7058823529411765,68.33333333333333,00:07:21,441.5422199871391,0.04190795557964494
Bose WC,with_noise_10,log_67_1692952494,250,2,"[1212, 2706, 3792, 5288, 7568, 9152]","[1312, 2743, 3889, 5271, 5852, 7181, 7712, 9147]",0.8571428571428571,66.66666666666667,00:07:50,470.24296872504056,0.044632020569954495
