Algorithm,Log Source,Log,Window Size,SW Step Size,Detected Changepoints,Actual Changepoints for Log,F1-Score,Average Lag,Duration,Duration (Seconds),Seconds per Case
Bose J,with_noise_10,log_97_1687182074,400,2,"[1142, 2356, 3634]","[1151, 2334, 3469, 3787]",0.8571428571428571,61.333333333333336,00:03:50,230.22762032132596,0.046184076293144624
Bose WC,with_noise_10,log_97_1687182074,400,2,"[1148, 2350, 3684]","[1151, 2334, 3469, 3787]",0.8571428571428571,40.666666666666664,00:04:46,286.0503254150972,0.05738221171817396
