Algorithm,Log Source,Log,Window Size,SW Step Size,Detected Changepoints,Actual Changepoints for Log,F1-Score,Average Lag,Duration,Duration (Seconds),Seconds per Case
Bose J,with_noise_10,log_6_1692952173,450,2,"[1688, 3292, 4590, 6176, 7632, 9246]","[1350, 1920, 3342, 4346, 5008, 6173, 7280, 8196, 9350]",0.4,52.333333333333336,00:05:38,338.48010616749525,0.03192004018931491
Bose WC,with_noise_10,log_6_1692952173,450,2,"[3356, 5116, 6038]","[1350, 1920, 3342, 4346, 5008, 6173, 7280, 8196, 9350]",0.5,85.66666666666667,00:06:47,407.2499056495726,0.03840530985001628
