Algorithm,Log Source,Log,Window Size,SW Step Size,Detected Changepoints,Actual Changepoints for Log,F1-Score,Average Lag,Duration,Duration (Seconds),Seconds per Case
Bose J,without_noise,log_70_1692952508,450,2,"[1582, 3720, 4710, 5658, 6686]","[1422, 2050, 3140, 3964, 5285, 5909]",0.1818181818181818,160.0,00:02:08,128.1387285478413,0.017657258997911162
Bose WC,without_noise,log_70_1692952508,450,2,"[1582, 3718, 4710, 5658]","[1422, 2050, 3140, 3964, 5285, 5909]",0.2,160.0,00:02:13,133.95423178374767,0.01845862364389523
