Algorithm,Log Source,Log,Window Size,SW Step Size,Detected Changepoints,Actual Changepoints for Log,F1-Score,Average Lag,Duration,Duration (Seconds),Seconds per Case
Bose J,without_noise,log_94_1687182067,500,2,"[1996, 3070, 3102]","[517, 868, 1998, 2959, 3215]",0.7499999999999999,75.33333333333333,00:00:37,37.25038169696927,0.008750383297385311
Bose WC,without_noise,log_94_1687182067,500,2,"[1998, 3098]","[517, 868, 1998, 2959, 3215]",0.5714285714285715,58.5,00:00:15,15.280193211510777,0.0035894275808106123
