Algorithm,Log Source,Log,Window Size,SW Step Size,Detected Changepoints,Actual Changepoints for Log,F1-Score,Average Lag,Duration,Duration (Seconds),Seconds per Case
Bose J,with_noise_20,log_9_1687181928,600,2,"[1388, 1642, 2958]","[1135, 1916, 2696, 2989]",0.28571428571428575,31.0,00:01:52,112.96110436879098,0.025180807928843287
Bose WC,with_noise_20,log_9_1687181928,600,2,"[1620, 2908]","[1135, 1916, 2696, 2989]",0.3333333333333333,81.0,00:02:28,148.09825389552861,0.033013431541580165
