Algorithm,Log Source,Log,Window Size,SW Step Size,Detected Changepoints,Actual Changepoints for Log,F1-Score,Average Lag,Duration,Duration (Seconds),Seconds per Case
Bose J,with_noise_20,log_20_1687181939,600,2,"[1070, 1676, 1890, 2306, 2764]","[1383, 2319, 2819]",0.5,34.0,00:01:35,95.18685477040708,0.024208254010785118
Bose WC,with_noise_20,log_20_1687181939,600,2,[2280],"[1383, 2319, 2819]",0.5,39.0,00:01:40,100.16150674875826,0.02547342491067097
