Algorithm,Log Source,Log,Window Size,SW Step Size,Detected Changepoints,Actual Changepoints for Log,F1-Score,Average Lag,Duration,Duration (Seconds),Seconds per Case
Bose J,with_noise_10,log_84_1692952573,450,2,"[1414, 3324, 4618, 5242]","[1146, 2011, 3360, 4613]",0.5,20.5,00:02:24,144.6762410979718,0.024290839673937508
Bose WC,with_noise_10,log_84_1692952573,450,2,"[1982, 3436, 4354, 5240]","[1146, 2011, 3360, 4613]",0.5,52.5,00:02:39,159.79926521331072,0.02682996393776204
