Algorithm,Log Source,Log,Window Size,SW Step Size,Detected Changepoints,Actual Changepoints for Log,F1-Score,Average Lag,Duration,Duration (Seconds),Seconds per Case
Bose J,with_noise_5,log_18_1692952223,350,2,"[1748, 4024, 4440, 5782, 7034, 8740, 10000]","[1389, 2280, 3635, 4421, 5728, 7035, 7597, 8723, 9996]",0.6250000000000001,19.0,00:09:51,591.8398690186441,0.05149568163392013
Bose WC,with_noise_5,log_18_1692952223,350,2,"[1748, 3828, 5810, 7054, 8758, 10000]","[1389, 2280, 3635, 4421, 5728, 7035, 7597, 8723, 9996]",0.6666666666666667,66.6,00:10:46,646.5866681132466,0.056259172375641396
