Algorithm,Log Source,Log,Window Size,SW Step Size,Detected Changepoints,Actual Changepoints for Log,F1-Score,Average Lag,Duration,Duration (Seconds),Seconds per Case
Bose J,with_noise_5,log_29_1692952298,350,2,"[1048, 1980, 2860, 4494, 6396, 7830, 9276, 10572, 11164, 11986, 13378]","[1213, 1756, 2868, 4306, 5136, 6404, 7812, 9139, 10570, 11620, 12291, 13397]",0.6956521739130435,68.125,00:16:23,983.7651106752455,0.06797243907104578
Bose WC,with_noise_5,log_29_1692952298,350,2,"[6448, 10572]","[1213, 1756, 2868, 4306, 5136, 6404, 7812, 9139, 10570, 11620, 12291, 13397]",0.2857142857142857,23.0,00:16:23,983.5473713967949,0.06795739455515754
