Algorithm,Log Source,Log,Window Size,SW Step Size,Detected Changepoints,Actual Changepoints for Log,F1-Score,Average Lag,Duration,Duration (Seconds),Seconds per Case
Bose J,without_noise,log_20_1687181939,200,2,"[1400, 1638, 2318, 2818, 3226]","[1383, 2319, 2819]",0.7499999999999999,6.333333333333333,00:00:54,54.9604113586247,0.01397772415020974
Bose WC,without_noise,log_20_1687181939,200,2,"[1400, 2268, 2914]","[1383, 2319, 2819]",1.0,54.333333333333336,00:00:42,42.31501243263483,0.0107617020428878
