Algorithm,Log Source,Log,Window Size,SW Step Size,Detected Changepoints,Actual Changepoints for Log,F1-Score,Average Lag,Duration,Duration (Seconds),Seconds per Case
Bose J,with_noise_20,log_92_1687182064,200,2,"[314, 580, 706, 1024, 1922]",[1041],0.33333333333333337,17.0,00:01:29,89.89380463119596,0.04007748757520997
Bose WC,with_noise_20,log_92_1687182064,200,2,"[580, 706, 906]",[1041],0.5,135.0,00:01:31,91.31446094624698,0.040710860876614796
