Algorithm,Log Source,Log,Window Size,SW Step Size,Detected Changepoints,Actual Changepoints for Log,F1-Score,Average Lag,Duration,Duration (Seconds),Seconds per Case
Bose J,without_noise,log_24_1687181949,200,2,[1114],"[994, 1238]",0.6666666666666666,120.0,00:00:19,19.370098690502346,0.008050747585412446
Bose WC,without_noise,log_24_1687181949,200,2,"[1100, 1130]","[994, 1238]",1.0,107.0,00:00:20,20.408712439239025,0.008482424122709487
