Algorithm,Log Source,Log,Window Size,SW Step Size,Detected Changepoints,Actual Changepoints for Log,F1-Score,Average Lag,Duration,Duration (Seconds),Seconds per Case
Bose J,with_noise_5,log_14_1692952206,150,2,"[1880, 1994, 2234, 3372, 3580, 4180, 5138, 6456, 7612, 8906]","[1181, 2047, 3186, 3975, 5113, 6441, 7617, 8917]",0.6666666666666665,49.166666666666664,00:02:21,141.58883968740702,0.013655013953843864
Bose WC,with_noise_5,log_14_1692952206,150,2,"[2216, 3576, 5142, 6338, 7638, 8946]","[1181, 2047, 3186, 3975, 5113, 6441, 7617, 8917]",0.7142857142857143,70.2,00:02:26,146.05570037290454,0.01408580387432776
