Algorithm,Log Source,Log,Window Size,SW Step Size,Detected Changepoints,Actual Changepoints for Log,F1-Score,Average Lag,Duration,Duration (Seconds),Seconds per Case
Bose J,with_noise_10,log_83_1687182046,100,2,"[1170, 1686, 2676]","[1171, 1687, 2573, 2813]",0.8571428571428571,35.0,00:00:30,30.834603157825768,0.00846174620137919
Bose WC,with_noise_10,log_83_1687182046,100,2,"[1178, 1736, 2570]","[1171, 1687, 2573, 2813]",0.8571428571428571,19.666666666666668,00:00:24,24.491646165959537,0.006721088409977919
