Algorithm,Log Source,Log,Window Size,SW Step Size,Detected Changepoints,Actual Changepoints for Log,F1-Score,Average Lag,Duration,Duration (Seconds),Seconds per Case
Bose J,with_noise_10,log_70_1692952508,600,2,"[1574, 3712, 5466]","[1422, 2050, 3140, 3964, 5285, 5909]",0.4444444444444444,166.5,00:03:49,229.54957195743918,0.03163146919628485
Bose WC,with_noise_10,log_70_1692952508,600,2,"[1574, 3506, 5594]","[1422, 2050, 3140, 3964, 5285, 5909]",0.2222222222222222,152.0,00:05:00,300.6967006418854,0.04143540039160609
