Algorithm,Log Source,Log,Window Size,SW Step Size,Detected Changepoints,Actual Changepoints for Log,F1-Score,Average Lag,Duration,Duration (Seconds),Seconds per Case
Bose J,with_noise_10,log_44_1692952384,150,2,"[1104, 4480, 5976, 6972, 7938, 9284, 10410]","[1079, 2333, 3288, 4492, 5972, 6979, 7946, 9293, 10347]",0.8750000000000001,18.285714285714285,00:09:35,575.6827091276646,0.05001152889650461
Bose WC,with_noise_10,log_44_1692952384,150,2,"[1104, 4480, 5970, 6974, 9310, 10310]","[1079, 2333, 3288, 4492, 5972, 6979, 7946, 9293, 10347]",0.8,16.333333333333332,00:11:40,700.1848657876253,0.06082745771762882
