Algorithm,Log Source,Log,Window Size,SW Step Size,Detected Changepoints,Actual Changepoints for Log,F1-Score,Average Lag,Duration,Duration (Seconds),Seconds per Case
Bose J,without_noise,log_30_1692952304,300,2,"[1492, 1534, 1576, 1618, 1660, 1702, 1744, 1786, 1828]","[1241, 2080]",,,00:00:18,18.758693858981133,0.0055746489922677955
Bose WC,without_noise,log_30_1692952304,300,2,"[1450, 1492, 1534, 1576, 1618, 1660, 1702, 1744, 1786, 1828, 1870]","[1241, 2080]",,,00:00:14,14.9080577660352,0.004430329202387875
