Algorithm,Log Source,Log,Window Size,SW Step Size,Detected Changepoints,Actual Changepoints for Log,F1-Score,Average Lag,Duration,Duration (Seconds),Seconds per Case
Bose J,without_noise,log_8_1687181927,500,2,[900],"[778, 1133]",0.6666666666666666,122.0,00:03:00,180.60133432410657,0.07938520190070619
Bose WC,without_noise,log_8_1687181927,500,2,[888],"[778, 1133]",0.6666666666666666,110.0,00:02:51,171.25524242874235,0.07527702963900762
