Algorithm,Log Source,Log,Window Size,SW Step Size,Detected Changepoints,Actual Changepoints for Log,F1-Score,Average Lag,Duration,Duration (Seconds),Seconds per Case
Bose J,with_noise_20,log_15_1687181933,500,2,[1192],"[957, 1345]",0.6666666666666666,153.0,00:00:22,22.258719568140805,0.008466610714393611
Bose WC,with_noise_20,log_15_1687181933,500,2,[1190],"[957, 1345]",0.6666666666666666,155.0,00:00:24,24.821483125910163,0.009441416175698046
