Algorithm,Log Source,Log,Window Size,SW Step Size,Detected Changepoints,Actual Changepoints for Log,F1-Score,Average Lag,Duration,Duration (Seconds),Seconds per Case
Bose J,with_noise_5,log_26_1692952272,300,2,"[708, 1460, 2628, 3254, 4120, 4418, 4976, 5500, 6760, 7012, 8646, 8950, 10406, 11880, 12474]","[1263, 1769, 2996, 3623, 4914, 5584, 6650, 7268, 8328, 9041, 10411, 11880, 12742]",0.5,78.42857142857143,00:15:32,932.6373068261892,0.06665027562539765
Bose WC,with_noise_5,log_26_1692952272,300,2,"[1460, 3246, 5500, 6716, 8950, 10408, 12080]","[1263, 1769, 2996, 3623, 4914, 5584, 6650, 7268, 8328, 9041, 10411, 11880, 12742]",0.6,106.83333333333333,00:17:49,1069.0059180576354,0.07639576345727403
