Algorithm,Log Source,Log,Window Size,SW Step Size,Detected Changepoints,Actual Changepoints for Log,F1-Score,Average Lag,Duration,Duration (Seconds),Seconds per Case
Bose J,with_noise_10,log_39_1687181976,100,2,[2210],"[706, 972, 2184, 3059, 3368]",0.33333333333333337,26.0,00:05:27,327.7799003152177,0.07813585228014724
Bose WC,with_noise_10,log_39_1687181976,100,2,[],"[706, 972, 2184, 3059, 3368]",,,00:05:18,318.629969089292,0.07595470061723289
