Algorithm,Log Source,Log,Window Size,SW Step Size,Detected Changepoints,Actual Changepoints for Log,F1-Score,Average Lag,Duration,Duration (Seconds),Seconds per Case
Bose J,with_noise_20,log_56_1687182007,500,2,"[1164, 1666]","[999, 1336]",0.5,165.0,00:01:36,96.57202137261629,0.035847075490948885
Bose WC,with_noise_20,log_56_1687182007,500,2,[1164],"[999, 1336]",0.6666666666666666,165.0,00:02:19,139.2263594418764,0.051680163118736605
