Algorithm,Log Source,Log,Window Size,SW Step Size,Detected Changepoints,Actual Changepoints for Log,F1-Score,Average Lag,Duration,Duration (Seconds),Seconds per Case
Bose J,with_noise_10,log_56_1692952426,100,2,"[1162, 2594, 3686, 5122, 6958, 8196, 9356]","[1162, 2602, 3692, 5083, 5750, 6960, 8196, 9356, 10281]",0.8750000000000001,7.857142857142857,00:01:24,84.38749440386891,0.0074245552000588525
Bose WC,with_noise_10,log_56_1692952426,100,2,"[3700, 5120, 8166, 9356]","[1162, 2602, 3692, 5083, 5750, 6960, 8196, 9356, 10281]",0.6153846153846153,18.75,00:01:24,84.46825711987913,0.007431660841094415
