Algorithm,Log Source,Log,Window Size,SW Step Size,Detected Changepoints,Actual Changepoints for Log,F1-Score,Average Lag,Duration,Duration (Seconds),Seconds per Case
Bose J,with_noise_20,log_76_1687182037,400,2,"[962, 1546, 1940]","[1056, 1741, 2740]",0.6666666666666666,144.5,00:01:11,71.7426360975951,0.021919534401953895
Bose WC,with_noise_20,log_76_1687182037,400,2,"[962, 1660]","[1056, 1741, 2740]",0.8,87.5,00:01:35,95.85720611643046,0.02928726126380399
