Algorithm,Log Source,Log,Window Size,SW Step Size,Detected Changepoints,Actual Changepoints for Log,F1-Score,Average Lag,Duration,Duration (Seconds),Seconds per Case
Bose J,with_noise_20,log_13_1687181932,500,2,"[1408, 2264, 3030]","[627, 835, 1407, 2856, 3239]",0.5,87.5,00:01:00,60.38633039686829,0.013600524864159524
Bose WC,with_noise_20,log_13_1687181932,500,2,"[1008, 1112, 1520, 3118]","[627, 835, 1407, 2856, 3239]",0.6666666666666665,135.66666666666666,00:01:07,67.21219495125115,0.015137881745777286
