Algorithm,Log Source,Log,Window Size,SW Step Size,Detected Changepoints,Actual Changepoints for Log,F1-Score,Average Lag,Duration,Duration (Seconds),Seconds per Case
Bose J,with_noise_10,log_95_1687182068,500,2,"[706, 2760, 3262, 4018, 4182]","[561, 936, 2338, 2712, 4212]",0.6,74.33333333333333,00:11:01,661.0269983531907,0.11718259144711766
Bose WC,with_noise_10,log_95_1687182068,500,2,"[2760, 4182]","[561, 936, 2338, 2712, 4212]",0.5714285714285715,39.0,00:12:50,770.4307942064479,0.13657698886836517
