Algorithm,Log Source,Log,Window Size,SW Step Size,Detected Changepoints,Actual Changepoints for Log,F1-Score,Average Lag,Duration,Duration (Seconds),Seconds per Case
Bose J,with_noise_20,log_25_1687181949,300,2,[874],"[783, 1163]",0.6666666666666666,91.0,00:02:36,156.60295128822327,0.08714688441192169
Bose WC,with_noise_20,log_25_1687181949,300,2,[874],"[783, 1163]",0.6666666666666666,91.0,00:03:00,180.77088892273605,0.10059593150959156
