Algorithm,Log Source,Log,Window Size,SW Step Size,Detected Changepoints,Actual Changepoints for Log,F1-Score,Average Lag,Duration,Duration (Seconds),Seconds per Case
Bose J,with_noise_20,log_27_1687181952,200,2,"[766, 1740, 1958, 3328]","[605, 944, 1861, 2203, 3080, 3444]",0.6,124.66666666666667,00:00:59,59.85113839711994,0.01433903651104934
Bose WC,with_noise_20,log_27_1687181952,200,2,"[864, 1958]","[605, 944, 1861, 2203, 3080, 3444]",0.5,88.5,00:01:01,61.43158759083599,0.014717677908681358
