Algorithm,Log Source,Log,Window Size,SW Step Size,Detected Changepoints,Actual Changepoints for Log,F1-Score,Average Lag,Duration,Duration (Seconds),Seconds per Case
Bose J,with_noise_10,log_23_1692952259,300,2,"[1840, 2162, 3358, 4280, 6372, 7324, 8868, 11288, 12788, 13174]","[1464, 2335, 3773, 4539, 5637, 6477, 7514, 8662, 9652, 10998, 11610, 12811]",0.3636363636363636,122.75,00:02:02,122.29565381258726,0.008842780463672253
Bose WC,with_noise_10,log_23_1692952259,300,2,"[1840, 5500, 7498, 8858, 11544, 12870, 13158]","[1464, 2335, 3773, 4539, 5637, 6477, 7514, 8662, 9652, 10998, 11610, 12811]",0.5263157894736842,94.8,00:02:24,144.10723908804357,0.010419901597110887
