Algorithm,Log Source,Log,Window Size,SW Step Size,Detected Changepoints,Actual Changepoints for Log,F1-Score,Average Lag,Duration,Duration (Seconds),Seconds per Case
Bose J,with_noise_10,log_93_1687182065,100,2,"[734, 1874, 3016]","[761, 990, 1771, 2107, 2887, 3146]",0.6666666666666666,86.33333333333333,00:02:27,147.74803232774138,0.03428028592290983
Bose WC,with_noise_10,log_93_1687182065,100,2,"[858, 1874, 2936]","[761, 990, 1771, 2107, 2887, 3146]",0.6666666666666666,83.0,00:02:29,149.5597125198692,0.03470062935495805
