Algorithm,Log Source,Log,Window Size,SW Step Size,Detected Changepoints,Actual Changepoints for Log,F1-Score,Average Lag,Duration,Duration (Seconds),Seconds per Case
Bose J,without_noise,log_50_1692952409,300,2,"[1116, 2316, 3372, 4446, 4814, 6418, 7282, 7914]","[1116, 2317, 3370, 4443, 5099, 6419, 7919]",0.7999999999999999,2.0,00:01:27,87.85662885382771,0.009732649701321337
Bose WC,without_noise,log_50_1692952409,300,2,"[1288, 2216, 3316, 4374, 6494, 7282, 7704]","[1116, 2317, 3370, 4443, 5099, 6419, 7919]",0.7142857142857143,94.2,00:01:20,80.92255550250411,0.008964501551180249
