Algorithm,Log Source,Log,Window Size,SW Step Size,Detected Changepoints,Actual Changepoints for Log,F1-Score,Average Lag,Duration,Duration (Seconds),Seconds per Case
Bose J,without_noise,log_23_1692952259,450,2,"[2118, 4120, 5666, 6178, 7434, 8844, 11284, 12816]","[1464, 2335, 3773, 4539, 5637, 6477, 7514, 8662, 9652, 10998, 11610, 12811]",0.4,74.0,00:02:10,130.75556837953627,0.009454487952244127
Bose WC,without_noise,log_23_1692952259,450,2,"[1836, 7778, 8868, 11544, 12990]","[1464, 2335, 3773, 4539, 5637, 6477, 7514, 8662, 9652, 10998, 11610, 12811]",0.23529411764705882,122.5,00:02:22,142.15007268078625,0.010278385587909345
