Algorithm,Log Source,Log,P-Value,Window Size,Detected Changepoints,Actual Changepoints for Log,F1-Score,Average Lag,Duration,Duration (Seconds),Seconds per Case
Martjushev J,with_noise_10,log_18_1692952223,0.55,250,"[6923, 8693, 9881, 10972]","[1389, 2280, 3635, 4421, 5728, 7035, 7597, 8723, 9996]",0.46153846153846156,85.66666666666667,00:17:09,1029.668177479878,0.08959089684850588
