Algorithm,Log Source,Log,P-Value,Window Size,Detected Changepoints,Actual Changepoints for Log,F1-Score,Average Lag,Duration,Duration (Seconds),Seconds per Case
Martjushev J,without_noise,log_60_1692952441,0.55,400,"[1157, 2518, 3318, 4711, 6052, 6802, 7452, 8822]","[1176, 1816, 2868, 3524, 5017, 6406, 7452, 8819, 10127]",0.35294117647058826,7.333333333333333,00:15:45,945.317172979936,0.0833466031546408
