Algorithm,Log Source,Log,P-Value,Window Size,Detected Changepoints,Actual Changepoints for Log,F1-Score,Average Lag,Duration,Duration (Seconds),Seconds per Case
Martjushev J,with_noise_10,log_33_1692952312,0.55,100,"[1420, 1891, 2776, 3029, 3338, 3544, 3855, 4269, 4584, 4817, 5058, 5450, 5650, 5850, 6108, 6794, 6996]","[1422, 2484, 3325, 4734, 5708, 6899]",0.4347826086956522,50.6,00:10:45,645.6774790752679,0.07797095508697838
