Algorithm,Log Source,Log,P-Value,Window Size,Detected Changepoints,Actual Changepoints for Log,F1-Score,Average Lag,Duration,Duration (Seconds),Seconds per Case
Martjushev J,with_noise_5,log_20_1692952238,0.55,350,"[792, 3364, 6816, 7707, 10785, 13782]","[1357, 2105, 3482, 4422, 5484, 6787, 8017, 9381, 10872, 11904, 12802, 13833]",0.4444444444444444,71.25,00:23:29,1409.5220929402858,0.0936746257021523
