Algorithm,Log Source,Log,P-Value,Window Size,Detected Changepoints,Actual Changepoints for Log,F1-Score,Average Lag,Duration,Duration (Seconds),Seconds per Case
Martjushev J,with_noise_10,log_23_1692952259,0.55,400,"[1137, 1937, 3777, 4577, 5420, 6220, 7128, 8662, 9062, 10668, 11368, 12274, 12811]","[1464, 2335, 3773, 4539, 5637, 6477, 7514, 8662, 9652, 10998, 11610, 12811]",0.32,10.5,00:05:28,328.2559807561338,0.023735067299792755
