Algorithm,Log Source,Log,P-Value,Window Size,Detected Changepoints,Actual Changepoints for Log,F1-Score,Average Lag,Duration,Duration (Seconds),Seconds per Case
Martjushev J,with_noise_5,log_61_1692952452,0.55,100,"[137, 3641, 4852, 11356, 15426]","[1461, 2278, 3644, 4850, 6300, 7761, 9161, 9996, 11400, 11926, 13119, 13979, 15446]",0.4444444444444444,17.25,00:03:42,222.10877944901586,0.013403462642508952
