Algorithm,Log Source,Log,P-Value,Window Size,Detected Changepoints,Actual Changepoints for Log,F1-Score,Average Lag,Duration,Duration (Seconds),Seconds per Case
Martjushev J,with_noise_5,log_25_1692952268,0.55,300,"[2218, 6455, 8031, 9955, 10405]","[1268, 1983, 3460, 4362, 5712, 6676, 7809, 8764, 10077, 10808]",0.13333333333333333,122.0,00:12:14,734.9998908787966,0.06107186463471513
