Algorithm,Log Source,Log,P-Value,Window Size,Detected Changepoints,Actual Changepoints for Log,F1-Score,Average Lag,Duration,Duration (Seconds),Seconds per Case
Martjushev J,without_noise,log_66_1692952466,0.55,350,"[1421, 3018, 4571, 6081, 8499, 9358, 10058, 10758, 11501, 13169, 15081]","[1333, 1858, 3125, 4597, 5145, 6189, 7122, 8601, 9725, 10332, 11494, 12957, 13775, 14782, 15396]",0.4615384615384615,73.0,00:51:18,3078.1116830725223,0.186926075367251
