Algorithm,Log Source,Log,P-Value,Window Size,Detected Changepoints,Actual Changepoints for Log,F1-Score,Average Lag,Duration,Duration (Seconds),Seconds per Case
Martjushev J,without_noise,log_7_1692952178,0.55,250,"[1293, 1793, 3565, 4065, 4565, 5681, 6936, 8351, 9562, 10062, 11679, 11953, 12453, 13863, 14488, 14738, 16446, 16946]","[1311, 2256, 3605, 4597, 5681, 6939, 8352, 9584, 10457, 11681, 12486, 13960, 14957, 16422, 17190]",0.6666666666666666,24.727272727272727,00:05:09,309.1097201537341,0.01692082987484859
