Algorithm,Log Source,Log,P-Value,Window Size,Detected Changepoints,Actual Changepoints for Log,F1-Score,Average Lag,Duration,Duration (Seconds),Seconds per Case
Martjushev J,with_noise_10,log_35_1692952322,0.55,400,"[3618, 4822, 5963, 6791, 12015, 12819, 13859]","[1452, 2862, 3554, 4954, 6341, 7205, 8282, 8926, 10355, 11253, 12328, 13284]",0.2105263157894737,98.0,01:05:40,3940.926129616797,0.271170861461281
