Algorithm,Log Source,Log,P-Value,Window Size,Detected Changepoints,Actual Changepoints for Log,F1-Score,Average Lag,Duration,Duration (Seconds),Seconds per Case
Martjushev J,with_noise_10,log_26_1692952272,0.55,350,"[1410, 2599, 3299, 4119, 5390, 6384, 7084, 8379, 9079, 10148, 11887, 12412]","[1263, 1769, 2996, 3623, 4914, 5584, 6650, 7268, 8328, 9041, 10411, 11880, 12742]",0.48000000000000004,103.5,00:38:57,2337.3155444152653,0.1670346276291907
