Algorithm,Log Source,Log,P-Value,Window Size,Detected Changepoints,Actual Changepoints for Log,F1-Score,Average Lag,Duration,Duration (Seconds),Seconds per Case
Martjushev J,with_noise_5,log_25_1692952268,0.55,100,"[2232, 2581, 3273, 4028, 6272, 7144, 10046, 10411, 11395, 11930]","[1268, 1983, 3460, 4362, 5712, 6676, 7809, 8764, 10077, 10808]",0.20000000000000004,109.0,00:06:29,389.3629708196968,0.03235255262315719
