Algorithm,Log Source,Log,P-Value,Window Size,Detected Changepoints,Actual Changepoints for Log,F1-Score,Average Lag,Duration,Duration (Seconds),Seconds per Case
Martjushev J,with_noise_10,log_20_1692952238,0.55,400,"[3358, 6794, 7757, 8661, 10770, 12039, 13896]","[1357, 2105, 3482, 4422, 5484, 6787, 8017, 9381, 10872, 11904, 12802, 13833]",0.5263157894736842,86.2,00:27:10,1630.9865370187908,0.10839280501221445
