Algorithm,Log Source,Log,P-Value,Window Size,Detected Changepoints,Actual Changepoints for Log,F1-Score,Average Lag,Duration,Duration (Seconds),Seconds per Case
Martjushev J,without_noise,log_16_1692952213,0.55,550,"[1355, 2656, 3991, 5712, 6370, 8268, 10636, 11320, 12640]","[1356, 2761, 3835, 4592, 5716, 6979, 8389, 9274, 10631, 11912, 13144]",0.6,65.33333333333333,00:24:42,1482.913388615474,0.10363501213330589
