Algorithm,Log Source,Log,P-Value,Window Size,Detected Changepoints,Actual Changepoints for Log,F1-Score,Average Lag,Duration,Duration (Seconds),Seconds per Case
Martjushev J,without_noise,log_42_1692952376,0.55,500,"[1439, 1814, 3245, 3803, 5620, 6808, 7868, 8208, 9840, 10149, 11989, 12170]","[1465, 2388, 3805, 4827, 5718, 6808, 7871, 8414, 9656, 10599, 11897, 12538]",0.5833333333333334,57.857142857142854,00:05:28,328.49066434428096,0.023605250384038587
