Algorithm,Log Source,Log,P-Value,Window Size,Detected Changepoints,Actual Changepoints for Log,F1-Score,Average Lag,Duration,Duration (Seconds),Seconds per Case
Martjushev J,without_noise,log_35_1692952322,0.55,350,"[872, 1612, 3051, 4330, 5089, 5851, 6789, 12096, 13082, 13871]","[1452, 2862, 3554, 4954, 6341, 7205, 8282, 8926, 10355, 11253, 12328, 13284]",0.2727272727272727,161.33333333333334,00:54:19,3259.1776348873973,0.22426048543916585
