Algorithm,Log Source,Log,P-Value,Window Size,Detected Changepoints,Actual Changepoints for Log,F1-Score,Average Lag,Duration,Duration (Seconds),Seconds per Case
Martjushev J,without_noise,log_13_1692952198,0.55,150,"[2100, 2893, 5973, 7321, 7980]","[1285, 2064, 3509, 4569, 6017, 7324, 8391, 9657]",0.4615384615384615,27.666666666666668,00:22:19,1339.858967911452,0.12432578341945366
