Algorithm,Log Source,Log,P-Value,Window Size,Detected Changepoints,Actual Changepoints for Log,F1-Score,Average Lag,Duration,Duration (Seconds),Seconds per Case
Martjushev J,with_noise_10,log_20_1692952238,0.55,300,"[790, 3355, 6802, 7826, 8667, 10837]","[1357, 2105, 3482, 4422, 5484, 6787, 8017, 9381, 10872, 11904, 12802, 13833]",0.4444444444444444,92.0,00:24:21,1461.3664276245981,0.09712011880272467
