Algorithm,Log Source,Log,P-Value,Window Size,Detected Changepoints,Actual Changepoints for Log,F1-Score,Average Lag,Duration,Duration (Seconds),Seconds per Case
Martjushev J,without_noise,log_49_1692952403,0.55,450,"[6865, 8330, 8555, 10130, 10559]","[1207, 2115, 3260, 3826, 4852, 5704, 6865, 8311, 8890, 10017, 10880]",0.37499999999999994,44.0,00:04:28,268.27514815703034,0.021805669199140888
