Algorithm,Log Source,Log,P-Value,Window Size,Detected Changepoints,Actual Changepoints for Log,F1-Score,Average Lag,Duration,Duration (Seconds),Seconds per Case
Martjushev J,with_noise_5,log_16_1692952213,0.55,500,"[1347, 2943, 4072, 5696, 6375, 8268, 10634, 11326, 13142]","[1356, 2761, 3835, 4592, 5716, 6979, 8389, 9274, 10631, 11912, 13144]",0.6,56.166666666666664,00:29:00,1740.4556835275143,0.12163363502184041
