Algorithm,Log Source,Log,Complete-Window Size,Detection-Window Size,Stable Period,Detected Changepoints,Actual Changepoints for Log,F1-Score,Average Lag,Duration,Duration (Seconds),Seconds per Case
LCDD,with_noise_5,log_33_1692952312,200,200,5,"[205, 413, 631, 867, 1069, 1281, 1482, 1699, 1912, 2124, 2328, 2536, 2736, 2939, 3143, 3344, 3547, 3754, 3964, 4179, 4388, 4604, 4822, 5022, 5246, 5456, 5658, 5872, 6074, 6277, 6478, 6686, 6886, 7088, 7307, 7515, 7717, 7919, 8119]","[1422, 2484, 3325, 4734, 5708, 6899]",0.2666666666666667,47.0,00:00:00,0.3603203594684601,4.351169659080547e-05
