Algorithm,Log Source,Log,Complete-Window Size,Detection-Window Size,Stable Period,Detected Changepoints,Actual Changepoints for Log,F1-Score,Average Lag,Duration,Duration (Seconds),Seconds per Case
LCDD,with_noise_5,log_29_1692952298,800,800,20,"[826, 1674, 2495, 3322, 4138, 4944, 5777, 6593, 7403, 8209, 9041, 9848, 10666, 11474, 12303, 13147, 13960]","[1213, 1756, 2868, 4306, 5136, 6404, 7812, 9139, 10570, 11620, 12291, 13397]",0.5517241379310345,122.875,00:00:00,0.07709669135510921,5.326932312244124e-06
