Algorithm,Log Source,Log,Complete-Window Size,Detection-Window Size,Stable Period,Detected Changepoints,Actual Changepoints for Log,F1-Score,Average Lag,Duration,Duration (Seconds),Seconds per Case
LCDD,with_noise_10,log_19_1692952228,100,100,200,"[102, 202, 303, 406, 506, 615, 715, 815, 915, 1015, 1119, 1239, 1342, 1444, 1545, 1645, 1745, 1846, 1949, 2054, 2155, 2256, 2356, 2459, 2559, 2660, 2760, 2861, 2962, 3062, 3166, 3266, 3367, 3471, 3575, 3679, 3782, 3883, 3985, 4090, 4193, 4295, 4395, 4497, 4600, 4701, 4803, 4909, 5010, 5115, 5223, 5331, 5433, 5534, 5636, 5736, 5838, 5938, 6038, 6146, 6246, 6352, 6452, 6552, 6653, 6754, 6856, 6956, 7056, 7157, 7272, 7372, 7477, 7580, 7680, 7787, 7887, 7987, 8087]","[1474, 2389, 3492, 4788, 5647, 7050]",0.1411764705882353,19.333333333333332,00:00:00,0.4114013370126486,5.0565552730168216e-05
