Algorithm,Log Source,Log,Complete-Window Size,Detection-Window Size,Stable Period,Detected Changepoints,Actual Changepoints for Log,F1-Score,Average Lag,Duration,Duration (Seconds),Seconds per Case
LCDD,with_noise_10,log_7_1692952178,300,300,5,"[322, 646, 948, 1248, 1560, 1924, 2235, 2538, 2866, 3202, 3606, 3950, 4251, 4710, 5252, 5559, 5932, 6302, 6628, 6938, 7265, 7602, 7906, 8296, 8617, 8917, 9428, 9778, 10130, 10579, 10943, 11294, 11624, 12037, 12355, 12662, 12967, 13308, 13701, 14033, 14418, 14718, 15141]","[1311, 2256, 3605, 4597, 5681, 6939, 8352, 9584, 10457, 11681, 12486, 13960, 14957, 16422, 17190]",0.44827586206896547,84.61538461538461,00:00:00,0.26738622039556503,1.4636863389290838e-05
