Algorithm,Log Source,Log,Complete-Window Size,Detection-Window Size,Stable Period,Detected Changepoints,Actual Changepoints for Log,F1-Score,Average Lag,Duration,Duration (Seconds),Seconds per Case
LCDD,without_noise,log_44_1692952384,100,100,10,"[102, 5982, 6082, 6184, 6298, 6407, 6518, 6621, 6745, 6847, 6966, 7066, 7176, 7276, 7391, 7494, 7605, 7739, 7871, 7986, 8123, 8344, 8459, 8569, 8689, 8813, 8918, 9037, 9146, 9255, 9356, 9469, 10350, 10463, 10596, 10739, 10867, 11005, 11115, 11215, 11323, 11431]","[1079, 2333, 3288, 4492, 5972, 6979, 7946, 9293, 10347]",0.196078431372549,20.8,00:00:00,0.3688031155616045,3.2039189954096475e-05
