Algorithm,Log Source,Log,Complete-Window Size,Detection-Window Size,Stable Period,Detected Changepoints,Actual Changepoints for Log,F1-Score,Average Lag,Duration,Duration (Seconds),Seconds per Case
LCDD,with_noise_5,log_29_1692952298,100,100,5,"[102, 206, 308, 414, 514, 616, 717, 826, 927, 1030, 1136, 1240, 1341, 1460, 1565, 1665, 1780, 1885, 1996, 2110, 2213, 2326, 2438, 2564, 2666, 2766, 2870, 2971, 3077, 3182, 3282, 3424, 3558, 3660, 3763, 3871, 3972, 4085, 4191, 4295, 4402, 4511, 4618, 4720, 4821, 4921, 5021, 5135, 5241, 5343, 5443, 5544, 5663, 5777, 5889, 5997, 6100, 6249, 6349, 6464, 6569, 6671, 6775, 6884, 6985, 7085, 7186, 7287, 7396, 7499, 7601, 7711, 7815, 7937, 8037, 8145, 8246, 8348, 8448, 8548, 8661, 8762, 8864, 8986, 9104, 9209, 9309, 9411, 9519, 9631, 9734, 9848, 9956, 10067, 10169, 10299, 10403, 10514, 10626, 10736, 10837, 10942, 11075, 11177, 11316, 11426, 11531, 11633, 11739, 11850, 11956, 12061, 12162, 12262, 12364, 12477, 12585, 12685, 12800, 12904, 13016, 13143, 13244, 13348, 13450, 13551, 13652, 13758, 13858, 13960, 14061, 14168, 14269, 14380]","[1213, 1756, 2868, 4306, 5136, 6404, 7812, 9139, 10570, 11620, 12291, 13397]",0.1643835616438356,25.416666666666668,00:00:00,0.36061058938503265,2.4916091300009165e-05
