Algorithm,Log Source,Log,Complete-Window Size,Detection-Window Size,Stable Period,Detected Changepoints,Actual Changepoints for Log,F1-Score,Average Lag,Duration,Duration (Seconds),Seconds per Case
LCDD,with_noise_10,log_66_1692952466,300,300,20,"[305, 605, 907, 1207, 1507, 1808, 2109, 2409, 2715, 3017, 3321, 3635, 3937, 4237, 4548, 4856, 5158, 5467, 5786, 6086, 6388, 6694, 7007, 7308, 7613, 7920, 8225, 8527, 8833, 9133, 9434, 9739, 10040, 10347, 10648, 10960, 11260, 11560, 11863, 12168, 12470, 12773, 13080, 13381, 13682, 13987, 14287, 14590, 14890, 15192, 15493, 15798, 16107, 16434]","[1333, 1858, 3125, 4597, 5145, 6189, 7122, 8601, 9725, 10332, 11494, 12957, 13775, 14782, 15396]",0.4347826086956522,76.93333333333334,00:00:01,1.026723811402917,6.235038631219511e-05
