Algorithm,Log Source,Log,Complete-Window Size,Detection-Window Size,Stable Period,Detected Changepoints,Actual Changepoints for Log,F1-Score,Average Lag,Duration,Duration (Seconds),Seconds per Case
LCDD,without_noise,log_32_1692952308,300,300,200,"[469, 866, 1463, 1763, 2074, 2478, 2778, 3083, 3386, 3732, 4056, 4474, 4944, 5347, 5708, 6291, 6665, 6965, 7273, 7633, 7987, 8296, 8611, 8967, 9507, 9913, 10245, 10581, 11045, 11386, 11786, 12086, 12443]","[1486, 2272, 3660, 4340, 5709, 6587, 7907, 8621, 9625, 10324, 11599]",0.5,89.0909090909091,00:00:00,0.12185846269130707,9.58383505240323e-06
