Algorithm,Log Source,Log,Complete-Window Size,Detection-Window Size,Stable Period,Detected Changepoints,Actual Changepoints for Log,F1-Score,Average Lag,Duration,Duration (Seconds),Seconds per Case
LCDD,with_noise_10,log_46_1692952395,100,100,5,"[105, 220, 326, 439, 583, 690, 806, 928, 1028, 1129, 1230, 1337, 1446, 1549, 1663, 1765, 1868, 1975, 2078, 2182, 2298, 2414, 2514, 2614, 2720, 2824, 2926, 3030, 3130, 3231, 3331, 3436, 3547, 3661, 3768, 3869, 3970, 4081, 4190, 4292, 4403, 4506, 4609, 4710, 4810, 4913, 5034, 5138, 5277]","[1416, 2620, 3913]",0.11538461538461538,26.666666666666668,00:00:00,0.0810948833823204,1.5155089400545768e-05
