Algorithm,Log Source,Log,Complete-Window Size,Detection-Window Size,Stable Period,Detected Changepoints,Actual Changepoints for Log,F1-Score,Average Lag,Duration,Duration (Seconds),Seconds per Case
LCDD,with_noise_5,log_25_1692952268,300,300,20,"[302, 611, 932, 1245, 1559, 1860, 2168, 2563, 2972, 3278, 3585, 3888, 4203, 4510, 4829, 5143, 5455, 5755, 6103, 6425, 6725, 7126, 7428, 7747, 8055, 8368, 8686, 8989, 9334, 9642, 9944, 10248, 10554, 10874, 11191, 11513, 11836]","[1268, 1983, 3460, 4362, 5712, 6676, 7809, 8764, 10077, 10808]",0.4255319148936171,85.0,00:00:00,0.29133700020611286,2.4207478205742654e-05
