Algorithm,Log Source,Log,Complete-Window Size,Detection-Window Size,Stable Period,Detected Changepoints,Actual Changepoints for Log,F1-Score,Average Lag,Duration,Duration (Seconds),Seconds per Case
LCDD,with_noise_5,log_23_1692952259,300,300,5,"[335, 795, 1110, 1422, 1732, 2231, 2552, 2861, 3178, 3480, 3784, 4231, 4551, 4916, 5468, 5920, 6226, 6526, 6827, 7255, 7580, 7880, 8188, 8538, 8877, 9177, 9546, 9853, 10317, 10617, 10997, 11331, 11687, 12023, 12325, 12648, 13000, 13303, 13603]","[1464, 2335, 3773, 4539, 5637, 6477, 7514, 8662, 9652, 10998, 11610, 12811]",0.47058823529411764,77.0,00:00:00,0.18376399390399456,1.3287345907736411e-05
