Algorithm,Log Source,Log,Complete-Window Size,Detection-Window Size,Stable Period,Detected Changepoints,Actual Changepoints for Log,F1-Score,Average Lag,Duration,Duration (Seconds),Seconds per Case
LCDD,with_noise_5,log_42_1692952376,100,100,150,"[180, 345, 461, 567, 690, 796, 906, 1012, 1123, 1244, 1371, 1523, 1721, 1865, 2024, 2142, 2281, 2423, 2523, 2657, 2814, 2923, 3029, 3153, 3263, 3369, 3498, 3617, 3717, 3852, 3980, 4081, 4241, 4373, 4543, 4647, 4748, 4861, 5006, 5152, 5258, 5377, 5479, 5608, 5708, 5820, 5932, 6043, 6185, 6288, 6410, 6548, 6672, 6776, 6877, 7037, 7220, 7330, 7440, 7558, 7717, 7847, 7948, 8146, 8247, 8363, 8512, 8643, 8774, 8880, 8990, 9117, 9219, 9343, 9451, 9622, 9753, 9888, 10001, 10118, 10258, 10358, 10464, 10574, 10676, 10843, 10986, 11089, 11189, 11306, 11407, 11526, 11685, 11792, 11902, 12031, 12131, 12256, 12356, 12472, 12602, 12723, 12888, 13006, 13114, 13242, 13359, 13463, 13567, 13668, 13770, 13890]","[1465, 2388, 3805, 4827, 5718, 6808, 7871, 8414, 9656, 10599, 11897, 12538]",0.19354838709677416,34.916666666666664,00:00:00,0.18226665817201138,1.3097632809141375e-05
