Algorithm,Log Source,Log,Complete-Window Size,Detection-Window Size,Stable Period,Detected Changepoints,Actual Changepoints for Log,F1-Score,Average Lag,Duration,Duration (Seconds),Seconds per Case
LCDD,with_noise_10,log_36_1692952355,600,600,50,"[1403, 2003, 3022, 4015, 4765, 5443, 6454, 7620, 8277, 8877, 9541, 10250, 10900, 11591]","[1333, 2559, 3693, 4416, 5763, 6390, 7822, 8817, 10269, 11730, 12843, 13947, 14938]",0.3703703703703704,70.4,00:00:00,0.28180980309844017,1.7642885062194965e-05
