Algorithm,Log Source,Log,Complete-Window Size,Detection-Window Size,Stable Period,Detected Changepoints,Actual Changepoints for Log,F1-Score,Average Lag,Duration,Duration (Seconds),Seconds per Case
LCDD,with_noise_10,log_50_1692952409,200,200,20,"[357, 614, 826, 1055, 1273, 1620, 1820, 2154, 2365, 2589, 2817, 3044, 3260, 3485, 3713, 3913, 4346, 4555, 4755, 5038, 5297, 5513, 5726, 5989, 6197, 6439, 6646, 6846, 7146, 7351, 7688, 7978, 8190, 8448, 8664, 8885]","[1116, 2317, 3370, 4443, 5099, 6419, 7919]",0.32558139534883723,65.14285714285714,00:00:00,0.1378347035497427,1.5269159582335514e-05
