Algorithm,Log Source,Log,Complete-Window Size,Detection-Window Size,Stable Period,Detected Changepoints,Actual Changepoints for Log,F1-Score,Average Lag,Duration,Duration (Seconds),Seconds per Case
LCDD,with_noise_10,log_35_1692952322,800,800,100,"[804, 1604, 2404, 3212, 4018, 4828, 5640, 6451, 7284, 8109, 8912, 9749, 10550, 11352, 12154, 12954, 13767]","[1452, 2862, 3554, 4954, 6341, 7205, 8282, 8926, 10355, 11253, 12328, 13284]",0.6206896551724139,124.66666666666667,00:00:00,0.9583985228091478,6.594636501817573e-05
