Algorithm,Log Source,Log,Complete-Window Size,Detection-Window Size,Stable Period,Detected Changepoints,Actual Changepoints for Log,F1-Score,Average Lag,Duration,Duration (Seconds),Seconds per Case
LCDD,with_noise_10,log_35_1692952322,400,400,200,"[400, 804, 1219, 1621, 2027, 2434, 2861, 3263, 3665, 4066, 4473, 4879, 5280, 5688, 6089, 6489, 6889, 7289, 7697, 8103, 8507, 8912, 9337, 9742, 10142, 10542, 10946, 11352, 11757, 12159, 12571, 12986, 13400, 13804, 14206]","[1452, 2862, 3554, 4954, 6341, 7205, 8282, 8926, 10355, 11253, 12328, 13284]",0.5106382978723404,112.66666666666667,00:00:00,0.487620085477829,3.35526102991694e-05
