Algorithm,Log Source,Log,Complete-Window Size,Detection-Window Size,Stable Period,Detected Changepoints,Actual Changepoints for Log,F1-Score,Average Lag,Duration,Duration (Seconds),Seconds per Case
LCDD,with_noise_5,log_29_1692952298,400,400,100,"[400, 826, 1234, 1672, 2081, 2495, 2895, 3322, 3731, 4138, 4592, 4993, 5393, 5812, 6249, 6661, 7068, 7484, 7937, 8348, 8762, 9191, 9599, 10012, 10419, 10826, 11229, 11633, 12034, 12438, 12839, 13242, 13648, 14052, 14460]","[1213, 1756, 2868, 4306, 5136, 6404, 7812, 9139, 10570, 11620, 12291, 13397]",0.5106382978723404,103.41666666666667,00:00:00,0.36288080364465714,2.507294988217074e-05
