Algorithm,Log Source,Log,Complete-Window Size,Detection-Window Size,Stable Period,Detected Changepoints,Actual Changepoints for Log,F1-Score,Average Lag,Duration,Duration (Seconds),Seconds per Case
LCDD,with_noise_5,log_21_1692952246,200,200,150,"[243, 467, 728, 960, 1206, 1498, 1767, 1979, 2258, 2472, 2681, 2929, 3155, 3536, 3785, 4003, 4255, 4456, 4672, 4901, 5128, 5369, 5594, 5835, 6116, 6345, 6617, 6826]","[1096, 1828, 3150, 4136, 5287, 5888]",0.35294117647058826,71.66666666666667,00:00:00,0.06297273933887482,9.094849702321609e-06
