Algorithm,Log Source,Log,Complete-Window Size,Detection-Window Size,Stable Period,Detected Changepoints,Actual Changepoints for Log,F1-Score,Average Lag,Duration,Duration (Seconds),Seconds per Case
LCDD,with_noise_5,log_38_1692952364,300,300,50,"[324, 627, 927, 1237, 1540, 1849, 2226, 2535, 2850, 3198, 3500, 3808, 4115, 4466, 4773, 5093, 5395, 5785, 6098, 6455, 6758, 7059, 7362, 7663, 7983, 8328, 8665, 8979, 9294, 9595, 9916, 10267]","[1028, 1851, 3000, 4010, 4915, 6335, 7206, 8449, 9115]",0.43902439024390244,113.77777777777777,00:00:00,0.0812465138733387,7.862819498048843e-06
