Algorithm,Log Source,Log,Complete-Window Size,Detection-Window Size,Stable Period,Detected Changepoints,Actual Changepoints for Log,F1-Score,Average Lag,Duration,Duration (Seconds),Seconds per Case
LCDD,with_noise_5,log_98_1692952636,200,200,5,"[245, 456, 688, 927, 1145, 1396, 1600, 1808, 2022, 2232, 2441, 2647, 2858, 3077, 3283, 3495, 3702, 3911, 4129, 4332, 4532, 4747, 4950, 5191, 5429, 5629, 5838, 6060, 6263, 6487, 6691, 6925, 7147, 7494, 7699, 7910, 8114, 8320, 8538, 8740, 8940, 9147, 9364, 9572, 9775, 9996, 10199, 10409, 10618, 10836, 11045]","[1161, 2070, 3547, 4627, 5403, 6514, 7405, 8737, 9638]",0.3,46.888888888888886,00:00:00,0.1903903540223837,1.7166202688881407e-05
