Algorithm,Log Source,Log,Complete-Window Size,Detection-Window Size,Stable Period,Detected Changepoints,Actual Changepoints for Log,F1-Score,Average Lag,Duration,Duration (Seconds),Seconds per Case
LCDD,with_noise_10,log_66_1692952466,100,100,5,"[102, 206, 306, 407, 512, 613, 721, 823, 923, 1023, 1123, 1224, 1332, 1438, 1540, 1641, 1744, 1845, 1948, 2048, 2151, 2254, 2354, 2456, 2556, 2657, 2758, 2858, 2963, 3063, 3167, 3267, 3368, 3469, 3572, 3678, 3788, 3889, 3989, 4091, 4195, 4296, 4396, 4496, 4596, 4698, 4799, 4901, 5002, 5103, 5207, 5313, 5413, 5516, 5616, 5716, 5817, 5919, 6020, 6121, 6223, 6323, 6424, 6526, 6626, 6728, 6830, 6931, 7031, 7133, 7237, 7340, 7440, 7543, 7644, 7745, 7854, 7954, 8058, 8161, 8266, 8366, 8472, 8572, 8673, 8774, 8878, 8978, 9078, 9184, 9291, 9392, 9492, 9593, 9695, 9799, 9900, 10002, 10103, 10205, 10307, 10410, 10511, 10614, 10714, 10814, 10914, 11015, 11115, 11230, 11333, 11433, 11536, 11639, 11744, 11845, 11945, 12046, 12147, 12248, 12348, 12448, 12554, 12655, 12755, 12863, 12966, 13068, 13170, 13270, 13371, 13482, 13584, 13684, 13784, 13887, 13987, 14087, 14191, 14291, 14392, 14493, 14593, 14704, 14808, 14929, 15029, 15129, 15233, 15335, 15436, 15537, 15637, 15739, 15842, 15950, 16053, 16155, 16262, 16363, 16463]","[1333, 1858, 3125, 4597, 5145, 6189, 7122, 8601, 9725, 10332, 11494, 12957, 13775, 14782, 15396]",0.17045454545454544,23.6,00:00:00,0.6951774265617132,4.221639804224894e-05
