Algorithm,Log Source,Log,Complete-Window Size,Detection-Window Size,Stable Period,Detected Changepoints,Actual Changepoints for Log,F1-Score,Average Lag,Duration,Duration (Seconds),Seconds per Case
LCDD,with_noise_5,log_26_1692952272,800,800,200,"[806, 1617, 2448, 3252, 4054, 4856, 5656, 6457, 7263, 8073, 8880, 9681, 10482, 11294, 12096, 12969, 13771]","[1263, 1769, 2996, 3623, 4914, 5584, 6650, 7268, 8328, 9041, 10411, 11880, 12742]",0.4666666666666667,101.71428571428571,00:00:00,0.4406095240265131,3.148785278542936e-05
