Algorithm,Log Source,Log,Complete-Window Size,Detection-Window Size,Stable Period,Detected Changepoints,Actual Changepoints for Log,F1-Score,Average Lag,Duration,Duration (Seconds),Seconds per Case
LCDD,with_noise_5,log_85_1692952576,100,100,150,"[103, 203, 315, 420, 527, 634, 750, 934, 1040, 1177, 1286, 1400, 1513, 1648, 1748, 1878, 1992, 2099, 2263, 2372, 2509, 2611, 2712, 2821, 2945, 3140, 3299, 3402, 3503, 3648, 3754, 3870, 3976, 4078, 4237, 4342, 4502, 4617, 4724, 4827, 4928, 5035, 5137, 5241, 5355, 5460, 5562, 5717, 5822, 5922, 6032, 6140, 6283, 6406, 6513, 6620, 6721, 6823, 6924, 7027, 7133, 7245, 7352, 7477, 7589, 7690, 7804, 7909, 8056, 8198, 8309, 8409, 8536, 8649, 8761, 8887, 8989, 9093, 9193, 9293, 9394, 9513, 9616, 9717]","[1459, 1990, 3383, 4503, 5074, 6148, 6878, 8310]",0.17391304347826084,21.25,00:00:00,0.05722952075302601,5.846309199410155e-06
