Algorithm,Log Source,Log,Complete-Window Size,Detection-Window Size,Stable Period,Detected Changepoints,Actual Changepoints for Log,F1-Score,Average Lag,Duration,Duration (Seconds),Seconds per Case
LCDD,without_noise,log_40_1692952371,100,100,20,"[103, 204, 307, 421, 534, 648, 753, 898, 1009, 1146, 1247, 1360, 1462, 1562, 1680, 1804, 1913, 2019, 2145, 2252, 2446, 2583, 2695, 2813, 2933, 3080, 3275, 3381, 3505, 3614, 3729, 3831, 3979, 4099, 4250, 4381, 4488, 4589, 4701, 4803, 4907, 5012, 5112, 5229, 5333, 5441, 5541, 5650, 5773, 5899, 6003, 6125, 6276]","[1129, 1871, 3306, 4382, 5293]",0.1724137931034483,26.2,00:00:00,0.12227749451994896,1.9226021150935372e-05
