Algorithm,Log Source,Log,Complete-Window Size,Detection-Window Size,Stable Period,Detected Changepoints,Actual Changepoints for Log,F1-Score,Average Lag,Duration,Duration (Seconds),Seconds per Case
LCDD,with_noise_5,log_94_1692952615,100,100,20,"[107, 216, 324, 443, 553, 669, 786, 899, 1001, 1105, 1215, 1319, 1425, 1533, 1657, 1761, 1877, 1979, 2081, 2217, 2338, 2440, 2545, 2647, 2749, 2867, 2974, 3074, 3174, 3287, 3389, 3490, 3601, 3717, 3824, 3947, 4066, 4172, 4291, 4404, 4518, 4633]","[1486, 2734, 3393]",0.13333333333333333,22.0,00:00:00,0.03398689813911915,7.164185948380934e-06
