Algorithm,Log Source,Log,Complete-Window Size,Detection-Window Size,Stable Period,Detected Changepoints,Actual Changepoints for Log,F1-Score,Average Lag,Duration,Duration (Seconds),Seconds per Case
LCDD,with_noise_10,log_61_1692952452,100,100,150,"[115, 223, 323, 433, 540, 682, 797, 930, 1047, 1150, 1259, 1363, 1476, 1634, 1752, 1856, 1999, 2100, 2207, 2319, 2423, 2525, 2637, 2737, 2848, 2951, 3091, 3198, 3318, 3441, 3547, 3664, 3765, 3866, 3974, 4096, 4212, 4319, 4420, 4531, 4672, 4776, 4887, 4990, 5103, 5205, 5315, 5421, 5521, 5633, 5733, 5833, 5945, 6058, 6162, 6262, 6362, 6465, 6601, 6710, 6815, 6925, 7037, 7137, 7238, 7359, 7464, 7577, 7681, 7783, 7885, 8005, 8113, 8220, 8321, 8427, 8557, 8659, 8768, 8890, 8995, 9132, 9234, 9365, 9474, 9576, 9680, 9780, 9884, 9993, 10123, 10230, 10336, 10457, 10560, 10660, 10774, 10913, 11027, 11130, 11239, 11339, 11445, 11551, 11667, 11790, 11906, 12023, 12135, 12249, 12410, 12545, 12655, 12771, 12922, 13031, 13147, 13249, 13362, 13471, 13580, 13681, 13786, 13889, 13999, 14131, 14233, 14357, 14461, 14582, 14727, 14835, 14935, 15053, 15186, 15381, 15481, 15588, 15695, 15812, 15920, 16040, 16147, 16256, 16370, 16478]","[1461, 2278, 3644, 4850, 6300, 7761, 9161, 9996, 11400, 11926, 13119, 13979, 15446]",0.16352201257861634,27.153846153846153,00:00:00,0.11812878586351871,7.128645577425545e-06
