Algorithm,Log Source,Log,Complete-Window Size,Detection-Window Size,Stable Period,Detected Changepoints,Actual Changepoints for Log,F1-Score,Average Lag,Duration,Duration (Seconds),Seconds per Case
LCDD,with_noise_10,log_61_1692952452,600,600,150,"[691, 1291, 1999, 2637, 3275, 3881, 4550, 5198, 5833, 6489, 7103, 7731, 8331, 8962, 9617, 10278, 10913, 11535, 12287, 13098, 13716, 14318, 14948, 15601, 16212]","[1461, 2278, 3644, 4850, 6300, 7761, 9161, 9996, 11400, 11926, 13119, 13979, 15446]",0.3684210526315789,128.42857142857142,00:00:00,0.10290524549782276,6.209959899693607e-06
