Algorithm,Log Source,Log,Complete-Window Size,Detection-Window Size,Stable Period,Detected Changepoints,Actual Changepoints for Log,F1-Score,Average Lag,Duration,Duration (Seconds),Seconds per Case
LCDD,with_noise_10,log_72_1692952515,200,200,150,"[202, 435, 693, 928, 1152, 1369, 1618, 1906, 2112, 2334, 2594, 2820, 3020, 3272, 3490, 3721, 3933, 4190, 4439, 4641, 4880, 5084, 5287, 5500, 5712, 5969, 6191, 6463, 6702, 6905, 7133, 7383, 7589, 7792, 7997, 8224, 8454, 8729, 8929, 9163, 9375, 9674, 9937, 10271, 10472, 10675, 10876, 11123]","[1301, 2400, 3024, 4162, 5434, 6322, 7584, 8880, 10111]",0.3157894736842105,64.11111111111111,00:00:00,0.2714451141655445,2.394329312565445e-05
