Algorithm,Log Source,Log,Complete-Window Size,Detection-Window Size,Stable Period,Detected Changepoints,Actual Changepoints for Log,F1-Score,Average Lag,Duration,Duration (Seconds),Seconds per Case
LCDD,with_noise_10,log_44_1692952384,200,200,5,"[201, 415, 618, 820, 1023, 1225, 1433, 1637, 1838, 2041, 2242, 2442, 2644, 2851, 3052, 3262, 3467, 3680, 3880, 4081, 4296, 4505, 4707, 4907, 5124, 5325, 5525, 5727, 5927, 6147, 6355, 6558, 6760, 6962, 7166, 7366, 7567, 7768, 7972, 8174, 8375, 8586, 8794, 8998, 9198, 9401, 9601, 9802, 10004, 10210, 10412, 10621, 10826, 11034, 11235, 11437]","[1079, 2333, 3288, 4492, 5972, 6979, 7946, 9293, 10347]",0.27692307692307694,48.22222222222222,00:00:00,0.11877427063882351,1.0318327742057467e-05
