Algorithm,Log Source,Log,Complete-Window Size,Detection-Window Size,Stable Period,Detected Changepoints,Actual Changepoints for Log,F1-Score,Average Lag,Duration,Duration (Seconds),Seconds per Case
LCDD,with_noise_10,log_13_1692952198,600,600,20,"[608, 1212, 1825, 2435, 3064, 3666, 4285, 4895, 5498, 6100, 6702, 7310, 7913, 8518, 9121, 9727, 10331]","[1285, 2064, 3509, 4569, 6017, 7324, 8391, 9657]",0.48,87.33333333333333,00:00:00,0.30988473631441593,2.8754267079374217e-05
