Algorithm,Log Source,Log,Complete-Window Size,Detection-Window Size,Stable Period,Detected Changepoints,Actual Changepoints for Log,F1-Score,Average Lag,Duration,Duration (Seconds),Seconds per Case
LCDD,with_noise_5,log_87_1692952585,300,300,200,"[302, 631, 1011, 1360, 1660, 2012, 2335, 2657, 2968, 3285, 3624, 3944, 4251, 4552, 4875, 5179, 5535, 5882, 6199, 6511, 6820, 7272, 7582, 7974, 8287, 8598]","[1372, 2863, 3391, 4735, 5393, 6760, 7388]",0.42424242424242425,97.28571428571429,00:00:00,0.10195107199251652,1.1517292362462327e-05
