Algorithm,Log Source,Log,Complete-Window Size,Detection-Window Size,Stable Period,Detected Changepoints,Actual Changepoints for Log,F1-Score,Average Lag,Duration,Duration (Seconds),Seconds per Case
LCDD,with_noise_5,log_73_1692952519,100,100,200,"[173, 318, 419, 547, 672, 798, 901, 1019, 1125, 1242, 1367, 1474, 1595, 1698, 1804, 1905, 2083, 2184, 2330, 2449, 2605, 2707, 2810, 2912, 3032, 3137, 3255, 3368, 3468, 3577, 3678, 3821, 3921, 4035, 4137, 4309, 4422, 4559, 4661, 4780, 4880, 5013, 5123, 5253, 5354, 5465, 5574, 5684, 5798, 5925, 6048, 6185, 6301, 6471, 6596, 6727, 6835]","[1205, 1799, 2891, 3554, 4661, 5644]",0.1904761904761905,21.0,00:00:00,0.0974695235490799,1.417120144650769e-05
