Algorithm,Log Source,Log,Complete-Window Size,Detection-Window Size,Stable Period,Detected Changepoints,Actual Changepoints for Log,F1-Score,Average Lag,Duration,Duration (Seconds),Seconds per Case
LCDD,with_noise_5,log_62_1692952457,200,200,50,"[234, 521, 726, 948, 1158, 1425, 1680, 1885, 2101, 2389, 2595, 2863, 3079, 3286, 3580, 3780, 4013, 4261, 4498, 4714, 5007, 5243, 5450, 5715, 5921, 6137, 6387, 6637, 6852, 7144, 7382, 7586, 7808, 8094, 8346, 8555, 8755, 8959, 9168, 9371, 9578]","[1344, 2257, 3301, 4214, 5614, 6547, 7639, 8311]",0.326530612244898,69.25,00:00:00,0.12637135945260525,1.3141780309131161e-05
