Algorithm,Log Source,Log,Complete-Window Size,Detection-Window Size,Stable Period,Detected Changepoints,Actual Changepoints for Log,F1-Score,Average Lag,Duration,Duration (Seconds),Seconds per Case
LCDD,with_noise_10,log_97_1692952631,200,200,50,"[221, 446, 646, 851, 1057, 1262, 1468, 1728, 1928, 2139, 2442, 2699, 2901, 3190, 3402, 3631, 3842, 4086, 4312, 4530, 4764, 4981, 5337, 5563, 5854, 6076, 6278, 6478, 6708, 6910, 7198, 7405, 7633, 7862, 8076]","[1365, 2387, 3660, 4381, 5395, 6560, 7200]",0.33333333333333337,56.857142857142854,00:00:00,0.06828540563583374,8.328504163414288e-06
