Algorithm,Log Source,Log,Complete-Window Size,Detection-Window Size,Stable Period,Detected Changepoints,Actual Changepoints for Log,F1-Score,Average Lag,Duration,Duration (Seconds),Seconds per Case
LCDD,with_noise_5,log_42_1692952376,200,200,200,"[200, 416, 633, 928, 1129, 1329, 1555, 1814, 2142, 2423, 2814, 3263, 3498, 3852, 4071, 4323, 4543, 4826, 5071, 5283, 5506, 5837, 6043, 6243, 6457, 6672, 6877, 7084, 7293, 7512, 7726, 7937, 8146, 8376, 8576, 8897, 9219, 9423, 9655, 9890, 10278, 10492, 10692, 10986, 11189, 11454, 11696, 11902, 12256, 12456, 12723, 12985, 13212, 13472, 13691, 13900]","[1465, 2388, 3805, 4827, 5718, 6808, 7871, 8414, 9656, 10599, 11897, 12538]",0.35294117647058826,53.833333333333336,00:00:00,0.19931168295443058,1.4322483684566728e-05
