Algorithm,Log Source,Log,Complete-Window Size,Detection-Window Size,Stable Period,Detected Changepoints,Actual Changepoints for Log,F1-Score,Average Lag,Duration,Duration (Seconds),Seconds per Case
LCDD,with_noise_5,log_14_1692952206,400,400,20,"[411, 812, 1228, 1645, 2080, 2531, 2939, 3468, 3962, 4545, 4951, 5369, 5790, 6193, 6621, 7111, 7550, 8271, 8723, 9137, 9582, 10002]","[1181, 2047, 3186, 3975, 5113, 6441, 7617, 8917]",0.4666666666666667,99.42857142857143,00:00:00,0.33311719074845314,3.212626007796829e-05
