Algorithm,Log Source,Log,Complete-Window Size,Detection-Window Size,Stable Period,Detected Changepoints,Actual Changepoints for Log,F1-Score,Average Lag,Duration,Duration (Seconds),Seconds per Case
LCDD,with_noise_5,log_71_1692952512,100,100,200,"[106, 209, 314, 435, 538, 652, 766, 876, 987, 1097, 1204, 1309, 1421, 1558, 1658, 1759, 1862, 1964, 2071, 2172, 2275, 2376, 2487, 2590, 2715, 2852, 2967, 3069, 3177, 3300, 3409, 3509, 3610, 3717, 3823, 3929, 4029, 4132, 4246, 4349, 4457, 4559, 4660, 4796, 4897, 4998, 5103, 5205, 5321, 5423, 5523, 5627, 5738, 5839, 5949, 6050, 6151, 6254, 6356, 6479, 6583, 6716, 6816, 6919, 7021, 7138, 7241, 7352, 7455, 7573]","[1414, 2489, 3724, 4718, 5950, 6652]",0.15789473684210528,23.166666666666668,00:00:00,0.1299889013171196,1.6941079280218898e-05
