Algorithm,Log Source,Log,Complete-Window Size,Detection-Window Size,Stable Period,Detected Changepoints,Actual Changepoints for Log,F1-Score,Average Lag,Duration,Duration (Seconds),Seconds per Case
LCDD,without_noise,log_32_1692952308,100,100,150,"[107, 219, 340, 469, 621, 721, 838, 948, 1048, 1150, 1280, 1411, 1553, 1661, 1798, 1913, 2074, 2193, 2330, 2478, 2611, 2728, 2890, 3013, 3184, 3284, 3386, 3496, 3621, 3732, 3832, 3949, 4056, 4203, 4306, 4426, 4526, 4725, 4825, 4938, 5069, 5194, 5347, 5453, 5610, 5769, 5927, 6027, 6152, 6265, 6374, 6557, 6665, 6857, 6957, 7075, 7273, 7375, 7475, 7633, 7733, 7849, 7978, 8080, 8215, 8315, 8483, 8585, 8727, 8839, 8967, 9067, 9171, 9271, 9371, 9478, 9673, 9796, 9913, 10023, 10123, 10245, 10361, 10518, 10651, 10751, 10936, 11045, 11150, 11332, 11451, 11602, 11724, 11913, 12014, 12132, 12232, 12347, 12487, 12591]","[1486, 2272, 3660, 4340, 5709, 6587, 7907, 8621, 9625, 10324, 11599]",0.19819819819819817,42.72727272727273,00:00:00,0.06416202709078789,5.046168076349814e-06
