Algorithm,Log Source,Log,P-Value,Window Size,Detected Changepoints,Actual Changepoints for Log,F1-Score,Average Lag,Duration,Duration (Seconds),Seconds per Case
Martjushev J,with_noise_5,log_38_1692952364,0.55,600,"[1135, 1646, 2999, 4011, 6540, 6990, 8869]","[1028, 1851, 3000, 4010, 4915, 6335, 7206, 8449, 9115]",0.375,36.333333333333336,00:10:41,641.2811617851257,0.06206146925240741
