Algorithm,Log Source,Log,P-Value,Window Size,Detected Changepoints,Actual Changepoints for Log,F1-Score,Average Lag,Duration,Duration (Seconds),Seconds per Case
Martjushev J,without_noise,log_85_1692952576,0.55,100,"[1504, 1744, 3382, 4472, 4622, 4889, 5089, 6168, 6368, 6586, 6786, 8308]","[1459, 1990, 3383, 4503, 5074, 6148, 6878, 8310]",0.7000000000000001,29.428571428571427,00:01:50,110.09688447974622,0.011247000151164187
