Algorithm,Log Source,Log,P-Value,Window Size,Detected Changepoints,Actual Changepoints for Log,F1-Score,Average Lag,Duration,Duration (Seconds),Seconds per Case
Martjushev J,without_noise,log_72_1692952515,0.55,300,"[373, 1136, 2315, 3281, 4152, 5302, 5907, 7532, 8894, 10423]","[1301, 2400, 3024, 4162, 5434, 6322, 7584, 8880, 10111]",0.631578947368421,76.33333333333333,00:03:54,234.2326697986573,0.020660904101495747
