Algorithm,Log Source,Log,P-Value,Window Size,Detected Changepoints,Actual Changepoints for Log,F1-Score,Average Lag,Duration,Duration (Seconds),Seconds per Case
Martjushev J,with_noise_5,log_6_1692952173,0.55,500,"[977, 1844, 3336, 4352, 4602, 6171, 7246, 7996, 9347]","[1350, 1920, 3342, 4346, 5008, 6173, 7280, 8196, 9350]",0.7777777777777778,46.714285714285715,00:12:06,726.9265194348991,0.06855210481279697
