Algorithm,Log Source,Log,P-Value,Window Size,Detected Changepoints,Actual Changepoints for Log,F1-Score,Average Lag,Duration,Duration (Seconds),Seconds per Case
Martjushev J,without_noise,log_72_1692952515,0.55,100,"[136, 375, 1299, 2009, 3296, 3567, 4084, 4541, 4821, 5693, 6333, 6541, 7553, 7946, 8444, 9004, 9231, 9919, 10402, 10798]","[1301, 2400, 3024, 4162, 5434, 6322, 7584, 8880, 10111]",0.41379310344827586,73.0,00:02:45,165.21448913775384,0.014573034236372396
