Algorithm,Log Source,Log,P-Value,Window Size,Detected Changepoints,Actual Changepoints for Log,F1-Score,Average Lag,Duration,Duration (Seconds),Seconds per Case
Martjushev J,with_noise_5,log_16_1692952213,0.55,200,"[199, 1360, 2719, 4613, 5047, 5543, 6025, 6433, 6943, 8322, 10629, 11007, 11343, 11886, 13122, 13428, 14060]","[1356, 2761, 3835, 4592, 5716, 6979, 8389, 9274, 10631, 11912, 13144]",0.6428571428571428,43.666666666666664,00:17:36,1056.022738084197,0.07380129555414054
