Algorithm,Log Source,Log,P-Value,Window Size,Detected Changepoints,Actual Changepoints for Log,F1-Score,Average Lag,Duration,Duration (Seconds),Seconds per Case
Martjushev J,with_noise_10,log_35_1692952322,0.55,150,"[178, 553, 1042, 1342, 1827, 2195, 2661, 3604, 4597, 4822, 5155, 5456, 5756, 6355, 6555, 7458, 8617, 9552, 12310, 12823, 13123, 13626, 14130]","[1452, 2862, 3554, 4954, 6341, 7205, 8282, 8926, 10355, 11253, 12328, 13284]",0.3428571428571428,80.83333333333333,00:43:02,2582.8059656880796,0.17772008296209177
