Algorithm,Log Source,Log,P-Value,Window Size,Detected Changepoints,Actual Changepoints for Log,F1-Score,Average Lag,Duration,Duration (Seconds),Seconds per Case
Martjushev J,with_noise_5,log_89_1692952588,0.55,200,"[2837, 3240, 3682, 4320, 4620, 5307, 5733, 6133, 9129, 11079, 11856, 12361, 14537, 15592, 16603]","[1231, 2194, 3370, 4789, 6034, 6961, 8392, 8969, 10160, 11100, 12512, 13171, 14519, 15691]",0.5517241379310344,105.875,00:20:36,1236.3170220963657,0.073476585171542
