Algorithm,Log Source,Log,P-Value,Window Size,Detected Changepoints,Actual Changepoints for Log,F1-Score,Average Lag,Duration,Duration (Seconds),Seconds per Case
Martjushev J,with_noise_5,log_29_1692952298,0.55,600,"[2772, 6368, 7822, 9220, 10462]","[1213, 1756, 2868, 4306, 5136, 6404, 7812, 9139, 10570, 11620, 12291, 13397]",0.5882352941176471,66.2,00:49:21,2961.211099822074,0.2046024390120966
