Algorithm,Log Source,Log,P-Value,Window Size,Detected Changepoints,Actual Changepoints for Log,F1-Score,Average Lag,Duration,Duration (Seconds),Seconds per Case
Martjushev J,with_noise_5,log_6_1692952173,0.55,200,"[1277, 1577, 3339, 4322, 4547, 5022, 6170, 7224, 7630, 7961, 9346]","[1350, 1920, 3342, 4346, 5008, 6173, 7280, 8196, 9350]",0.7000000000000001,25.285714285714285,00:07:32,452.1184636950493,0.04263659597275078
