Algorithm,Log Source,Log,P-Value,Window Size,Detected Changepoints,Actual Changepoints for Log,F1-Score,Average Lag,Duration,Duration (Seconds),Seconds per Case
Martjushev J,without_noise,log_7_1692952178,0.55,300,"[1399, 1849, 3669, 4119, 5677, 6938, 8351, 9667, 10267, 11685, 12083, 12454, 14040, 14490, 14865, 16437, 17037]","[1311, 2256, 3605, 4597, 5681, 6939, 8352, 9584, 10457, 11681, 12486, 13960, 14957, 16422, 17190]",0.8125,62.07692307692308,00:05:58,358.1098549179733,0.019603123216442593
