Algorithm,Log Source,Log,P-Value,Window Size,Detected Changepoints,Actual Changepoints for Log,F1-Score,Average Lag,Duration,Duration (Seconds),Seconds per Case
Martjushev J,without_noise,log_72_1692952515,0.55,600,"[827, 2395, 3295, 4195, 5395, 7537, 8853, 10053]","[1301, 2400, 3024, 4162, 5434, 6322, 7584, 8880, 10111]",0.7058823529411765,34.833333333333336,00:05:20,320.7358858976513,0.02829107223230584
