Algorithm,Log Source,Log,P-Value,Window Size,Detected Changepoints,Actual Changepoints for Log,F1-Score,Average Lag,Duration,Duration (Seconds),Seconds per Case
Martjushev J,with_noise_10,log_23_1692952259,0.55,100,"[160, 470, 1138, 1554, 2149, 4000, 4548, 4821, 5422, 5719, 5924, 6131, 6351, 7513, 7645, 8176, 8660, 8860, 9060, 9291, 9426, 9807, 10825, 11011, 11285, 11462, 11668, 12012, 12255, 12461, 12719, 13068, 13327, 13639]","[1464, 2335, 3773, 4539, 5637, 6477, 7514, 8662, 9652, 10998, 11610, 12811]",0.4782608695652174,74.0,00:02:44,164.63845732063055,0.011904443768664537
