Algorithm,Log Source,Log,P-Value,Window Size,Detected Changepoints,Actual Changepoints for Log,F1-Score,Average Lag,Duration,Duration (Seconds),Seconds per Case
Martjushev J,with_noise_10,log_42_1692952376,0.55,300,"[1541, 1972, 2772, 3372, 3803, 4850, 5525, 6806, 7868, 8342, 9521, 9971, 11695, 12445]","[1465, 2388, 3805, 4827, 5718, 6808, 7871, 8414, 9656, 10599, 11897, 12538]",0.6923076923076924,66.55555555555556,00:04:17,257.8913411684334,0.018532002096035744
