Algorithm,Log Source,Log,P-Value,Window Size,Detected Changepoints,Actual Changepoints for Log,F1-Score,Average Lag,Duration,Duration (Seconds),Seconds per Case
Martjushev J,with_noise_10,log_85_1692952576,0.55,550,"[1068, 1755, 3382, 4780, 6238, 6651, 8309]","[1459, 1990, 3383, 4503, 5074, 6148, 6878, 8310]",0.39999999999999997,30.666666666666668,00:05:44,344.0724332612008,0.03514888479530093
