Algorithm,Log Source,Log,P-Value,Window Size,Detected Changepoints,Actual Changepoints for Log,F1-Score,Average Lag,Duration,Duration (Seconds),Seconds per Case
Martjushev J,with_noise_10,log_61_1692952452,0.55,200,"[3615, 4110, 4819, 11356, 13105, 15420]","[1461, 2278, 3644, 4850, 6300, 7761, 9161, 9996, 11400, 11926, 13119, 13979, 15446]",0.5263157894736842,28.8,00:05:50,350.58790760301054,0.021156713994509115
