Algorithm,Log Source,Log,P-Value,Window Size,Detected Changepoints,Actual Changepoints for Log,F1-Score,Average Lag,Duration,Duration (Seconds),Seconds per Case
Martjushev J,with_noise_5,log_89_1692952588,0.55,450,"[1317, 3387, 4469, 5913, 6588, 8423, 9690, 12521, 14491, 15694]","[1231, 2194, 3370, 4789, 6034, 6961, 8392, 8969, 10160, 11100, 12512, 13171, 14519, 15691]",0.5833333333333334,42.142857142857146,00:31:55,1915.9579699393362,0.11386889159273364
