Algorithm,Log Source,Log,P-Value,Window Size,Detected Changepoints,Actual Changepoints for Log,F1-Score,Average Lag,Duration,Duration (Seconds),Seconds per Case
Martjushev J,without_noise,log_98_1692952636,0.55,350,"[1280, 1717, 3539, 4500, 5200, 6514, 7083, 8740, 8959, 9914]","[1161, 2070, 3547, 4627, 5403, 6514, 7405, 8737, 9638]",0.5263157894736842,51.4,00:05:54,354.076791100204,0.031924694896781534
