Algorithm,Log Source,Log,P-Value,Window Size,Detected Changepoints,Actual Changepoints for Log,F1-Score,Average Lag,Duration,Duration (Seconds),Seconds per Case
Martjushev J,with_noise_10,log_36_1692952355,0.55,250,"[301, 1331, 1651, 2336, 2557, 3165, 3790, 4165, 4817, 5765, 6108, 7792, 8292, 9729, 10260, 11730, 12095, 12844, 13132, 13600, 14007, 14507]","[1333, 2559, 3693, 4416, 5763, 6390, 7822, 8817, 10269, 11730, 12843, 13947, 14938]",0.5142857142857142,22.555555555555557,00:05:57,357.28340180777013,0.02236795854302699
