Algorithm,Log Source,Log,P-Value,Window Size,Detected Changepoints,Actual Changepoints for Log,F1-Score,Average Lag,Duration,Duration (Seconds),Seconds per Case
Martjushev J,with_noise_5,log_98_1692952636,0.55,300,"[1304, 1754, 3538, 4007, 4607, 5357, 6511, 6999, 8730, 8937, 9794]","[1161, 2070, 3547, 4627, 5403, 6514, 7405, 8737, 9638]",0.7000000000000001,54.857142857142854,00:06:25,385.29999171569943,0.03473987843437917
