Algorithm,Log Source,Log,P-Value,Window Size,Detected Changepoints,Actual Changepoints for Log,F1-Score,Average Lag,Duration,Duration (Seconds),Seconds per Case
Martjushev J,with_noise_5,log_35_1692952322,0.55,100,"[197, 435, 644, 1038, 1350, 1608, 2003, 2671, 3035, 3298, 3550, 3820, 4335, 4535, 4801, 5344, 5710, 5963, 6281, 6557, 7462, 8059, 8392, 8614, 8956, 9197, 9549, 10759, 12305, 12828, 13126, 14135]","[1452, 2862, 3554, 4954, 6341, 7205, 8282, 8926, 10355, 11253, 12328, 13284]",0.4090909090909091,90.33333333333333,00:36:29,2189.857845706865,0.15068174813919116
