Algorithm,Log Source,Log,Window Size,SW Step Size,Detected Changepoints,Actual Changepoints for Log,F1-Score,Average Lag,Duration,Duration (Seconds),Seconds per Case
Earth Mover's Distance,with_noise_10,log_69_1692952502,400,2,"[1054, 1606, 2922, 3516, 4628, 5776, 6298, 7814, 8968, 9632, 10564]","[1487, 2098, 3497, 4638, 5779, 6664, 7725, 9125, 9901]",0.6,66.16666666666667,00:04:49,289.59625907056034,0.026031124410836885
