Algorithm,Log Source,Log,Window Size,SW Step Size,Detected Changepoints,Actual Changepoints for Log,F1-Score,Average Lag,Duration,Duration (Seconds),Seconds per Case
Earth Mover's Distance,with_noise_10,log_66_1692952466,400,2,"[722, 1526, 1926, 3092, 4808, 6288, 6860, 8562, 9148, 10020, 11496, 13370, 15072]","[1333, 1858, 3125, 4597, 5145, 6189, 7122, 8601, 9725, 10332, 11494, 12957, 13775, 14782, 15396]",0.42857142857142855,72.33333333333333,01:30:03,5403.369324840605,0.3281331951685556
