Algorithm,Log Source,Log,Window Size,SW Step Size,Detected Changepoints,Actual Changepoints for Log,F1-Score,Average Lag,Duration,Duration (Seconds),Seconds per Case
Earth Mover's Distance,with_noise_10,log_95_1692952617,200,2,"[254, 1350, 2094, 2806, 3630, 4400, 4874, 5624, 6308, 6800, 7452, 8944, 9504, 11186, 11286]","[1156, 1959, 2970, 4425, 5628, 6797, 7689, 9067, 9689, 11170, 11993]",0.6923076923076923,94.33333333333333,00:04:15,255.07595526985824,0.01927137770246738
