Algorithm,Log Source,Log,Window Size,SW Step Size,Detected Changepoints,Actual Changepoints for Log,F1-Score,Average Lag,Duration,Duration (Seconds),Seconds per Case
Earth Mover's Distance,with_noise_5,log_22_1692952248,350,2,"[660, 1244, 2282, 3286, 4628, 5394, 6022, 7898, 8992, 9692]","[1244, 2280, 3281, 4625, 6029, 7290, 8171, 9596, 10320]",0.631578947368421,18.833333333333332,00:33:51,2031.304185975343,0.17487122813148614
