Algorithm,Log Source,Log,Window Size,SW Step Size,Detected Changepoints,Actual Changepoints for Log,F1-Score,Average Lag,Duration,Duration (Seconds),Seconds per Case
Earth Mover's Distance,without_noise,log_61_1692952452,300,2,"[754, 1920, 2966, 3644, 4140, 4846, 5568, 6298, 7770, 8220, 8700, 9310, 10516, 11022, 11400, 12510, 13422, 14500, 15444]","[1461, 2278, 3644, 4850, 6300, 7761, 9161, 9996, 11400, 11926, 13119, 13979, 15446]",0.4375,23.714285714285715,00:00:03,3.252246215939522,0.00019626131289237353
