Algorithm,Log Source,Log,Window Size,SW Step Size,Detected Changepoints,Actual Changepoints for Log,F1-Score,Average Lag,Duration,Duration (Seconds),Seconds per Case
Earth Mover's Distance,with_noise_10,log_92_1692952610,400,2,"[1490, 2302, 3332, 4396, 4716, 5128, 6510, 7010, 7930, 8970]","[1496, 2990, 3497, 4700, 5462, 6515, 7455, 8576, 9153]",0.5263157894736842,75.0,00:02:08,128.11515226587653,0.012145918872381166
