Algorithm,Log Source,Log,Window Size,SW Step Size,Detected Changepoints,Actual Changepoints for Log,F1-Score,Average Lag,Duration,Duration (Seconds),Seconds per Case
Earth Mover's Distance,with_noise_10,log_92_1692952610,200,2,"[1468, 2418, 2652, 3300, 3730, 4422, 5088, 6508, 7232, 7994, 8568, 9452]","[1496, 2990, 3497, 4700, 5462, 6515, 7455, 8576, 9153]",0.380952380952381,60.0,00:00:33,33.49756698310375,0.0031757268660507917
