Algorithm,Log Source,Log,Window Size,SW Step Size,Detected Changepoints,Actual Changepoints for Log,F1-Score,Average Lag,Duration,Duration (Seconds),Seconds per Case
Earth Mover's Distance,with_noise_10,log_60_1692952441,200,2,"[748, 1640, 2876, 4632, 5024, 6408, 7450, 8188, 8816, 10118]","[1176, 1816, 2868, 3524, 5017, 6406, 7452, 8819, 10127]",0.7368421052631577,29.571428571428573,00:19:45,1185.0519864540547,0.10448351141368847
