Algorithm,Log Source,Log,Window Size,SW Step Size,Detected Changepoints,Actual Changepoints for Log,F1-Score,Average Lag,Duration,Duration (Seconds),Seconds per Case
Earth Mover's Distance,with_noise_5,log_22_1692952248,100,2,"[764, 1242, 2286, 3274, 4624, 6028, 6352, 8196, 8666, 9352, 9564, 10156]","[1244, 2280, 3281, 4625, 6029, 7290, 8171, 9596, 10320]",0.761904761904762,29.75,00:08:23,503.6711008641869,0.04336011543252297
