Algorithm,Log Source,Log,Window Size,SW Step Size,Detected Changepoints,Actual Changepoints for Log,F1-Score,Average Lag,Duration,Duration (Seconds),Seconds per Case
Earth Mover's Distance,with_noise_10,log_60_1692952441,100,2,"[1600, 2856, 4204, 4606, 5014, 6412, 7450, 8030, 8818, 10158]","[1176, 1816, 2868, 3524, 5017, 6406, 7452, 8819, 10127]",0.631578947368421,9.166666666666666,00:09:11,551.4885994903743,0.0486235760439406
