Algorithm,Log Source,Log,Window Size,SW Step Size,Detected Changepoints,Actual Changepoints for Log,F1-Score,Average Lag,Duration,Duration (Seconds),Seconds per Case
Maaradji Runs,without_noise,log_98_1692952636,50,2,"[1530, 3540, 6506, 6834, 8730]","[1161, 2070, 3547, 4627, 5403, 6514, 7405, 8737, 9638]",0.42857142857142855,7.333333333333333,00:00:22,22.872187277302146,0.002062229490334699
