Algorithm,Log Source,Log,P-Value,Window Size,Detected Changepoints,Actual Changepoints for Log,F1-Score,Average Lag,Duration,Duration (Seconds),Seconds per Case
Martjushev J,without_noise,log_7_1692952178,0.55,100,"[1452, 1672, 1979, 3727, 3895, 4127, 4327, 5677, 6938, 8351, 9724, 9933, 10141, 11684, 11797, 11975, 12147, 12404, 13949, 14117, 14320, 14524, 14730, 14961, 16415, 16677, 16865, 17020]","[1311, 2256, 3605, 4597, 5681, 6939, 8352, 9584, 10457, 11681, 12486, 13960, 14957, 16422, 17190]",0.5581395348837209,57.166666666666664,00:03:03,183.4967543128878,0.010044709563876056
