Algorithm,Log Source,Log,P-Value,Window Size,Detected Changepoints,Actual Changepoints for Log,F1-Score,Average Lag,Duration,Duration (Seconds),Seconds per Case
Martjushev J,with_noise_5,log_16_1692952213,0.55,250,"[1448, 2700, 4340, 4840, 5374, 5749, 6374, 7043, 8289, 10623, 10967, 11467, 11904, 13152, 13489]","[1356, 2761, 3835, 4592, 5716, 6979, 8389, 9274, 10631, 11912, 13144]",0.6153846153846153,46.75,00:14:46,886.7850155364722,0.06197393357582446
