Algorithm,Log Source,Log,P-Value,Window Size,Detected Changepoints,Actual Changepoints for Log,F1-Score,Average Lag,Duration,Duration (Seconds),Seconds per Case
Martjushev J,with_noise_10,log_26_1692952272,0.55,200,"[1426, 2106, 2616, 4118, 5390, 6622, 7022, 9012, 9571, 10104, 10404, 11356, 11782, 12420]","[1263, 1769, 2996, 3623, 4914, 5584, 6650, 7268, 8328, 9041, 10411, 11880, 12742]",0.4444444444444445,86.5,00:25:48,1548.4894492290914,0.11066172009069473
