Algorithm,Log Source,Log,P-Value,Window Size,Detected Changepoints,Actual Changepoints for Log,F1-Score,Average Lag,Duration,Duration (Seconds),Seconds per Case
Martjushev J,without_noise,log_85_1692952576,0.55,200,"[1367, 1767, 3382, 4476, 4676, 6066, 6366, 6766, 8308]","[1459, 1990, 3383, 4503, 5074, 6148, 6878, 8310]",0.7058823529411765,52.666666666666664,00:01:52,112.40496592223644,0.011482783320281586
