Algorithm,Log Source,Log,P-Value,Window Size,Detected Changepoints,Actual Changepoints for Log,F1-Score,Average Lag,Duration,Duration (Seconds),Seconds per Case
Martjushev J,with_noise_5,log_33_1692952312,0.55,150,"[1339, 1886, 2898, 3308, 4269, 4624, 5017, 5454, 5851, 6097, 6785, 7108, 7480]","[1422, 2484, 3325, 4734, 5708, 6899]",0.5263157894736842,93.4,00:11:25,685.6834069695324,0.08280200543044709
