Algorithm,Log Source,Log,P-Value,Window Size,Detected Changepoints,Actual Changepoints for Log,F1-Score,Average Lag,Duration,Duration (Seconds),Seconds per Case
Martjushev J,without_noise,log_61_1692952452,0.55,100,"[1364, 3632, 3945, 4846, 11398, 15451]","[1461, 2278, 3644, 4850, 6300, 7761, 9161, 9996, 11400, 11926, 13119, 13979, 15446]",0.5263157894736842,24.0,00:03:04,184.40990666113794,0.01112847182796077
