Algorithm,Log Source,Log,P-Value,Window Size,Detected Changepoints,Actual Changepoints for Log,F1-Score,Average Lag,Duration,Duration (Seconds),Seconds per Case
Martjushev J,with_noise_5,log_36_1692952355,0.55,100,"[490, 1174, 1324, 1586, 1812, 2012, 2273, 2560, 2702, 2993, 3193, 3466, 3742, 4818, 5357, 5762, 5889, 6105, 6305, 7785, 8010, 8214, 8476, 8614, 9098, 9623, 9823, 10105, 10267, 11486, 11729, 11889, 12375, 12618, 12843, 12980, 13597, 13747, 13997, 14197, 14374, 14674, 14792, 15073, 15341, 15632, 15820]","[1333, 2559, 3693, 4416, 5763, 6390, 7822, 8817, 10269, 11730, 12843, 13947, 14938]",0.36666666666666675,33.63636363636363,00:04:15,255.7136276382953,0.016009117112520836
