Algorithm,Log Source,Log,P-Value,Window Size,Detected Changepoints,Actual Changepoints for Log,F1-Score,Average Lag,Duration,Duration (Seconds),Seconds per Case
Martjushev J,without_noise,log_89_1692952588,0.55,450,"[1291, 3387, 4252, 4814, 6052, 8369, 9990, 12525, 14493, 15691]","[1231, 2194, 3370, 4789, 6034, 6961, 8392, 8969, 10160, 11100, 12512, 13171, 14519, 15691]",0.75,39.111111111111114,00:24:17,1457.6120319217443,0.08662855294911116
