Algorithm,Log Source,Log,P-Value,Window Size,Detected Changepoints,Actual Changepoints for Log,F1-Score,Average Lag,Duration,Duration (Seconds),Seconds per Case
Martjushev J,with_noise_5,log_49_1692952403,0.55,450,"[1044, 1944, 3226, 3676, 5026, 5588, 6864, 8221, 8558, 10133, 10688]","[1207, 2115, 3260, 3826, 4852, 5704, 6865, 8311, 8890, 10017, 10880]",0.9090909090909091,120.7,00:05:52,352.6796639133245,0.028666151663279238
