Algorithm,Log Source,Log,P-Value,Window Size,Detected Changepoints,Actual Changepoints for Log,F1-Score,Average Lag,Duration,Duration (Seconds),Seconds per Case
Martjushev J,with_noise_5,log_6_1692952173,0.55,350,"[1125, 1687, 3337, 4390, 4674, 6171, 7342, 7736, 9350]","[1350, 1920, 3342, 4346, 5008, 6173, 7280, 8196, 9350]",0.5555555555555556,22.6,00:06:59,419.03271323628724,0.03951647616336168
