Algorithm,Log Source,Log,P-Value,Window Size,Detected Changepoints,Actual Changepoints for Log,F1-Score,Average Lag,Duration,Duration (Seconds),Seconds per Case
Martjushev J,without_noise,log_96_1692952629,0.55,450,"[2287, 2737, 4137, 4587, 6113, 6563]","[1087, 2286, 3016, 4084, 4958, 5962, 6779]",0.4615384615384615,68.33333333333333,00:02:20,140.17360021732748,0.01781792299699091
