Algorithm,Log Source,Log,P-Value,Window Size,Detected Changepoints,Actual Changepoints for Log,F1-Score,Average Lag,Duration,Duration (Seconds),Seconds per Case
Martjushev J,with_noise_5,log_36_1692952355,0.55,150,"[525, 1160, 1543, 1833, 2105, 2550, 2743, 3160, 3787, 4090, 4398, 4824, 5327, 5758, 6104, 6411, 7762, 8062, 8400, 8801, 9625, 10260, 11484, 11727, 12639, 12845, 13584, 13752, 14202, 14502, 14792, 15092, 15392, 15734]","[1333, 2559, 3693, 4416, 5763, 6390, 7822, 8817, 10269, 11730, 12843, 13947, 14938]",0.5531914893617021,57.76923076923077,00:04:57,297.337754143402,0.018615022484405056
