Algorithm,Log Source,Log,P-Value,Window Size,Detected Changepoints,Actual Changepoints for Log,F1-Score,Average Lag,Duration,Duration (Seconds),Seconds per Case
Martjushev J,without_noise,log_49_1692952403,0.55,550,"[6863, 8377, 8690, 10233, 10783]","[1207, 2115, 3260, 3826, 4852, 5704, 6865, 8311, 8890, 10017, 10880]",0.5000000000000001,91.25,00:04:55,295.85647505894303,0.02404750671047249
