Algorithm,Log Source,Log,P-Value,Window Size,Detected Changepoints,Actual Changepoints for Log,F1-Score,Average Lag,Duration,Duration (Seconds),Seconds per Case
Martjushev J,with_noise_5,log_77_1692952527,0.55,500,"[926, 1676, 3192, 4227, 4977, 6328, 7227, 8164, 9289, 10304]","[1150, 2081, 3258, 3936, 4990, 6332, 7232, 8267, 9297, 10336]",0.7,33.0,00:18:29,1109.0506244450808,0.09649792260028546
