Algorithm,Log Source,Log,P-Value,Window Size,Detected Changepoints,Actual Changepoints for Log,F1-Score,Average Lag,Duration,Duration (Seconds),Seconds per Case
Martjushev J,without_noise,log_60_1692952441,0.55,300,"[1211, 2814, 3264, 4289, 5039, 5693, 6405, 6893, 7450, 8185, 8785]","[1176, 1816, 2868, 3524, 5017, 6406, 7452, 8819, 10127]",0.6,24.666666666666668,00:12:34,754.4996941946447,0.06652263218080098
