Algorithm,Log Source,Log,P-Value,Window Size,Detected Changepoints,Actual Changepoints for Log,F1-Score,Average Lag,Duration,Duration (Seconds),Seconds per Case
Martjushev J,without_noise,log_97_1692952631,0.55,100,"[140, 359, 721, 932, 1363, 1508, 1744, 1944, 2250, 2511, 3120, 3277, 3535, 3773, 3984, 4187, 4633, 5017, 5267, 5458, 5796, 6071, 6536, 6965, 7194]","[1365, 2387, 3660, 4381, 5395, 6560, 7200]",0.43750000000000006,75.14285714285714,00:01:58,118.28004516661167,0.01442615503922572
