Algorithm,Log Source,Log,Window Size,SW Step Size,Detected Changepoints,Actual Changepoints for Log,F1-Score,Average Lag,Duration,Duration (Seconds),Seconds per Case
Bose J,with_noise_10,log_95_1692952617,250,2,"[3292, 5628, 6796, 9202, 10950, 12446, 12760]","[1156, 1959, 2970, 4425, 5628, 6797, 7689, 9067, 9689, 11170, 11993]",0.33333333333333326,45.333333333333336,00:15:05,905.473246620968,0.06840988566190451
Bose WC,with_noise_10,log_95_1692952617,250,2,"[5626, 6796]","[1156, 1959, 2970, 4425, 5628, 6797, 7689, 9067, 9689, 11170, 11993]",0.3076923076923077,1.5,00:13:06,786.6093735080212,0.05942953864521164
