Algorithm,Log Source,Log,Window Size,SW Step Size,Detected Changepoints,Actual Changepoints for Log,F1-Score,Average Lag,Duration,Duration (Seconds),Seconds per Case
Bose J,with_noise_5,log_38_1692952364,300,2,"[1646, 3000, 4042, 4454, 5994, 6640, 6980, 8948, 9870]","[1028, 1851, 3000, 4010, 4915, 6335, 7206, 8449, 9115]",0.3333333333333333,66.33333333333333,00:03:32,212.02423265576363,0.020519136035591176
Bose WC,with_noise_5,log_38_1692952364,300,2,"[1698, 2996, 3814, 6640, 8522]","[1028, 1851, 3000, 4010, 4915, 6335, 7206, 8449, 9115]",0.5714285714285714,106.5,00:02:37,157.25450411252677,0.015218668742139434
