Algorithm,Log Source,Log,Window Size,SW Step Size,Detected Changepoints,Actual Changepoints for Log,F1-Score,Average Lag,Duration,Duration (Seconds),Seconds per Case
Bose J,with_noise_10,log_41_1692952374,350,2,"[1284, 3064, 5072]","[1249, 1950, 3066, 4209, 5141]",0.7499999999999999,35.333333333333336,00:07:00,420.93865401670337,0.06787143728099054
Bose WC,with_noise_10,log_41_1692952374,350,2,[],"[1249, 1950, 3066, 4209, 5141]",,,00:06:14,374.1139541231096,0.06032150179347139
