Algorithm,Log Source,Log,Window Size,SW Step Size,Detected Changepoints,Actual Changepoints for Log,F1-Score,Average Lag,Duration,Duration (Seconds),Seconds per Case
Bose J,without_noise,log_28_1692952287,400,2,"[1410, 2548, 3172, 4520, 4920, 5836, 6506]","[1456, 2546, 3808, 4591, 5837]",0.6666666666666666,30.0,00:10:18,618.6768560428172,0.08667369796060763
Bose WC,without_noise,log_28_1692952287,400,2,"[1424, 2548, 3116, 4520, 4948, 5844]","[1456, 2546, 3808, 4591, 5837]",0.7272727272727272,28.0,00:10:23,623.3170499559492,0.08732376715549862
