Algorithm,Log Source,Log,Window Size,SW Step Size,Detected Changepoints,Actual Changepoints for Log,F1-Score,Average Lag,Duration,Duration (Seconds),Seconds per Case
Bose J,with_noise_10,log_86_1692952579,300,2,"[528, 1442, 2118, 2504, 2936, 3602, 4406, 5400, 5880, 6142, 7010, 7302, 7892, 8822, 9454, 10198]","[1451, 2814, 3789, 5069, 6015, 7177, 8153, 9456]",0.5,95.33333333333333,00:15:14,914.579762622714,0.08551470431254923
Bose WC,with_noise_10,log_86_1692952579,300,2,"[1450, 2812, 5470, 7892, 9454]","[1451, 2814, 3789, 5069, 6015, 7177, 8153, 9456]",0.4615384615384615,1.6666666666666667,00:16:53,1013.0177720170468,0.09471881926293098
