Algorithm,Log Source,Log,Window Size,SW Step Size,Detected Changepoints,Actual Changepoints for Log,F1-Score,Average Lag,Duration,Duration (Seconds),Seconds per Case
Bose J,without_noise,log_32_1692952308,300,2,[496],"[1486, 2272, 3660, 4340, 5709, 6587, 7907, 8621, 9625, 10324, 11599]",,,00:07:22,442.8064488712698,0.03482551701700903
Bose WC,without_noise,log_32_1692952308,300,2,[],"[1486, 2272, 3660, 4340, 5709, 6587, 7907, 8621, 9625, 10324, 11599]",,,00:08:50,530.0221320837736,0.04168479214186187
