Algorithm,Log Source,Log,Window Size,SW Step Size,Detected Changepoints,Actual Changepoints for Log,F1-Score,Average Lag,Duration,Duration (Seconds),Seconds per Case
Bose J,with_noise_5,log_16_1692952213,600,2,"[1408, 2816, 2966, 4400, 5744, 6398, 6998, 8448, 9272, 10636, 11922, 12918]","[1356, 2761, 3835, 4592, 5716, 6979, 8389, 9274, 10631, 11912, 13144]",0.7826086956521738,46.888888888888886,00:11:28,688.4344729725271,0.04811199056345846
Bose WC,with_noise_5,log_16_1692952213,600,2,"[1408, 2784, 4178, 5758, 6398, 7024, 8448, 10628, 11902, 13226]","[1356, 2761, 3835, 4592, 5716, 6979, 8389, 9274, 10631, 11912, 13144]",0.761904761904762,39.5,00:09:33,573.7296273186803,0.040095717892143425
