Algorithm,Log Source,Log,Window Size,SW Step Size,Detected Changepoints,Actual Changepoints for Log,F1-Score,Average Lag,Duration,Duration (Seconds),Seconds per Case
Bose J,without_noise,log_63_1692952460,150,2,"[2994, 4392]","[1145, 1912, 2997, 4472]",0.6666666666666666,41.5,00:01:37,97.11885049752891,0.016899051765708877
Bose WC,without_noise,log_63_1692952460,150,2,[4370],"[1145, 1912, 2997, 4472]",0.4,102.0,00:01:22,82.20871693268418,0.014304631448178907
