Algorithm,Log Source,Log,Window Size,SW Step Size,Detected Changepoints,Actual Changepoints for Log,F1-Score,Average Lag,Duration,Duration (Seconds),Seconds per Case
Bose J,with_noise_5,log_92_1692952610,300,2,"[1496, 1958, 3162, 5224, 6514, 7142, 8918]","[1496, 2990, 3497, 4700, 5462, 6515, 7455, 8576, 9153]",0.375,57.666666666666664,00:07:50,470.74436233751476,0.044628779137041594
Bose WC,with_noise_5,log_92_1692952610,300,2,[],"[1496, 2990, 3497, 4700, 5462, 6515, 7455, 8576, 9153]",,,00:07:20,440.21652542985976,0.041734596646744386
