Algorithm,Log Source,Log,Window Size,SW Step Size,Detected Changepoints,Actual Changepoints for Log,F1-Score,Average Lag,Duration,Duration (Seconds),Seconds per Case
Bose J,with_noise_5,log_91_1692952607,250,2,"[1746, 3812, 5236]","[1460, 2204, 3325, 3998, 5233]",0.5,94.5,00:01:03,63.15842182934284,0.010085982406474424
Bose WC,with_noise_5,log_91_1692952607,250,2,"[1498, 3350, 5046]","[1460, 2204, 3325, 3998, 5233]",0.7499999999999999,83.33333333333333,00:01:08,68.83257295191288,0.010992106827197841
