Algorithm,Log Source,Log,Window Size,SW Step Size,Detected Changepoints,Actual Changepoints for Log,F1-Score,Average Lag,Duration,Duration (Seconds),Seconds per Case
Bose J,with_noise_5,log_72_1692952515,250,2,"[1232, 2326, 3384, 4090, 5424, 6932, 7110, 7574, 9006, 10162]","[1301, 2400, 3024, 4162, 5434, 6322, 7584, 8880, 10111]",0.7368421052631577,58.857142857142854,00:01:56,116.68777783960104,0.010292650422475173
Bose WC,with_noise_5,log_72_1692952515,250,2,"[3386, 4214, 5602, 7578, 8960, 10056]","[1301, 2400, 3024, 4162, 5434, 6322, 7584, 8880, 10111]",0.6666666666666667,72.2,00:01:33,93.36721064150333,0.008235618826982741
