Algorithm,Log Source,Log,Window Size,SW Step Size,Detected Changepoints,Actual Changepoints for Log,F1-Score,Average Lag,Duration,Duration (Seconds),Seconds per Case
Bose J,with_noise_5,log_56_1692952426,400,2,"[1156, 2546, 3864, 5144, 6958, 8164, 9244, 9938]","[1162, 2602, 3692, 5083, 5750, 6960, 8196, 9356, 10281]",0.823529411764706,63.0,00:02:18,138.40940502099693,0.012177494722945357
Bose WC,with_noise_5,log_56_1692952426,400,2,"[1082, 2606, 3586, 5134, 6978, 8252, 9406]","[1162, 2602, 3692, 5083, 5750, 6960, 8196, 9356, 10281]",0.8750000000000001,52.142857142857146,00:02:40,160.23525450751185,0.014097770060488462
