Algorithm,Log Source,Log,Window Size,SW Step Size,Detected Changepoints,Actual Changepoints for Log,F1-Score,Average Lag,Duration,Duration (Seconds),Seconds per Case
Bose J,with_noise_10,log_29_1692952298,550,2,"[1194, 2166, 2864, 3594, 4226, 4566, 6434, 7828, 9324, 10670, 11164, 12094, 13384]","[1213, 1756, 2868, 4306, 5136, 6404, 7812, 9139, 10570, 11620, 12291, 13397]",0.7199999999999999,71.55555555555556,00:16:22,982.4486776329577,0.0678814812155709
Bose WC,with_noise_10,log_29_1692952298,550,2,"[6486, 9324, 10632]","[1213, 1756, 2868, 4306, 5136, 6404, 7812, 9139, 10570, 11620, 12291, 13397]",0.4,109.66666666666667,00:20:26,1226.5442487560213,0.08474706341159548
