Algorithm,Log Source,Log,Window Size,SW Step Size,Detected Changepoints,Actual Changepoints for Log,F1-Score,Average Lag,Duration,Duration (Seconds),Seconds per Case
Bose J,with_noise_5,log_61_1692952452,350,2,"[1716, 2972, 3696, 4876, 6120, 7766, 9630, 11406, 13484, 15426]","[1461, 2278, 3644, 4850, 6300, 7761, 9161, 9996, 11400, 11926, 13119, 13979, 15446]",0.5217391304347826,48.166666666666664,00:03:52,232.06880862265825,0.01400451443018878
Bose WC,with_noise_5,log_61_1692952452,350,2,"[3642, 4850, 6312, 7760, 11446, 13550, 15454]","[1461, 2278, 3644, 4850, 6300, 7761, 9161, 9996, 11400, 11926, 13119, 13979, 15446]",0.6,11.5,00:03:46,226.99100879766047,0.013698087550398919
