Algorithm,Log Source,Log,MRID,Epsilon,Detected Changepoints,Actual Changepoints for Log,F1-Score,Average Lag,Duration,Duration (Seconds),Seconds per Case
Zheng DBSCAN,with_noise_15,log_43_1687181986,400,40.0,"[947.7795275590552, 1495.08, 1676.3076923076924, 2534.2054054054056, 3361.8333333333335, 3603.3285714285716, 3867.6, 4095.5555555555557, 4264.0]","[979, 1204, 2415, 2632, 3669]",0.42857142857142855,64.89549853565586,00:00:02,2.6031415490433574,0.0006062276546444708
