Algorithm,Log Source,Log,MRID,Epsilon,Detected Changepoints,Actual Changepoints for Log,F1-Score,Average Lag,Duration,Duration (Seconds),Seconds per Case
Zheng DBSCAN,with_noise_5,log_58_1687182010,300,30.0,"[330.8333333333333, 419.1666666666667, 557.3529411764706, 663.0, 741.5, 810.5, 888.0, 982.1666666666666, 1040.8, 1111.0, 1161.5, 1208.0, 1284.875, 1366.0, 1431.0, 1594.0]",[566],0.11764705882352941,8.647058823529392,00:00:00,0.08464099932461977,5.111171456800711e-05
