Algorithm,Log Source,Log,MRID,Epsilon,Detected Changepoints,Actual Changepoints for Log,F1-Score,Average Lag,Duration,Duration (Seconds),Seconds per Case
Zheng DBSCAN,with_noise_10,log_94_1687182067,400,200.0,"[996.7, 1778.0, 2282.0, 2622.0, 2840.0, 3131.0, 3681.0, 4157.0]","[517, 868, 1998, 2959, 3215]",0.4615384615384615,110.56666666666668,00:00:00,0.29870640859007835,7.016828954429842e-05
