Algorithm,Log Source,Log,MRID,Epsilon,Detected Changepoints,Actual Changepoints for Log,F1-Score,Average Lag,Duration,Duration (Seconds),Seconds per Case
Zheng DBSCAN,without_noise,log_87_1687182053,700,70.0,"[795.0, 938.0, 1028.0, 1382.357142857143, 1521.6666666666667, 1790.3333333333333, 2114.0, 2208.0, 2359.6666666666665, 2724.6666666666665, 2891.3125, 3338.0, 3639.478260869565, 3853.0, 4069.0, 4402.0, 4550.0]","[1385, 2862, 3527, 3777]",0.38095238095238093,55.10840450310553,00:00:01,1.3202470066025853,0.0002885785806781607
