Algorithm,Log Source,Log,MRID,Epsilon,Detected Changepoints,Actual Changepoints for Log,F1-Score,Average Lag,Duration,Duration (Seconds),Seconds per Case
Zheng DBSCAN,with_noise_5,log_94_1687182067,300,30.0,"[506.5, 574.0, 638.5, 725.0, 786.0, 818.0, 866.0, 910.0, 957.0, 1031.6666666666667, 1088.0, 1188.0, 1287.0, 1454.0, 1600.5, 1685.0, 1813.0, 1879.0, 2018.4, 2082.0, 2166.5, 2256.0, 2361.0, 2473.0, 2632.75, 2834.5, 2901.0, 3132.0, 3210.0, 3286.0, 3405.0, 3465.5, 3608.2, 3739.0, 3831.0, 3864.0, 3968.5, 4193.0]","[517, 868, 1998, 2959, 3215]",0.23255813953488372,19.180000000000017,00:00:00,0.14834811445325613,3.484804191995681e-05
