Algorithm,Log Source,Log,MRID,Epsilon,Detected Changepoints,Actual Changepoints for Log,F1-Score,Average Lag,Duration,Duration (Seconds),Seconds per Case
Zheng DBSCAN,without_noise,log_93_1687182065,400,40.0,"[877.2631578947369, 1789.5, 1877.0, 1958.0, 2066.6666666666665, 2887.3333333333335, 2948.6666666666665, 3086.0, 3143.5]","[761, 990, 1771, 2107, 2887, 3146]",0.6666666666666667,34.88070175438602,00:00:01,1.3766764178872108,0.0003194144821084016
