Algorithm,Log Source,Log,MRID,Epsilon,Detected Changepoints,Actual Changepoints for Log,F1-Score,Average Lag,Duration,Duration (Seconds),Seconds per Case
Zheng DBSCAN,with_noise_20,log_59_1687182010,500,100.0,"[1014.0, 1564.4285714285713, 2152.8888888888887, 2614.0, 2890.5714285714284, 3246.0, 3496.0, 3733.5]","[788, 1187, 2051, 3036, 3241]",0.6153846153846154,106.32936507936506,00:00:02,2.1544279186055064,0.0005575641611297895
