Algorithm,Log Source,Log,MRID,Epsilon,Detected Changepoints,Actual Changepoints for Log,F1-Score,Average Lag,Duration,Duration (Seconds),Seconds per Case
Zheng DBSCAN,with_noise_10,log_9_1687181928,400,40.0,"[477.0, 538.0, 658.0, 868.5, 967.0, 1046.6666666666667, 1429.0, 1786.0, 1885.0, 1980.0, 2042.0, 2086.0, 2188.0, 2253.0, 2341.0, 2457.0, 2591.0, 2674.0, 2791.0, 2839.0, 2918.75, 3112.0, 3201.0, 3393.5, 3470.0, 3569.0, 3632.0, 3690.0, 3944.0, 4011.0, 4138.0]","[1135, 1916, 2696, 2989]",0.2285714285714286,52.895833333333314,00:00:00,0.6097563561052084,0.00013592428803058592
