Algorithm,Log Source,Log,MRID,Epsilon,Detected Changepoints,Actual Changepoints for Log,F1-Score,Average Lag,Duration,Duration (Seconds),Seconds per Case
Zheng DBSCAN,with_noise_20,log_68_1687182024,800,80.0,"[874.0, 1061.0, 1160.0, 1388.0, 1601.0, 1770.0, 1877.0, 1982.0, 2151.4285714285716, 2685.0, 3034.6666666666665, 3167.0, 3268.5, 3620.6666666666665, 4164.0, 4430.5]","[896, 1272, 1818, 2030, 2923, 3240]",0.5454545454545454,61.69444444444442,00:00:01,1.9472095174714923,0.0004310846839653514
