Algorithm,Log Source,Log,MRID,Epsilon,Detected Changepoints,Actual Changepoints for Log,F1-Score,Average Lag,Duration,Duration (Seconds),Seconds per Case
Zheng DBSCAN,with_noise_15,log_35_1687181968,800,320.0,[2825.151785714286],"[842, 1057, 2418, 2651, 3788, 4180]",0.2857142857142857,174.15178571428578,00:00:00,0.8964515263214707,0.00015965298776873923
