Algorithm,Log Source,Log,MRID,Epsilon,Detected Changepoints,Actual Changepoints for Log,F1-Score,Average Lag,Duration,Duration (Seconds),Seconds per Case
Zheng DBSCAN,with_noise_10,log_69_1692952502,500,50.0,"[521.0, 718.4137931034483, 940.5555555555555, 1695.2522522522522, 2650.532258064516, 3327.2083333333335, 4207.827586206897, 5589.018292682927, 6582.658536585366, 6938.25, 7630.690476190476, 8157.0, 8262.0, 8384.64705882353, 8607.068965517241, 8858.8, 9467.325203252032, 10408.693548387097, 10843.0, 10900.0, 11039.0]","[1487, 2098, 3497, 4638, 5779, 6664, 7725, 9125, 9901]",0.26666666666666666,133.8560903019744,00:00:02,2.6699899528175592,0.00023999909688247724
