Algorithm,Log Source,Log,MRID,Epsilon,Detected Changepoints,Actual Changepoints for Log,F1-Score,Average Lag,Duration,Duration (Seconds),Seconds per Case
Zheng DBSCAN,with_noise_10,log_88_1687182055,400,120.0,"[697.921052631579, 1515.0, 2289.846153846154, 3504.95]","[1401, 1950, 2206, 3218, 3462]",0.6666666666666665,80.26538461538455,00:00:00,0.34076492860913277,8.004813920815897e-05
