Algorithm,Log Source,Log,MRID,Epsilon,Detected Changepoints,Actual Changepoints for Log,F1-Score,Average Lag,Duration,Duration (Seconds),Seconds per Case
Zheng DBSCAN,with_noise_5,log_73_1687182035,300,60.0,"[557.1333333333333, 890.7333333333333, 1152.5, 1366.7272727272727, 1593.875, 1795.357142857143, 1939.0, 2101.3333333333335, 2429.230769230769, 2749.090909090909, 2881.0, 3006.8333333333335, 3127.4, 3337.823529411765, 3529.4, 3629.8, 3764.6666666666665, 3907.125, 4320.3]","[1478, 2417, 2951, 3283]",0.34782608695652173,58.540089812148665,00:00:00,0.6491602994501591,0.00014581318496185064
