Algorithm,Log Source,Log,MRID,Epsilon,Detected Changepoints,Actual Changepoints for Log,F1-Score,Average Lag,Duration,Duration (Seconds),Seconds per Case
Zheng DBSCAN,with_noise_15,log_35_1687181968,300,60.0,"[1343.0258620689656, 3939.96978021978]","[842, 1057, 2418, 2651, 3788, 4180]",0.25,151.9697802197802,00:00:00,0.9138939492404461,0.0001627593854390821
