Algorithm,Log Source,Log,MRID,Epsilon,Detected Changepoints,Actual Changepoints for Log,F1-Score,Average Lag,Duration,Duration (Seconds),Seconds per Case
Zheng DBSCAN,with_noise_5,log_73_1687182035,300,30.0,"[303.0, 385.0, 430.0, 481.5, 565.8571428571429, 630.5, 662.0, 695.0, 851.9090909090909, 940.0, 1016.6666666666666, 1152.5, 1298.909090909091, 1398.4, 1464.6666666666667, 1564.0, 1643.6666666666667, 1715.0, 1760.0, 1838.75, 1939.0, 2034.6666666666667, 2094.1666666666665, 2153.0, 2197.0, 2274.0, 2342.1428571428573, 2458.25, 2579.5, 2682.0, 2726.6, 2785.0, 2881.0, 2999.0, 3046.0, 3127.4, 3213.0, 3255.8, 3331.0, 3392.0, 3432.6666666666665, 3529.4, 3629.8, 3764.6666666666665, 3894.214285714286, 3997.5, 4221.333333333333, 4340.4, 4400.0, 4437.0]","[1478, 2417, 2951, 3283]",0.14814814814814814,32.44583333333327,00:00:00,0.6491602994501591,0.00014581318496185064
