Algorithm,Log Source,Log,MRID,Epsilon,Detected Changepoints,Actual Changepoints for Log,F1-Score,Average Lag,Duration,Duration (Seconds),Seconds per Case
Zheng DBSCAN,with_noise_10,log_59_1687182010,700,350.0,[2244.565789473684],"[788, 1187, 2051, 3036, 3241]",0.33333333333333337,193.56578947368416,00:00:01,1.101923662237823,0.0002851769312209687
