Algorithm,Log Source,Log,MRID,Epsilon,Detected Changepoints,Actual Changepoints for Log,F1-Score,Average Lag,Duration,Duration (Seconds),Seconds per Case
Zheng DBSCAN,with_noise_15,log_52_1687182004,300,30.0,"[333.25, 405.5, 468.0, 527.0, 616.75, 729.0, 883.5714285714286, 988.5714285714286, 1054.0, 1103.6666666666667, 1147.0, 1246.5714285714287, 1330.3333333333333, 1376.0, 1410.0, 1450.0, 1569.0, 1639.75, 1713.6666666666667, 1762.0, 1799.0, 1858.0, 1914.0, 1976.0, 2044.0, 2146.0, 2192.0, 2259.0, 2317.8, 2427.0, 2490.5, 2592.5714285714284, 2666.5, 2720.0, 2863.0, 2921.75]","[1221, 1560]",0.10526315789473684,17.285714285714334,00:00:00,0.29518063832074404,0.00010029923150551954
