Algorithm,Log Source,Log,MRID,Epsilon,Detected Changepoints,Actual Changepoints for Log,F1-Score,Average Lag,Duration,Duration (Seconds),Seconds per Case
Zheng DBSCAN,with_noise_10,log_90_1692952603,600,120.0,"[691.25, 1012.7142857142857, 1225.0, 1538.5454545454545, 1957.8, 2320.5714285714284, 2900.3636363636365, 3618.75, 4163.75, 4981.444444444444, 5911.722222222223, 6373.5, 6656.4, 7354.764705882353, 8146.466666666666, 8565.0, 8989.5]","[1042, 1748, 2855, 4089, 4623, 5847, 6623, 7991]",0.48,67.16470658970655,00:00:01,1.2420993521809578,0.00013546726493412125
