Algorithm,Log Source,Log,MRID,Epsilon,Detected Changepoints,Actual Changepoints for Log,F1-Score,Average Lag,Duration,Duration (Seconds),Seconds per Case
Zheng DBSCAN,with_noise_20,log_69_1687182027,300,90.0,"[1636.3766816143498, 3684.705882352941, 4114.625]","[1354, 1741, 2389, 2676, 3199]",0.25,104.62331838565024,00:00:01,1.4290369180962443,0.00033831366432202753
