Algorithm,Log Source,Log,MRID,Epsilon,Detected Changepoints,Actual Changepoints for Log,F1-Score,Average Lag,Duration,Duration (Seconds),Seconds per Case
Zheng DBSCAN,with_noise_15,log_31_1687181960,500,50.0,"[2034.1377459749554, 4114.633333333333]","[1043, 1868, 2070, 3338, 3677]",0.28571428571428575,35.86225402504465,00:00:02,2.8933477327227592,0.0006717779736992708
