Algorithm,Log Source,Log,MRID,Epsilon,Detected Changepoints,Actual Changepoints for Log,F1-Score,Average Lag,Duration,Duration (Seconds),Seconds per Case
Zheng DBSCAN,with_noise_15,log_41_1687181983,600,60.0,"[696.0, 955.1666666666666, 1149.0, 1324.0, 1417.0, 1660.5, 1800.5, 1939.5, 2025.0, 2107.6666666666665, 2244.3333333333335, 2417.0, 2572.1666666666665, 2893.5, 2978.0, 3083.5, 3324.0, 3588.6666666666665, 3688.6666666666665, 3823.75, 4052.5, 4187.0, 4304.666666666667, 4643.0, 4758.5]","[601, 890, 2386, 2718, 3227, 3580]",0.3870967741935484,73.77777777777777,00:00:00,0.348557461053133,7.279813305203279e-05
