Algorithm,Log Source,Log,MRID,Epsilon,Detected Changepoints,Actual Changepoints for Log,F1-Score,Average Lag,Duration,Duration (Seconds),Seconds per Case
Zheng DBSCAN,with_noise_10,log_61_1692952452,400,40.0,"[422.2, 502.0, 577.3333333333334, 682.5, 786.5, 864.25, 971.5, 1064.3333333333333, 1151.857142857143, 1330.6666666666667, 1503.3333333333333, 1753.0714285714287, 2007.0, 2117.3333333333335, 2235.625, 2335.0, 2433.3333333333335, 2576.4, 2720.714285714286, 2831.5, 2944.0, 3027.5, 3091.0, 3136.5, 3234.1, 3348.0, 3408.0, 3482.0, 3643.090909090909, 3851.909090909091, 4000.6666666666665, 4107.0, 4181.0, 4286.666666666667, 4358.5, 4428.333333333333, 4550.0, 4648.777777777777, 4865.35294117647, 5045.0, 5111.0, 5215.25, 5335.0, 5403.0, 5537.6, 5716.5, 5878.9, 6045.0, 6123.0, 6349.64, 6537.0, 6640.0, 6690.5, 6774.0, 6901.4, 7093.333333333333, 7191.5, 7304.0, 7477.0, 7676.714285714285, 7774.0, 7830.5, 7889.0, 7962.4, 8197.947368421053, 8432.25, 8504.0, 8567.333333333334, 8618.0, 8823.615384615385, 9008.2, 9246.5, 9407.117647058823, 9562.0, 9617.0, 9686.285714285714, 9781.0, 10046.037037037036, 10278.5, 10385.0, 10473.875, 10690.727272727272, 10802.5, 10853.5, 10929.0, 11283.266666666666, 11551.4, 11622.0, 11687.0, 11818.0, 11916.5, 12022.0, 12121.166666666666, 12267.714285714286, 12354.0, 12423.25, 12496.5, 12617.0, 12717.75, 12880.0, 13098.5, 13225.666666666666, 13315.5, 13455.0, 13598.5, 13910.809523809523, 14130.0, 14234.0, 14340.0, 14447.0, 14538.5, 14634.5, 14752.666666666666, 14890.142857142857, 15006.0, 15146.0, 15239.0, 15517.076923076924, 15645.0, 15697.0, 15751.25, 15865.0, 15914.5, 15968.5, 16018.0, 16061.0, 16141.5, 16212.0, 16256.0, 16343.0, 16445.0, 16551.0]","[1461, 2278, 3644, 4850, 6300, 7761, 9161, 9996, 11400, 11926, 13119, 13979, 15446]",0.1793103448275862,45.0113950043589,00:00:01,1.2935890704393387,7.806342830483004e-05
