Algorithm,Log Source,Log,MRID,Epsilon,Detected Changepoints,Actual Changepoints for Log,F1-Score,Average Lag,Duration,Duration (Seconds),Seconds per Case
Zheng DBSCAN,without_noise,log_50_1687182000,600,180.0,"[1170.0, 1476.4285714285713, 2109.0, 2435.9, 2810.5, 3202.0, 3835.375, 4762.0]","[1406, 1636, 2269, 2506, 3766]",0.6153846153846154,92.47589285714281,00:00:02,2.661193436011672,0.0005071838071301071
