Algorithm,Log Source,Log,MRID,Epsilon,Detected Changepoints,Actual Changepoints for Log,F1-Score,Average Lag,Duration,Duration (Seconds),Seconds per Case
Zheng DBSCAN,without_noise,log_77_1692952527,300,120.0,"[592.0, 1078.5, 1437.0, 1919.2727272727273, 2505.0, 2711.0, 3083.0, 3259.75, 3399.0, 3819.3636363636365, 4334.0, 4500.0, 4927.25, 5192.5, 6293.526315789473, 6639.0, 7016.666666666667, 7231.0, 7450.333333333333, 7669.0, 7836.0, 7990.0, 8291.1, 8602.0, 8824.8, 9289.454545454546, 10209.888888888889, 10694.125, 11103.666666666666, 11392.5]","[1150, 2081, 3258, 3936, 4990, 6332, 7232, 8267, 9297, 10336]",0.5,61.15938862307287,00:00:06,6.330977316945791,0.0005508550697768895
