Algorithm,Log Source,Log,MRID,Epsilon,Detected Changepoints,Actual Changepoints for Log,F1-Score,Average Lag,Duration,Duration (Seconds),Seconds per Case
Zheng DBSCAN,with_noise_5,log_79_1692952552,400,160.0,"[2143.4927536231885, 4706.666666666667]","[1364, 2681, 3924, 4512]",0.3333333333333333,194.66666666666697,00:00:00,0.7015993949025869,0.00012415490973324844
