Algorithm,Log Source,Log,MRID,Epsilon,Detected Changepoints,Actual Changepoints for Log,F1-Score,Average Lag,Duration,Duration (Seconds),Seconds per Case
Zheng DBSCAN,with_noise_10,log_43_1692952382,600,120.0,"[940.5384615384615, 1903.0, 2313.2727272727275, 3489.4333333333334, 4819.294117647059, 5318.5, 5588.166666666667, 5990.0]","[1200, 1740, 3030, 4200, 5001]",0.3076923076923077,172.35294117647072,00:00:00,0.8379393313080072,0.00013854816985912818
