Algorithm,Log Source,Log,MRID,Epsilon,Detected Changepoints,Actual Changepoints for Log,F1-Score,Average Lag,Duration,Duration (Seconds),Seconds per Case
Zheng DBSCAN,without_noise,log_59_1687182010,800,80.0,"[996.5714285714286, 2095.4166666666665, 2403.0, 2630.0, 2961.714285714286]","[788, 1187, 2051, 3036, 3241]",0.6,103.04365079365073,00:00:02,2.1808156771585345,0.0005643932911900969
