Algorithm,Log Source,Log,MRID,Epsilon,Detected Changepoints,Actual Changepoints for Log,F1-Score,Average Lag,Duration,Duration (Seconds),Seconds per Case
Zheng DBSCAN,with_noise_10,log_94_1692952615,300,60.0,"[575.6111111111111, 897.0, 1073.75, 1251.3333333333333, 1491.888888888889, 1743.0, 1816.5, 1879.0, 2016.0, 2185.0, 2425.3333333333335, 2760.769230769231, 3320.684210526316, 3730.0, 3864.375, 4019.0, 4133.5, 4231.25, 4349.5, 4443.0, 4542.0, 4632.0, 4713.5]","[1486, 2734, 3393]",0.23076923076923078,34.99130304393467,00:00:00,0.4369330611079931,9.210224728246061e-05
