Algorithm,Log Source,Log,MRID,Epsilon,Detected Changepoints,Actual Changepoints for Log,F1-Score,Average Lag,Duration,Duration (Seconds),Seconds per Case
Zheng DBSCAN,with_noise_5,log_22_1687181941,400,160.0,"[900.5172413793103, 1734.3333333333333, 2479.0, 3633.6666666666665, 4690.0]","[1159, 1512, 2578, 3506, 3838]",0.4000000000000001,113.33333333333326,00:00:00,0.4534921767190099,9.667281533127476e-05
