Algorithm,Log Source,Log,MRID,Epsilon,Detected Changepoints,Actual Changepoints for Log,F1-Score,Average Lag,Duration,Duration (Seconds),Seconds per Case
Zheng DBSCAN,with_noise_10,log_67_1687182023,400,80.0,"[438.0, 804.1428571428571, 1491.468085106383, 2132.375, 2397.1666666666665, 2627.3333333333335, 3200.186046511628, 3939.0526315789475, 4302.0, 4422.0]","[933, 1145, 2289, 3129]",0.4285714285714285,102.73661867847909,00:00:00,0.446539263240993,0.00010045877688211317
