Algorithm,Log Source,Log,MRID,Epsilon,Detected Changepoints,Actual Changepoints for Log,F1-Score,Average Lag,Duration,Duration (Seconds),Seconds per Case
Zheng DBSCAN,with_noise_10,log_36_1692952355,300,120.0,"[439.2307692307692, 1203.159090909091, 2219.5, 4325.36129032258, 6501.777777777777, 7767.726315789474, 9480.939393939394, 10650.11320754717, 11413.333333333334, 11954.892857142857, 12806.47619047619, 13503.90909090909, 14700.904761904761, 15916.0]","[1333, 2559, 3693, 4416, 5763, 6390, 7822, 8817, 10269, 11730, 12843, 13947, 14938]",0.3703703703703704,84.61097805608824,00:00:01,1.9547796938568354,0.00012238024753376543
