Algorithm,Log Source,Log,MRID,Epsilon,Detected Changepoints,Actual Changepoints for Log,F1-Score,Average Lag,Duration,Duration (Seconds),Seconds per Case
Zheng DBSCAN,with_noise_5,log_69_1687182027,300,30.0,"[582.4285714285714, 904.6666666666666, 1236.2884615384614, 1590.1666666666667, 1719.8076923076924, 2107.4065934065934, 2700.448275862069, 3261.373493975904, 3764.4761904761904, 4083.0, 4158.5, 4217.0]","[1354, 1741, 2389, 2676, 3199]",0.47058823529411764,56.4314039979547,00:00:01,1.4974352018907666,0.0003545064398415641
