Algorithm,Log Source,Log,MRID,Epsilon,Detected Changepoints,Actual Changepoints for Log,F1-Score,Average Lag,Duration,Duration (Seconds),Seconds per Case
Zheng DBSCAN,without_noise,log_51_1687182003,600,60.0,"[631.0, 693.0, 866.1428571428571, 1002.75, 1181.0, 1348.75, 1624.0, 1760.0, 2290.0]",[882],0.19999999999999998,15.85714285714289,00:00:00,0.6004711119458079,0.00025325647909987684
