Algorithm,Log Source,Log,MRID,Epsilon,Detected Changepoints,Actual Changepoints for Log,F1-Score,Average Lag,Duration,Duration (Seconds),Seconds per Case
Zheng DBSCAN,with_noise_15,log_37_1687181973,600,60.0,"[702.125, 908.1666666666666, 1309.9423076923076, 1887.8333333333333]",[1428],0.4,118.05769230769238,00:00:00,0.3604357009753585,0.00017429192503644027
