Algorithm,Log Source,Log,MRID,Epsilon,Detected Changepoints,Actual Changepoints for Log,F1-Score,Average Lag,Duration,Duration (Seconds),Seconds per Case
Zheng DBSCAN,with_noise_10,log_88_1692952587,500,200.0,"[1258.0555555555557, 2417.1428571428573, 2978.0, 3441.25, 3997.0, 4599.5, 5091.25]","[1366, 2110, 3182, 3771]",0.18181818181818182,107.94444444444434,00:00:00,0.31435901299118996,5.99349881775386e-05
