Algorithm,Log Source,Log,MRID,Epsilon,Detected Changepoints,Actual Changepoints for Log,F1-Score,Average Lag,Duration,Duration (Seconds),Seconds per Case
Zheng DBSCAN,with_noise_10,log_71_1692952512,300,30.0,"[447.9047619047619, 603.6363636363636, 686.0, 841.5652173913044, 986.0, 1093.2666666666667, 1242.6666666666667, 1379.8, 1500.0, 1601.0, 1724.095238095238, 1870.5714285714287, 1919.0, 2099.5, 2276.6666666666665, 2330.0, 2488.5945945945946, 2667.5, 2746.9285714285716, 2888.75, 2969.5, 3132.233333333333, 3295.4615384615386, 3426.6666666666665, 3569.5, 3627.6666666666665, 3772.4848484848485, 3954.176470588235, 4117.75, 4258.666666666667, 4315.833333333333, 4440.047619047619, 4611.833333333333, 4821.711111111111, 5066.0, 5209.0, 5336.0, 5368.0, 5438.1, 5567.363636363636, 5697.461538461538, 5812.5, 6035.291666666667, 6319.44, 6596.6875, 6768.888888888889, 6911.2, 7041.266666666666, 7122.0, 7246.526315789473, 7399.272727272727, 7562.666666666667, 7662.0]","[1414, 2489, 3724, 4718, 5950, 6652]",0.2033898305084746,54.567588611338614,00:00:01,1.7121300175786018,0.00022313697609521724
