Algorithm,Log Source,Log,MRID,Epsilon,Detected Changepoints,Actual Changepoints for Log,F1-Score,Average Lag,Duration,Duration (Seconds),Seconds per Case
Zheng DBSCAN,with_noise_5,log_94_1687182067,300,60.0,"[506.5, 617.0, 725.0, 867.1666666666666, 1045.75, 1188.0, 1287.0, 1454.0, 1600.5, 1685.0, 1813.0, 1879.0, 2029.0, 2166.5, 2256.0, 2361.0, 2473.0, 2632.75, 2834.5, 2901.0, 3132.0, 3210.0, 3286.0, 3445.3333333333335, 3608.2, 3739.0, 3847.5, 3968.5, 4193.0]","[517, 868, 1998, 2959, 3215]",0.29411764705882354,21.066666666666674,00:00:00,0.14834811445325613,3.484804191995681e-05
