Algorithm,Log Source,Log,MRID,Epsilon,Detected Changepoints,Actual Changepoints for Log,F1-Score,Average Lag,Duration,Duration (Seconds),Seconds per Case
Zheng DBSCAN,with_noise_10,log_53_1687182005,700,70.0,"[962.5483870967741, 1478.5, 1670.9, 1911.142857142857, 2104.25, 2317.25]","[1024, 1283]",0.5,128.47580645161293,00:00:00,0.21189544722437859,8.877061048361064e-05
