Algorithm,Log Source,Log,MRID,Epsilon,Detected Changepoints,Actual Changepoints for Log,F1-Score,Average Lag,Duration,Duration (Seconds),Seconds per Case
Zheng DBSCAN,with_noise_5,log_63_1687182017,300,60.0,"[1273.1960784313726, 2869.5933333333332, 3771.1052631578946, 4122.666666666667, 4238.75]","[727, 968, 1760, 2588, 2871]",0.20000000000000004,1.4066666666667516,00:00:01,1.4606033833697438,0.00034391414724976307
