Algorithm,Log Source,Log,MRID,Epsilon,Detected Changepoints,Actual Changepoints for Log,F1-Score,Average Lag,Duration,Duration (Seconds),Seconds per Case
Zheng DBSCAN,without_noise,log_77_1692952527,400,80.0,"[588.5, 1078.5, 1387.0, 1805.3333333333333, 1945.0, 2056.0, 3259.75, 3399.0, 3588.0, 3710.0, 3819.0, 3932.6666666666665, 4755.0, 4978.6, 5166.0, 6094.0, 6346.733333333334, 6639.0, 7013.5, 7231.0, 7424.0, 7669.0, 8286.333333333334, 8602.0, 8824.8, 9123.0, 9215.0, 9316.222222222223, 9862.0, 10016.5, 10149.75, 10342.2, 10651.8, 10773.5, 11048.0, 11241.0, 11398.0]","[1150, 2081, 3258, 3936, 4990, 6332, 7232, 8267, 9297, 10336]",0.4255319148936171,17.3472222222224,00:00:05,5.961439970880747,0.0005187018159645651
