Algorithm,Log Source,Log,MRID,Epsilon,Detected Changepoints,Actual Changepoints for Log,F1-Score,Average Lag,Duration,Duration (Seconds),Seconds per Case
Zheng DBSCAN,with_noise_5,log_26_1687181951,700,70.0,"[754.3333333333334, 866.0, 1058.8, 1531.55, 1772.0, 1948.0, 2096.5, 2375.0, 2462.0, 2678.0]","[1394, 1683]",0.33333333333333337,113.27499999999998,00:00:00,0.26565524749457836,9.795547473988878e-05
