Algorithm,Log Source,Log,MRID,Epsilon,Detected Changepoints,Actual Changepoints for Log,F1-Score,Average Lag,Duration,Duration (Seconds),Seconds per Case
Zheng DBSCAN,with_noise_10,log_41_1687181983,800,80.0,"[997.6666666666666, 1175.3333333333333, 1658.6, 1912.0, 2013.0, 2207.0, 2402.5, 2567.5, 2844.5, 3071.6666666666665, 3541.0, 3714.25, 4013.0, 4487.166666666667]","[601, 890, 2386, 2718, 3227, 3580]",0.5,89.00000000000003,00:00:00,0.35450411308556795,7.404012386916624e-05
