Algorithm,Log Source,Log,MRID,Epsilon,Detected Changepoints,Actual Changepoints for Log,F1-Score,Average Lag,Duration,Duration (Seconds),Seconds per Case
Zheng DBSCAN,with_noise_10,log_59_1687182010,700,70.0,"[942.6666666666666, 1215.75, 1405.0, 1509.6666666666667, 1625.5, 1750.0, 1851.0, 2150.157894736842, 2485.3333333333335, 2783.75, 3102.222222222222, 3423.0, 3620.6666666666665, 3813.0]","[788, 1187, 2051, 3036, 3241]",0.5263157894736842,106.15935672514618,00:00:01,1.101923662237823,0.0002851769312209687
