Algorithm,Log Source,Log,MRID,Epsilon,Detected Changepoints,Actual Changepoints for Log,F1-Score,Average Lag,Duration,Duration (Seconds),Seconds per Case
Zheng DBSCAN,with_noise_5,log_57_1687182008,300,120.0,[2846.3360655737706],"[1216, 1576, 2324, 2698, 4174, 4390]",0.2857142857142857,148.3360655737706,00:00:00,0.7150683142244816,0.00012629253165391763
