Algorithm,Log Source,Log,MRID,Epsilon,Detected Changepoints,Actual Changepoints for Log,F1-Score,Average Lag,Duration,Duration (Seconds),Seconds per Case
Zheng DBSCAN,with_noise_5,log_17_1692952221,600,60.0,"[844.5365853658536, 1543.8, 2471.2147239263804, 3474.1428571428573, 4091.128205128205, 5463.339055793991, 6859.3263157894735, 7472.421052631579, 7858.722222222223]","[1444, 2772, 3489, 4826, 6062, 6751]",0.4,74.32781954887203,00:00:02,2.4733949545770884,0.00030871130236858317
