Algorithm,Log Source,Log,MRID,Epsilon,Detected Changepoints,Actual Changepoints for Log,F1-Score,Average Lag,Duration,Duration (Seconds),Seconds per Case
Zheng DBSCAN,with_noise_5,log_99_1687182077,400,40.0,"[766.4421052631579, 1191.5, 1296.0, 1412.0, 1548.2307692307693, 1752.357142857143, 2030.054054054054, 2330.6363636363635, 2842.375, 3140.0, 3217.0, 3327.4]","[555, 837, 2088, 2767]",0.375,67.95961356092937,00:00:00,0.5015462320297956,0.0001473402561779658
