Algorithm,Log Source,Log,MRID,Epsilon,Detected Changepoints,Actual Changepoints for Log,F1-Score,Average Lag,Duration,Duration (Seconds),Seconds per Case
Zheng DBSCAN,without_noise,log_95_1687182068,600,180.0,"[862.5714285714286, 1653.5555555555557, 2556.5714285714284, 4347.482758620689]","[561, 936, 2338, 2712, 4212]",0.6666666666666665,121.4466338259441,00:00:01,1.7058676881715655,0.0003024051920176503
