Algorithm,Log Source,Log,MRID,Epsilon,Detected Changepoints,Actual Changepoints for Log,F1-Score,Average Lag,Duration,Duration (Seconds),Seconds per Case
Zheng DBSCAN,without_noise,log_22_1687181941,300,30.0,"[1158.0, 1203.0, 1510.0, 2576.6666666666665, 3506.0, 3539.0]","[1159, 1512, 2578, 3506, 3838]",0.7272727272727272,1.0833333333333712,00:00:00,0.21843120455741882,4.656388926826238e-05
