Algorithm,Log Source,Log,MRID,Epsilon,Detected Changepoints,Actual Changepoints for Log,F1-Score,Average Lag,Duration,Duration (Seconds),Seconds per Case
Zheng DBSCAN,with_noise_15,log_26_1687181951,300,30.0,"[344.6666666666667, 437.0, 515.0, 644.2, 771.75, 873.2, 944.0, 990.5, 1062.5, 1180.3333333333333, 1261.3333333333333, 1335.6666666666667, 1449.0, 1577.9166666666667, 1661.7142857142858, 1751.3333333333333, 1834.5, 1878.5, 1933.3333333333333, 1984.0, 2072.0, 2171.0, 2224.0, 2302.5, 2390.25, 2499.0, 2586.5, 2690.5]","[1394, 1683]",0.13333333333333333,38.14285714285711,00:00:00,0.2648019678890705,9.764084361691391e-05
