Algorithm,Log Source,Log,MRID,Epsilon,Detected Changepoints,Actual Changepoints for Log,F1-Score,Average Lag,Duration,Duration (Seconds),Seconds per Case
Zheng DBSCAN,without_noise,log_31_1687181960,500,150.0,"[658.0, 1027.4347826086957, 1988.857142857143, 2300.0, 2683.0, 3182.0, 3496.1428571428573]","[1043, 1868, 2070, 3338, 3677]",0.6666666666666666,108.39130434782601,00:00:02,2.661127069965005,0.0006178609403215706
