Algorithm,Log Source,Log,MRID,Epsilon,Detected Changepoints,Actual Changepoints for Log,F1-Score,Average Lag,Duration,Duration (Seconds),Seconds per Case
Zheng DBSCAN,with_noise_20,log_69_1687182027,400,120.0,"[750.1481481481482, 1657.5666666666666, 2774.0666666666666, 3609.222222222222, 3915.3333333333335, 4143.0]","[1354, 1741, 2389, 2676, 3199]",0.3636363636363636,90.75,00:00:01,1.4026599992066622,0.00033206912860006207
