Algorithm,Log Source,Log,MRID,Epsilon,Detected Changepoints,Actual Changepoints for Log,F1-Score,Average Lag,Duration,Duration (Seconds),Seconds per Case
Zheng DBSCAN,with_noise_15,log_13_1687181932,300,120.0,"[385.4, 684.6666666666666, 1031.0, 1343.0, 1660.0, 1970.6666666666667, 2255.8, 2704.5, 3122.0, 3639.0, 3877.0, 4196.0]","[627, 835, 1407, 2856, 3239]",0.5882352941176471,117.23333333333332,00:00:00,0.20943658705800772,4.7170402490542276e-05
