Algorithm,Log Source,Log,MRID,Epsilon,Detected Changepoints,Actual Changepoints for Log,F1-Score,Average Lag,Duration,Duration (Seconds),Seconds per Case
Zheng DBSCAN,with_noise_15,log_26_1687181951,300,60.0,"[434.6111111111111, 644.2, 897.6190476190476, 1479.3829787234042, 1901.25, 2072.0, 2329.8333333333335, 2499.0, 2586.5, 2690.5]","[1394, 1683]",0.16666666666666669,85.38297872340422,00:00:00,0.2648019678890705,9.764084361691391e-05
