Algorithm,Log Source,Log,MRID,Epsilon,Detected Changepoints,Actual Changepoints for Log,F1-Score,Average Lag,Duration,Duration (Seconds),Seconds per Case
Zheng DBSCAN,with_noise_10,log_67_1687182023,400,40.0,"[483.1818181818182, 620.0, 708.0, 785.25, 861.0, 919.0, 1003.5, 1072.3333333333333, 1239.090909090909, 1418.5, 1597.888888888889, 1793.6666666666667, 1971.6666666666667, 2132.375, 2318.6, 2435.6, 2497.5, 2627.3333333333335, 2776.5, 2943.6363636363635, 3277.55, 3461.0, 3519.0, 3614.4, 3731.0, 3781.0, 3949.3846153846152, 4049.0, 4109.0, 4302.0, 4422.0]","[933, 1145, 2289, 3129]",0.2285714285714286,66.20416666666671,00:00:00,0.446539263240993,0.00010045877688211317
