Algorithm,Log Source,Log,MRID,Epsilon,Detected Changepoints,Actual Changepoints for Log,F1-Score,Average Lag,Duration,Duration (Seconds),Seconds per Case
Zheng DBSCAN,with_noise_10,log_83_1692952563,500,50.0,"[506.10169491525426, 1095.338028169014, 1960.9516129032259, 4164.980555555556, 6741.799295774648, 8271.875]","[1140, 2294, 3652, 5073, 6291, 6948]",0.16666666666666666,44.661971830985976,00:00:03,3.640901094302535,0.00043629731507519894
