Algorithm,Log Source,Log,MRID,Epsilon,Detected Changepoints,Actual Changepoints for Log,F1-Score,Average Lag,Duration,Duration (Seconds),Seconds per Case
Zheng DBSCAN,with_noise_10,log_48_1692952401,500,100.0,"[652.6666666666666, 816.0, 1123.375, 1628.125, 2332.15, 2789.0, 2945.5, 3262.85, 3601.0, 3931.0, 4195.333333333333, 4646.318181818182, 5188.214285714285, 5524.714285714285, 5929.0]","[1100, 2192, 3088, 4584]",0.4210526315789474,92.08579545454552,00:00:00,0.761340394616127,0.00012613326617232057
