Algorithm,Log Source,Log,MRID,Epsilon,Detected Changepoints,Actual Changepoints for Log,F1-Score,Average Lag,Duration,Duration (Seconds),Seconds per Case
Zheng DBSCAN,without_noise,log_87_1687182053,300,90.0,"[447.2, 895.9, 1380.421052631579, 1715.2142857142858, 2105.0, 2351.1666666666665, 2561.0, 2866.964285714286, 3319.0, 3648.6451612903224, 4114.0, 4292.0, 4402.0, 4552.0]","[1385, 2862, 3527, 3777]",0.3333333333333333,43.729464791009754,00:00:01,1.2346838554367423,0.0002698762525544792
