Algorithm,Log Source,Log,MRID,Epsilon,Detected Changepoints,Actual Changepoints for Log,F1-Score,Average Lag,Duration,Duration (Seconds),Seconds per Case
Zheng DBSCAN,with_noise_10,log_48_1692952401,500,250.0,"[1205.6, 4004.5315315315315]","[1100, 2192, 3088, 4584]",0.3333333333333333,105.59999999999991,00:00:00,0.761340394616127,0.00012613326617232057
