Algorithm,Log Source,Log,MRID,Epsilon,Detected Changepoints,Actual Changepoints for Log,F1-Score,Average Lag,Duration,Duration (Seconds),Seconds per Case
Zheng DBSCAN,with_noise_10,log_63_1692952460,600,120.0,"[1444.1923076923076, 2374.0, 3210.637931034483, 4489.607142857143, 5026.6, 5377.875, 5707.5]","[1145, 1912, 2997, 4472]",0.18181818181818182,17.607142857143117,00:00:00,0.8962748870253563,0.00015595526135816189
