Algorithm,Log Source,Log,MRID,Epsilon,Detected Changepoints,Actual Changepoints for Log,F1-Score,Average Lag,Duration,Duration (Seconds),Seconds per Case
Zheng DBSCAN,with_noise_15,log_91_1687182059,800,320.0,[2625.9283536585367],"[806, 1021, 2361, 2754, 3407, 3685]",0.2857142857142857,128.0716463414633,00:00:04,4.039160227403045,0.0007855231869706427
