Algorithm,Log Source,Log,MRID,Epsilon,Detected Changepoints,Actual Changepoints for Log,F1-Score,Average Lag,Duration,Duration (Seconds),Seconds per Case
Zheng DBSCAN,with_noise_5,log_42_1692952376,600,120.0,"[929.0, 1589.75, 1948.0, 2445.0, 2616.0, 2814.0, 2944.0, 3263.0, 3472.75, 3891.5454545454545, 4401.5, 4591.5, 4910.333333333333, 5235.0, 5481.0, 5658.0, 5849.5, 6741.777777777777, 7074.666666666667, 7484.0, 7878.916666666667, 8089.0, 8378.2, 9043.5, 9426.5, 9762.333333333334, 10302.0, 10602.333333333334, 11038.0, 11258.0, 11498.0, 11799.0, 12114.0, 12353.333333333334, 12590.0, 12804.0, 13093.714285714286, 13472.0, 13772.0]","[1465, 2388, 3805, 4827, 5718, 6808, 7871, 8414, 9656, 10599, 11897, 12538]",0.47058823529411764,65.10286195286203,00:00:00,0.9968429002910852,7.163286147535823e-05
