Algorithm,Log Source,Log,MRID,Epsilon,Detected Changepoints,Actual Changepoints for Log,F1-Score,Average Lag,Duration,Duration (Seconds),Seconds per Case
Zheng DBSCAN,with_noise_10,log_79_1692952552,300,30.0,"[355.0, 386.0, 477.0, 516.0, 612.2727272727273, 756.625, 837.8571428571429, 907.0, 945.5, 1089.0, 1123.5, 1178.0, 1255.0, 1330.4444444444443, 1439.5714285714287, 1540.5, 1635.8333333333333, 1758.8, 1857.0, 1906.6666666666667, 1969.8, 2059.2, 2115.5, 2267.0, 2313.3333333333335, 2421.5714285714284, 2537.75, 2602.0, 2700.8571428571427, 2804.75, 2888.6666666666665, 2983.5, 3063.75, 3133.0, 3262.0, 3309.0, 3429.75, 3546.0, 3581.0, 3623.0, 3705.0, 3762.0, 3810.6666666666665, 3923.0, 4000.0, 4093.6, 4150.5, 4321.266666666666, 4515.75, 4650.25, 4727.5, 4844.875, 5010.2, 5100.0, 5165.0, 5222.333333333333, 5340.5, 5459.0, 5526.5, 5573.0]","[1364, 2681, 3924, 4512]",0.125,14.54067460317458,00:00:00,0.4994884002953768,8.838938246246271e-05
