Algorithm,Log Source,Log,MRID,Epsilon,Detected Changepoints,Actual Changepoints for Log,F1-Score,Average Lag,Duration,Duration (Seconds),Seconds per Case
Zheng DBSCAN,with_noise_15,log_11_1687181931,300,60.0,"[379.0, 541.0, 761.0, 854.0, 1029.090909090909, 1340.6666666666667, 1546.5]",[1012],0.25,17.09090909090901,00:00:00,0.21068690065294504,0.00012429905643241595
