Algorithm,Log Source,Log,MRID,Epsilon,Detected Changepoints,Actual Changepoints for Log,F1-Score,Average Lag,Duration,Duration (Seconds),Seconds per Case
Zheng DBSCAN,with_noise_5,log_49_1692952403,300,120.0,"[830.1, 1766.8, 3163.9514563106795, 6589.565737051793, 10653.880952380952, 12268.333333333334]","[1207, 2115, 3260, 3826, 4852, 5704, 6865, 8311, 8890, 10017, 10880]",0.11764705882352942,96.04854368932047,00:00:01,1.169267762452364,9.503923940927936e-05
