Algorithm,Log Source,Log,MRID,Epsilon,Detected Changepoints,Actual Changepoints for Log,F1-Score,Average Lag,Duration,Duration (Seconds),Seconds per Case
Zheng DBSCAN,with_noise_5,log_39_1692952369,400,40.0,"[436.6666666666667, 531.8333333333334, 790.1481481481482, 1197.6, 1362.4, 1602.8695652173913, 1903.4705882352941, 2045.5, 2288.6, 2610.470588235294, 2726.25, 2822.1, 2921.1666666666665, 3047.9411764705883, 3252.25, 3508.9333333333334, 3723.88, 3857.5, 4021.935483870968, 4684.079545454545, 5355.441176470588, 5619.809523809524, 5762.0, 5867.833333333333, 5972.2, 6107.0]","[1365, 2662, 3350, 4753]",0.2666666666666667,55.19996657754018,00:00:01,1.1543400753289461,0.000187850297042953
