Algorithm,Log Source,Log,MRID,Epsilon,Detected Changepoints,Actual Changepoints for Log,F1-Score,Average Lag,Duration,Duration (Seconds),Seconds per Case
Zheng DBSCAN,without_noise,log_87_1687182053,300,60.0,"[376.0, 536.75, 651.0, 773.5, 919.6666666666666, 1035.3333333333333, 1380.421052631579, 1521.6666666666667, 1616.0, 1772.6666666666667, 1878.0, 2021.6666666666667, 2123.0, 2212.0, 2351.1666666666665, 2561.0, 2718.8333333333335, 2896.4285714285716, 3137.0, 3319.0, 3437.0, 3638.5, 3853.0, 3940.0, 4055.0, 4173.0, 4292.0, 4402.0, 4552.0]","[1385, 2862, 3527, 3777]",0.2424242424242424,51.25187969924815,00:00:01,1.2346838554367423,0.0002698762525544792
