Algorithm,Log Source,Log,MRID,Epsilon,Detected Changepoints,Actual Changepoints for Log,F1-Score,Average Lag,Duration,Duration (Seconds),Seconds per Case
Zheng DBSCAN,with_noise_10,log_52_1687182004,500,50.0,"[555.0, 694.6666666666666, 790.0, 908.0, 983.6, 1066.0, 1131.0, 1230.3333333333333, 1324.0, 1384.5, 1456.6666666666667, 1543.5, 1643.6666666666667, 1804.0, 1884.0, 2115.0, 2220.0, 2308.0, 2407.0, 2564.0, 2691.3333333333335, 2758.0, 2924.5]","[1221, 1560]",0.16,12.916666666666629,00:00:00,0.28537706192582846,9.696808084465799e-05
