Algorithm,Log Source,Log,MRID,Epsilon,Detected Changepoints,Actual Changepoints for Log,F1-Score,Average Lag,Duration,Duration (Seconds),Seconds per Case
Zheng DBSCAN,with_noise_5,log_62_1687182017,400,40.0,"[612.1780821917808, 1036.857142857143, 1243.7692307692307, 1438.6666666666667, 1559.6666666666667]",[540],0.33333333333333337,72.17808219178085,00:00:00,0.4629583144560456,0.000288627378089804
