Algorithm,Log Source,Log,MRID,Epsilon,Detected Changepoints,Actual Changepoints for Log,F1-Score,Average Lag,Duration,Duration (Seconds),Seconds per Case
Zheng DBSCAN,without_noise,log_17_1692952221,400,160.0,"[1443.0, 2771.0, 3487.0, 4829.25, 6094.857142857143, 6710.0]","[1444, 2772, 3489, 4826, 6062, 6751]",1.0,13.517857142857187,00:00:02,2.1434302665293217,0.0002675274920780481
