Algorithm,Log Source,Log,MRID,Epsilon,Detected Changepoints,Actual Changepoints for Log,F1-Score,Average Lag,Duration,Duration (Seconds),Seconds per Case
Zheng DBSCAN,with_noise_10,log_17_1687181934,500,100.0,"[764.0, 999.5, 1493.5, 1993.25, 2312.6153846153848, 3172.1162790697676, 3981.346153846154, 4522.25, 4755.4]","[975, 1309, 2437, 2652, 3899]",0.5714285714285714,103.93269230769226,00:00:01,1.7174683874472976,0.00035280780350190993
