Algorithm,Log Source,Log,MRID,Epsilon,Detected Changepoints,Actual Changepoints for Log,F1-Score,Average Lag,Duration,Duration (Seconds),Seconds per Case
Zheng DBSCAN,with_noise_5,log_42_1692952376,400,80.0,"[416.0, 533.3333333333334, 833.0, 929.0, 1331.3333333333333, 1561.0, 1676.0, 1814.0, 1968.3333333333333, 2108.0, 2467.5, 2616.0, 2814.0, 2943.5, 3049.0, 3263.0, 3478.1666666666665, 3821.0, 4106.5, 4207.0, 4407.4, 4598.25, 4933.153846153846, 5240.0, 5382.666666666667, 5505.0, 5658.333333333333, 5867.833333333333, 6043.5, 6184.0, 6457.0, 6712.466666666666, 7036.142857142857, 7204.0, 7293.5, 7523.6, 7867.117647058823, 8089.0, 8368.625, 8849.0, 9043.5, 9277.6, 9426.5, 9739.666666666666, 9910.5, 10302.0, 10565.8, 10746.0, 11040.333333333334, 11225.333333333334, 11498.0, 11762.6, 12114.0, 12305.142857142857, 12557.333333333334, 12723.0, 12804.0, 12888.0, 12992.333333333334, 13105.5, 13242.0, 13360.0, 13472.5, 13748.75, 13900.0]","[1465, 2388, 3805, 4827, 5718, 6808, 7871, 8414, 9656, 10599, 11897, 12538]",0.3116883116883117,64.39259992458528,00:00:01,1.048566296696663,7.534969076578492e-05
