Algorithm,Log Source,Log,MRID,Epsilon,Detected Changepoints,Actual Changepoints for Log,F1-Score,Average Lag,Duration,Duration (Seconds),Seconds per Case
Zheng DBSCAN,with_noise_10,log_7_1692952178,600,120.0,"[674.3333333333334, 939.3333333333334, 1237.0, 1537.75, 1780.5, 2282.5384615384614, 2856.7, 3300.6666666666665, 3706.8, 4193.714285714285, 4510.666666666667, 4883.166666666667, 5212.0, 5617.333333333333, 5886.333333333333, 6150.666666666667, 6496.142857142857, 6996.111111111111, 7352.4, 7625.0, 7747.0, 8017.0, 8603.133333333333, 9183.0, 9362.333333333334, 9667.42857142857, 10071.666666666666, 10396.0, 10691.0, 10959.75, 11207.5, 11700.2, 12272.75, 12603.666666666666, 13057.555555555555, 13517.0, 13701.0, 13868.0, 14051.0, 14520.0, 14667.0, 15356.0, 15984.0, 16288.0, 16446.0, 17080.5, 17321.333333333332, 17492.0, 17668.5, 17957.0, 18114.0, 18250.0]","[1311, 2256, 3605, 4597, 5681, 6939, 8352, 9584, 10457, 11681, 12486, 13960, 14957, 16422, 17190]",0.3880597014925373,70.40344698037003,00:00:02,2.0001986883580685,0.00010949193608266194
