Algorithm,Log Source,Log,MRID,Epsilon,Detected Changepoints,Actual Changepoints for Log,F1-Score,Average Lag,Duration,Duration (Seconds),Seconds per Case
Zheng DBSCAN,with_noise_20,log_1_1687181916,800,80.0,"[873.0, 1207.0, 1380.0, 1626.0, 1763.0, 2119.5, 2298.0, 2395.0, 2498.0, 2649.0, 3024.0, 3122.0, 3218.5, 3463.5833333333335, 3790.5, 3935.0, 4101.0, 4501.727272727273]","[1292, 2437, 3613]",0.2857142857142857,92.13888888888884,00:00:01,1.3055673018097878,0.00027531997085824286
