Algorithm,Log Source,Log,MRID,Epsilon,Detected Changepoints,Actual Changepoints for Log,F1-Score,Average Lag,Duration,Duration (Seconds),Seconds per Case
Zheng DBSCAN,with_noise_5,log_98_1692952636,600,60.0,"[708.5, 975.0, 1127.5, 1285.6666666666667, 1525.7368421052631, 1766.0, 1954.0, 2062.5, 2254.75, 2441.5, 2537.0, 2642.3333333333335, 2747.0, 2880.0, 3128.3, 3376.5, 3645.277777777778, 3973.0, 4129.0, 4207.5, 4302.5, 4402.0, 4653.909090909091, 4953.666666666667, 5099.0, 5274.916666666667, 5471.0, 5779.0, 6128.909090909091, 6264.0, 6497.875, 6709.5, 6936.625, 7190.0, 7551.2, 7748.0, 7903.75, 8126.0, 8224.5, 8328.0, 8439.0, 8586.333333333334, 8655.0, 8898.95, 9144.0, 9278.0, 9419.5, 9509.0, 9575.666666666666, 9689.142857142857, 9874.6, 10127.0, 10265.25, 10422.0, 10546.0, 10643.0, 10774.5, 11015.5]","[1161, 2070, 3547, 4627, 5403, 6514, 7405, 8737, 9638]",0.26865671641791045,58.850525092191724,00:00:01,1.7863249313086271,0.0001610607638002549
