Algorithm,Log Source,Log,MRID,Epsilon,Detected Changepoints,Actual Changepoints for Log,F1-Score,Average Lag,Duration,Duration (Seconds),Seconds per Case
Zheng DBSCAN,with_noise_5,log_31_1687181960,600,60.0,"[1569.1946666666668, 3598.3513513513512]","[1043, 1868, 2070, 3338, 3677]",0.28571428571428575,78.64864864864876,00:00:02,2.9780500503256917,0.0006914441723533067
