Algorithm,Log Source,Log,MRID,Epsilon,Detected Changepoints,Actual Changepoints for Log,F1-Score,Average Lag,Duration,Duration (Seconds),Seconds per Case
Zheng DBSCAN,with_noise_10,log_7_1687181925,500,50.0,"[2289.0, 2398.0, 2812.0, 2977.0, 3057.5, 3288.0, 3585.0, 3652.0, 4130.0, 4213.0, 4520.0]","[920, 1720, 2103, 3052, 3413]",0.37499999999999994,105.5,00:00:00,0.5306335957720876,0.00011168882251569934
