Algorithm,Log Source,Log,MRID,Epsilon,Detected Changepoints,Actual Changepoints for Log,F1-Score,Average Lag,Duration,Duration (Seconds),Seconds per Case
Zheng DBSCAN,with_noise_10,log_23_1687181942,400,120.0,[2740.41280148423],"[859, 1255, 2629, 4001, 4377]",0.33333333333333337,111.41280148422993,00:00:03,3.618091727606952,0.0006524962538515693
