Algorithm,Log Source,Log,MRID,Epsilon,Detected Changepoints,Actual Changepoints for Log,F1-Score,Average Lag,Duration,Duration (Seconds),Seconds per Case
Zheng DBSCAN,with_noise_15,log_24_1687181949,400,40.0,"[411.5, 647.0, 778.0, 852.0, 1028.0, 1135.0, 1196.0, 1252.0, 1371.0, 1453.0, 1561.0, 1644.0, 1698.0, 1864.0, 1914.5, 2020.0, 2209.0]","[994, 1238]",0.21052631578947367,24.0,00:00:00,0.29504891857504845,0.00012263047322321215
