Algorithm,Log Source,Log,MRID,Epsilon,Detected Changepoints,Actual Changepoints for Log,F1-Score,Average Lag,Duration,Duration (Seconds),Seconds per Case
Zheng DBSCAN,with_noise_5,log_62_1692952457,500,50.0,"[528.0, 593.5, 667.0, 718.0, 801.0, 876.2, 1035.5, 1120.0, 1171.0, 1276.0, 1352.0, 1449.4, 1613.0, 1680.0, 1853.2222222222222, 2137.5, 2256.8571428571427, 2390.0, 2500.0, 2595.0, 2758.5, 2882.5, 2964.0, 3016.0, 3079.0, 3146.0, 3317.3333333333335, 3478.5, 3665.5, 3742.0, 3828.0, 3946.0, 4033.3333333333335, 4126.0, 4187.0, 4276.5, 4498.5, 4577.5, 4739.0, 4831.0, 4907.5, 5211.571428571428, 5377.5, 5467.75, 5566.5, 5620.0, 5766.5, 5917.4, 6051.75, 6247.333333333333, 6385.666666666667, 6491.0, 6577.0, 6691.0, 6781.0, 6915.0, 7016.333333333333, 7186.25, 7306.0, 7382.0, 7676.333333333333, 7933.2, 8302.166666666666, 8404.0, 8467.0, 8572.5, 8836.285714285714, 8991.125, 9168.0, 9395.25, 9543.5]","[1344, 2257, 3301, 4214, 5614, 6547, 7639, 8311]",0.20253164556962025,16.705357142857224,00:00:01,1.049863850697875,0.00010917885302598534
