Algorithm,Log Source,Log,MRID,Epsilon,Detected Changepoints,Actual Changepoints for Log,F1-Score,Average Lag,Duration,Duration (Seconds),Seconds per Case
Zheng DBSCAN,without_noise,log_70_1692952508,600,60.0,"[780.0, 1167.5, 1441.3333333333333, 1593.5, 1697.0, 2002.0, 3162.2, 3353.0, 3506.0, 3617.0, 3699.0, 3908.5714285714284, 4065.0, 4144.5, 4253.5, 4328.0, 4588.5, 4865.0, 4991.0, 5181.5, 5372.111111111111, 5587.0, 5681.0, 5874.6]","[1422, 2050, 3140, 3964, 5285, 5909]",0.4,44.41216931216926,00:00:01,1.186795212328434,0.00016353799260416618
