Algorithm,Log Source,Log,MRID,Epsilon,Detected Changepoints,Actual Changepoints for Log,F1-Score,Average Lag,Duration,Duration (Seconds),Seconds per Case
Zheng DBSCAN,with_noise_10,log_43_1687181986,500,50.0,"[545.0833333333334, 1060.4594594594594, 1828.7671232876712, 2683.2626262626263, 3596.194029850746, 3975.0, 4162.133333333333]","[979, 1204, 2415, 2632, 3669]",0.5,68.5093519571132,00:00:02,2.5214512208476663,0.0005872033583716037
