Algorithm,Log Source,Log,MRID,Epsilon,Detected Changepoints,Actual Changepoints for Log,F1-Score,Average Lag,Duration,Duration (Seconds),Seconds per Case
Zheng DBSCAN,with_noise_5,log_23_1692952259,300,90.0,"[399.4, 796.5714285714286, 948.5, 1149.857142857143, 1413.6666666666667, 1716.8125, 3014.279069767442, 4316.818181818182, 4790.142857142857, 5163.5, 5475.857142857143, 5714.0, 5890.333333333333, 6607.675675675676, 7270.333333333333, 7603.291666666667, 8071.0, 8240.285714285714, 8628.0, 8897.666666666666, 9377.655172413793, 9993.7, 10413.066666666668, 10665.0, 10835.5, 11419.34375, 12266.681818181818, 12851.3125, 13362.285714285714, 13699.0, 13822.0]","[1464, 2335, 3773, 4539, 5637, 6477, 7514, 8662, 9652, 10998, 11610, 12811]",0.37209302325581395,96.84617820945951,00:00:01,1.5104824285954237,0.00010921781840892435
