Algorithm,Log Source,Log,MRID,Epsilon,Detected Changepoints,Actual Changepoints for Log,F1-Score,Average Lag,Duration,Duration (Seconds),Seconds per Case
Zheng DBSCAN,with_noise_5,log_88_1687182055,600,120.0,"[711.8, 987.3076923076923, 1487.4166666666667, 2067.3684210526317, 2724.409090909091, 3419.3333333333335, 3854.0, 4115.666666666667]","[1401, 1950, 2206, 3218, 3462]",0.4615384615384615,82.15058479532165,00:00:00,0.6828438714146614,0.00016040494982726367
