Algorithm,Log Source,Log,MRID,Epsilon,Detected Changepoints,Actual Changepoints for Log,F1-Score,Average Lag,Duration,Duration (Seconds),Seconds per Case
Zheng DBSCAN,with_noise_10,log_41_1687181983,300,30.0,"[320.0, 396.5, 496.0, 582.5, 712.0, 915.0, 955.0, 1125.0, 1209.0, 1277.6666666666667, 1424.0, 1479.0, 1549.6666666666667, 1613.5, 1745.0, 1779.0, 1813.0, 1851.5, 1992.8, 2205.0, 2390.75, 2489.0, 2569.0, 2644.0, 2695.0, 2754.0, 2815.0, 2911.0, 3022.0, 3097.0, 3143.0, 3201.0, 3292.0, 3343.2, 3450.0, 3565.0, 3688.2, 3820.0, 3855.5, 3895.0, 3983.0, 4044.5, 4145.5, 4259.75, 4330.0, 4437.0, 4607.0, 4743.333333333333]","[601, 890, 2386, 2718, 3227, 3580]",0.2222222222222222,18.708333333333332,00:00:00,0.6798317357897758,0.00014198657806804006
