Algorithm,Log Source,Log,MRID,Epsilon,Detected Changepoints,Actual Changepoints for Log,F1-Score,Average Lag,Duration,Duration (Seconds),Seconds per Case
Zheng DBSCAN,with_noise_10,log_32_1687181966,500,50.0,"[522.9285714285714, 759.7872340425532, 1173.1538461538462, 1566.375, 1981.1666666666667, 2243.720930232558, 2761.6666666666665]","[1402, 1725]",0.22222222222222224,158.625,00:00:00,0.748021830804646,0.0002473617165359279
