Algorithm,Log Source,Log,MRID,Epsilon,Detected Changepoints,Actual Changepoints for Log,F1-Score,Average Lag,Duration,Duration (Seconds),Seconds per Case
Zheng DBSCAN,with_noise_5,log_85_1692952576,300,30.0,"[387.6666666666667, 459.0, 539.0, 587.0, 654.2, 938.2, 1024.8, 1113.0, 1198.5, 1295.5, 1354.0, 1400.5, 1465.0, 1559.2857142857142, 1659.5, 1736.0, 1776.25, 1832.5, 1878.0, 1944.0, 2004.3333333333333, 2093.3, 2290.0, 2368.0, 2551.8888888888887, 2677.0, 2712.0, 2778.3333333333335, 2870.0, 2961.25, 3002.0, 3151.1666666666665, 3223.5, 3263.0, 3311.3333333333335, 3465.9565217391305, 3605.0, 3725.846153846154, 3837.5, 3877.3333333333335, 3924.5, 4094.5, 4309.909090909091, 4420.0, 4509.5, 4585.5, 4662.0, 4704.0, 4748.0, 4829.875, 4928.4, 5011.25, 5204.4375, 5337.5, 5411.5, 5503.666666666667, 5579.5, 5639.0, 5803.714285714285, 5870.5, 5964.0, 6121.5, 6197.5, 6233.0, 6283.0, 6343.0, 6409.0, 6449.0, 6492.5, 6531.333333333333, 6617.090909090909, 6721.5, 6804.333333333333, 6882.5, 7079.166666666667, 7152.0, 7207.0, 7268.285714285715, 7317.0, 7349.0, 7490.0, 7549.0, 7589.0, 7652.625, 7752.333333333333, 7862.0, 7923.571428571428, 7991.4, 8061.333333333333, 8130.0, 8208.0, 8413.25, 8607.0, 8682.0, 8776.5, 8925.833333333334, 9010.4, 9085.666666666666, 9131.333333333334, 9172.0, 9234.333333333334, 9294.333333333334, 9346.0, 9428.333333333334, 9465.0, 9565.0, 9766.25]","[1459, 1990, 3383, 4503, 5074, 6148, 6878, 8310]",0.1391304347826087,36.78124999999997,00:00:00,0.832320062443614,8.5026056026521e-05
