Algorithm,Log Source,Log,MRID,Epsilon,Detected Changepoints,Actual Changepoints for Log,F1-Score,Average Lag,Duration,Duration (Seconds),Seconds per Case
Zheng DBSCAN,with_noise_10,log_68_1687182024,600,300.0,[2229.2802547770702],"[896, 1272, 1818, 2030, 2923, 3240]",0.2857142857142857,199.28025477707024,00:00:02,2.0488567734137177,0.00045358795072254104
