Algorithm,Log Source,Log,MRID,Epsilon,Detected Changepoints,Actual Changepoints for Log,F1-Score,Average Lag,Duration,Duration (Seconds),Seconds per Case
Zheng DBSCAN,with_noise_15,log_42_1687181985,300,30.0,"[356.75, 432.27272727272725, 547.0, 646.25, 825.1363636363636, 1084.5, 1198.0, 1318.8333333333333, 1425.5, 1580.25, 1715.0, 1804.142857142857, 1901.5, 2032.111111111111, 2146.0, 2198.6666666666665, 2314.25, 2378.0, 2412.0, 2491.5, 2553.0]","[1494, 1841]",0.17391304347826084,52.678571428571445,00:00:00,0.2332591637969017,9.090380506504353e-05
