Algorithm,Log Source,Log,MRID,Epsilon,Detected Changepoints,Actual Changepoints for Log,F1-Score,Average Lag,Duration,Duration (Seconds),Seconds per Case
Zheng DBSCAN,with_noise_5,log_78_1687182040,500,50.0,"[500.0, 663.5, 776.0, 1034.0, 1154.3333333333333, 1349.0, 1459.5, 1570.0, 1719.6666666666667, 1959.0, 2231.5]",[743],0.16666666666666669,33.0,00:00:00,0.2235308913514018,9.996909273318507e-05
