Algorithm,Log Source,Log,MRID,Epsilon,Detected Changepoints,Actual Changepoints for Log,F1-Score,Average Lag,Duration,Duration (Seconds),Seconds per Case
Zheng DBSCAN,with_noise_15,log_59_1687182010,500,50.0,"[618.2777777777778, 904.3125, 1414.0384615384614, 2028.1333333333334, 2354.0, 2577.5, 2756.5, 3164.12, 3780.769230769231]","[788, 1187, 2051, 3036, 3241]",0.42857142857142855,72.01972222222223,00:00:02,2.254084183834493,0.0005833551200399826
