Algorithm,Log Source,Log,MRID,Epsilon,Detected Changepoints,Actual Changepoints for Log,F1-Score,Average Lag,Duration,Duration (Seconds),Seconds per Case
Zheng DBSCAN,with_noise_5,log_41_1687181983,400,120.0,"[857.7045454545455, 2832.935483870968, 4636.777777777777]","[601, 890, 2386, 2718, 3227, 3580]",0.4444444444444444,73.61546920821115,00:00:00,0.3478930313140154,7.265936326524966e-05
