Algorithm,Log Source,Log,MRID,Epsilon,Detected Changepoints,Actual Changepoints for Log,F1-Score,Average Lag,Duration,Duration (Seconds),Seconds per Case
Zheng DBSCAN,with_noise_5,log_83_1687182046,800,400.0,"[1208.0, 1881.3333333333333, 2785.6]","[1171, 1687, 2573, 2813]",0.8571428571428571,86.24444444444445,00:00:00,0.3310724887996912,9.085414072439386e-05
