Algorithm,Log Source,Log,MRID,Epsilon,Detected Changepoints,Actual Changepoints for Log,F1-Score,Average Lag,Duration,Duration (Seconds),Seconds per Case
Zheng DBSCAN,without_noise,log_78_1692952551,300,150.0,"[334.5, 1248.1206896551723, 2358.9166666666665, 2874.0]","[1057, 1576]",0.3333333333333333,191.12068965517233,00:00:01,1.0000636894255877,0.0003417852663792166
