Algorithm,Log Source,Log,MRID,Epsilon,Detected Changepoints,Actual Changepoints for Log,F1-Score,Average Lag,Duration,Duration (Seconds),Seconds per Case
Zheng DBSCAN,with_noise_15,log_35_1687181968,800,80.0,"[948.1111111111111, 1370.3333333333333, 1660.0, 1801.0, 1941.5, 2112.0, 2287.777777777778, 2495.5, 2704.0, 2891.0, 3506.185185185185, 4058.3333333333335, 4332.625, 4651.375, 4957.0, 5041.0, 5246.5, 5383.0]","[842, 1057, 2418, 2651, 3788, 4180]",0.3333333333333333,89.5694444444444,00:00:00,0.8964515263214707,0.00015965298776873923
