Algorithm,Log Source,Log,MRID,Epsilon,Detected Changepoints,Actual Changepoints for Log,F1-Score,Average Lag,Duration,Duration (Seconds),Seconds per Case
Zheng DBSCAN,with_noise_5,log_96_1687182073,400,80.0,"[555.5714285714286, 1040.6538461538462, 1453.0, 1775.45, 2271.4666666666667, 2683.4444444444443, 2932.3333333333335, 3086.0, 3320.5, 3624.5, 3783.714285714286]","[805, 1076, 1645, 1910, 2579, 2949]",0.5882352941176471,96.60145299145293,00:00:00,0.4957435205578804,0.00012023854488427854
