Algorithm,Log Source,Log,MRID,Epsilon,Detected Changepoints,Actual Changepoints for Log,F1-Score,Average Lag,Duration,Duration (Seconds),Seconds per Case
Zheng DBSCAN,with_noise_10,log_87_1692952585,600,300.0,"[1046.0, 4650.561643835616, 7395.8, 7927.0, 8232.0, 8650.0]","[1372, 2863, 3391, 4735, 5393, 6760, 7388]",0.30769230769230765,46.119178082191866,00:00:00,0.7544662412256002,8.523116145793044e-05
