Algorithm,Log Source,Log,MRID,Epsilon,Detected Changepoints,Actual Changepoints for Log,F1-Score,Average Lag,Duration,Duration (Seconds),Seconds per Case
Zheng DBSCAN,with_noise_15,log_35_1687181968,300,30.0,"[358.57142857142856, 441.5, 649.7954545454545, 1038.0851063829787, 1302.0, 1521.159090909091, 1903.1290322580646, 2109.0, 2263.925925925926, 2466.1052631578946, 2715.404761904762, 3086.0238095238096, 3372.5666666666666, 3621.6923076923076, 3820.8695652173915, 4213.926470588235, 4552.214285714285, 4947.808823529412, 5394.346153846154, 5571.666666666667]","[842, 1057, 2418, 2651, 3788, 4180]",0.4615384615384615,65.07091665664166,00:00:00,0.9138939492404461,0.0001627593854390821
