Algorithm,Log Source,Log,MRID,Epsilon,Detected Changepoints,Actual Changepoints for Log,F1-Score,Average Lag,Duration,Duration (Seconds),Seconds per Case
Zheng DBSCAN,with_noise_10,log_52_1687182004,300,30.0,"[342.3333333333333, 462.0, 585.0, 652.0, 730.0, 761.0, 834.5, 927.8, 993.0, 1167.0, 1229.6666666666667, 1324.0, 1376.0, 1416.0, 1524.5, 1703.0, 1737.0, 1950.0, 2016.5, 2079.0, 2170.0, 2213.0, 2329.0, 2518.0, 2579.0, 2778.0, 2825.0]","[1221, 1560]",0.13793103448275862,22.08333333333337,00:00:00,0.2737441333010793,9.301533581416217e-05
