Algorithm,Log Source,Log,MRID,Epsilon,Detected Changepoints,Actual Changepoints for Log,F1-Score,Average Lag,Duration,Duration (Seconds),Seconds per Case
Zheng DBSCAN,with_noise_10,log_7_1687181925,600,60.0,"[876.0, 1164.0, 1362.3333333333333, 1465.0, 1804.6666666666667, 1891.0, 1972.0, 2035.5, 2134.0, 2264.3333333333335, 2451.0, 2635.0, 2744.3333333333335, 3032.5, 3241.3333333333335, 3492.25, 3831.0, 4007.625, 4616.0, 4710.0]","[920, 1720, 2103, 3052, 3413]",0.4,51.68333333333335,00:00:00,0.5733053451403975,0.0001206704578279094
