Algorithm,Log Source,Log,MRID,Epsilon,Detected Changepoints,Actual Changepoints for Log,F1-Score,Average Lag,Duration,Duration (Seconds),Seconds per Case
Zheng DBSCAN,with_noise_10,log_40_1687181982,800,320.0,"[995.3076923076923, 1724.3333333333333, 2357.214285714286, 3448.3333333333335, 4328.0]","[1205, 2115, 3442]",0.25,6.333333333333485,00:00:00,0.6224307911470532,0.00013847181115618536
