Algorithm,Log Source,Log,MRID,Epsilon,Detected Changepoints,Actual Changepoints for Log,F1-Score,Average Lag,Duration,Duration (Seconds),Seconds per Case
Zheng DBSCAN,with_noise_20,log_37_1687181973,400,120.0,"[567.7948717948718, 1532.4864864864865]",[1428],0.6666666666666666,104.48648648648646,00:00:00,0.6919447835534811,0.0003345961235751843
