Algorithm,Log Source,Log,MRID,Epsilon,Detected Changepoints,Actual Changepoints for Log,F1-Score,Average Lag,Duration,Duration (Seconds),Seconds per Case
Zheng DBSCAN,with_noise_10,log_67_1687182023,400,120.0,"[2222.0248447204967, 4362.0]","[933, 1145, 2289, 3129]",0.3333333333333333,66.97515527950327,00:00:00,0.446539263240993,0.00010045877688211317
