Algorithm,Log Source,Log,MRID,Epsilon,Detected Changepoints,Actual Changepoints for Log,F1-Score,Average Lag,Duration,Duration (Seconds),Seconds per Case
Zheng DBSCAN,with_noise_10,log_79_1692952552,300,60.0,"[370.5, 594.4615384615385, 822.2631578947369, 1145.0, 1370.9411764705883, 1668.4615384615386, 1997.0625, 2301.75, 2421.5714285714284, 2559.1666666666665, 2892.8076923076924, 3432.090909090909, 3766.5714285714284, 4018.0588235294117, 4321.266666666666, 4515.75, 4676.0, 4844.875, 5103.692307692308, 5340.5, 5459.0, 5549.75]","[1364, 2681, 3924, 4512]",0.3076923076923077,56.64583333333337,00:00:00,0.4994884002953768,8.838938246246271e-05
