Algorithm,Log Source,Log,MRID,Epsilon,Detected Changepoints,Actual Changepoints for Log,F1-Score,Average Lag,Duration,Duration (Seconds),Seconds per Case
Zheng DBSCAN,with_noise_10,log_96_1692952629,500,50.0,"[539.5, 641.0, 752.8333333333334, 832.0, 930.5, 1058.8333333333333, 1275.2, 1470.0, 1671.0, 1825.3333333333333, 1969.25, 2057.0, 2126.0, 2231.777777777778, 2441.5, 2699.0, 2825.0, 2921.0, 3082.0, 3175.0, 3243.0, 3570.259259259259, 4068.5, 4329.0, 4514.5, 4621.7, 4743.0, 4913.75, 5025.0, 5097.0, 5185.0, 5250.0, 5393.5, 5463.5, 5594.8, 5763.0, 5866.0, 5955.5, 6049.0, 6245.0, 6408.666666666667, 6518.0, 6675.666666666667, 6870.0, 6999.0, 7179.0, 7305.0, 7440.75, 7556.0, 7689.333333333333, 7801.0]","[1087, 2286, 3016, 4084, 4958, 5962, 6779]",0.24137931034482762,43.66269841269842,00:00:00,0.8248947337269783,0.00010485505703914813
