Algorithm,Log Source,Log,MRID,Epsilon,Detected Changepoints,Actual Changepoints for Log,F1-Score,Average Lag,Duration,Duration (Seconds),Seconds per Case
Zheng DBSCAN,with_noise_10,log_83_1687182046,300,150.0,"[405.0, 578.3333333333334, 783.0, 1220.1666666666667, 1710.75, 2033.0, 2293.0, 2859.0588235294117, 3538.0]","[1171, 1687, 2573, 2813]",0.46153846153846156,39.65849673202615,00:00:00,0.17319643311202526,4.7529207769491016e-05
