Algorithm,Log Source,Log,MRID,Epsilon,Detected Changepoints,Actual Changepoints for Log,F1-Score,Average Lag,Duration,Duration (Seconds),Seconds per Case
Zheng DBSCAN,with_noise_5,log_65_1692952464,600,120.0,[3211.2454672245467],"[1326, 2439, 3162, 4414, 5355]",0.33333333333333337,49.2454672245467,00:00:02,2.614241221919656,0.00040612726765879383
