Algorithm,Log Source,Log,MRID,Epsilon,Detected Changepoints,Actual Changepoints for Log,F1-Score,Average Lag,Duration,Duration (Seconds),Seconds per Case
Zheng DBSCAN,with_noise_15,log_40_1687181982,600,300.0,"[900.2142857142857, 2258.5384615384614, 3661.0]","[1205, 2115, 3442]",0.3333333333333333,143.53846153846143,00:00:00,0.6355270398780704,0.00014138532589056071
