Algorithm,Log Source,Log,MRID,Epsilon,Detected Changepoints,Actual Changepoints for Log,F1-Score,Average Lag,Duration,Duration (Seconds),Seconds per Case
Zheng DBSCAN,without_noise,log_78_1692952551,300,30.0,"[323.75, 399.3333333333333, 445.0, 599.6666666666666, 707.3333333333334, 771.5, 830.6666666666666, 889.0, 1032.2, 1198.8461538461538, 1301.6666666666667, 1346.8, 1391.0, 1472.5714285714287, 1585.25, 1663.0, 1719.0, 1768.6666666666667, 1857.0, 2049.6666666666665, 2092.0, 2143.6666666666665, 2194.0, 2255.0, 2311.3333333333335, 2358.0, 2438.0, 2552.0, 2626.0, 2687.0, 2874.0]","[1057, 1576]",0.12121212121212122,17.024999999999977,00:00:01,1.0000636894255877,0.0003417852663792166
