Algorithm,Log Source,Log,MRID,Epsilon,Detected Changepoints,Actual Changepoints for Log,F1-Score,Average Lag,Duration,Duration (Seconds),Seconds per Case
Zheng DBSCAN,with_noise_10,log_79_1687182041,400,40.0,"[524.3513513513514, 791.5, 883.8181818181819, 1024.6969696969697, 1301.107142857143, 1547.3333333333333, 1693.6, 1818.5]",[532],0.2222222222222222,7.648648648648646,00:00:00,0.30388896726071835,0.00016587825723838337
