Algorithm,Log Source,Log,MRID,Epsilon,Detected Changepoints,Actual Changepoints for Log,F1-Score,Average Lag,Duration,Duration (Seconds),Seconds per Case
Zheng DBSCAN,without_noise,log_52_1692952415,300,120.0,"[319.0, 493.0, 685.5, 1111.0, 1537.6842105263158, 2122.6666666666665, 2742.72, 3486.1428571428573, 3726.0, 4029.0, 4324.166666666667]","[1490, 2522, 3523]",0.28571428571428575,42.27067669172925,00:00:01,1.1309559643268585,0.00024006706948139642
