Algorithm,Log Source,Log,MRID,Epsilon,Detected Changepoints,Actual Changepoints for Log,F1-Score,Average Lag,Duration,Duration (Seconds),Seconds per Case
Zheng DBSCAN,with_noise_5,log_88_1687182055,500,200.0,"[1018.0208333333334, 2082.28, 3167.3283582089553]","[1401, 1950, 2206, 3218, 3462]",0.5,87.19582089552227,00:00:00,0.3250002032145858,7.634489152327597e-05
