Algorithm,Log Source,Log,MRID,Epsilon,Detected Changepoints,Actual Changepoints for Log,F1-Score,Average Lag,Duration,Duration (Seconds),Seconds per Case
Zheng DBSCAN,without_noise,log_99_1687182077,300,30.0,"[327.8888888888889, 454.0, 547.6, 706.2424242424242, 870.6666666666666, 972.0, 1038.5, 1126.5, 1242.0, 1290.0, 1330.0, 1420.75, 1548.75, 1640.5, 1690.0, 1770.5, 1852.6363636363637, 2102.641025641026, 2319.5, 2366.0, 2447.1428571428573, 2591.4285714285716, 2811.5348837209303, 3009.75, 3075.6666666666665, 3158.25, 3325.8571428571427]","[555, 837, 2088, 2767]",0.25806451612903225,25.0606440071557,00:00:01,1.067240628413856,0.0003135254490052456
