Algorithm,Log Source,Log,MRID,Epsilon,Detected Changepoints,Actual Changepoints for Log,F1-Score,Average Lag,Duration,Duration (Seconds),Seconds per Case
Zheng DBSCAN,with_noise_5,log_41_1687181983,300,30.0,"[333.75, 380.0, 435.5, 478.6666666666667, 544.1666666666666, 620.0, 676.5, 733.0, 810.75, 852.3333333333334, 914.5, 952.0, 1000.0, 1043.0, 1080.6666666666667, 1157.6666666666667, 1231.5, 1290.0, 1355.25, 1421.0, 1472.0, 1642.6153846153845, 1794.2941176470588, 1965.7777777777778, 2062.0, 2104.5, 2169.0, 2339.7916666666665, 2549.0, 2597.0, 2637.5, 2680.3333333333335, 2723.0, 2876.5384615384614, 2996.0, 3073.4285714285716, 3140.0, 3196.0, 3324.25, 3408.5, 3468.8333333333335, 3564.0, 3637.5, 3684.0, 3742.0, 3840.714285714286, 3950.5, 3985.0, 4071.0, 4107.0, 4156.333333333333, 4258.384615384615, 4445.4, 4527.0, 4583.0, 4681.0, 4753.333333333333]","[601, 890, 2386, 2718, 3227, 3580]",0.1904761904761905,23.618055555555582,00:00:00,0.6982451993972063,0.0001458323307011709
