Algorithm,Log Source,Log,MRID,Epsilon,Detected Changepoints,Actual Changepoints for Log,F1-Score,Average Lag,Duration,Duration (Seconds),Seconds per Case
Zheng DBSCAN,without_noise,log_68_1687182024,300,90.0,"[537.3333333333334, 684.6666666666666, 993.5555555555555, 1255.0, 1493.8333333333333, 1706.0, 1936.857142857143, 2402.2727272727275, 2690.6666666666665, 2812.0, 3156.1428571428573, 3457.0, 3649.0, 3757.0, 3855.5, 4155.0, 4482.5]","[896, 1272, 1818, 2030, 2923, 3240]",0.5217391304347826,85.75925925925922,00:00:02,2.063150600530207,0.0004567524021541304
