Algorithm,Log Source,Log,MRID,Epsilon,Detected Changepoints,Actual Changepoints for Log,F1-Score,Average Lag,Duration,Duration (Seconds),Seconds per Case
Zheng DBSCAN,with_noise_10,log_98_1692952636,400,40.0,"[417.375, 555.0, 645.0, 756.5, 861.1428571428571, 979.5, 1077.0, 1159.25, 1261.3333333333333, 1342.0, 1411.5, 1608.0, 1702.8, 1785.5, 1854.0, 1974.375, 2097.1428571428573, 2227.3333333333335, 2315.0, 2462.3846153846152, 2690.470588235294, 2825.1111111111113, 2951.777777777778, 3091.6, 3177.8333333333335, 3297.0, 3415.0, 3596.875, 3820.6666666666665, 3880.0, 3938.0, 4039.1428571428573, 4153.0, 4253.0, 4326.5, 4405.5, 4480.0, 4553.333333333333, 4625.0, 4714.5, 4776.0, 4887.8, 4980.0, 5190.9473684210525, 5390.571428571428, 5659.0, 5748.0, 5852.222222222223, 6015.571428571428, 6144.666666666667, 6239.5, 6288.0, 6382.8, 6563.916666666667, 6743.4, 7002.692307692308, 7199.333333333333, 7281.0, 7346.25, 7459.5, 7607.5, 7667.0, 7753.5, 7814.0, 7883.333333333333, 7976.0, 8080.0, 8129.0, 8266.454545454546, 8476.0, 8596.57142857143, 8721.5, 8820.333333333334, 8910.5, 8964.0, 9115.444444444445, 9259.0, 9310.5, 9361.75, 9454.0, 9543.5, 9654.0, 9741.5, 9807.5, 9932.0, 9999.5, 10069.5, 10213.0, 10282.0, 10362.0, 10456.0, 10565.125, 10683.0, 10743.0, 10818.0, 10879.0, 10953.0, 11037.5]","[1161, 2070, 3547, 4627, 5403, 6514, 7405, 8737, 9638]",0.16822429906542058,25.457010582010653,00:00:01,1.4871267639100552,0.0001340841009746691
