Algorithm,Log Source,Log,MRID,Epsilon,Detected Changepoints,Actual Changepoints for Log,F1-Score,Average Lag,Duration,Duration (Seconds),Seconds per Case
Zheng DBSCAN,without_noise,log_16_1692952213,600,300.0,"[4197.256756756757, 8781.304347826086, 11894.59649122807]","[1356, 2761, 3835, 4592, 5716, 6979, 8389, 9274, 10631, 11912, 13144]",0.14285714285714288,17.40350877192941,00:00:03,3.9312496427446604,0.00027473964936366345
