Algorithm,Log Source,Log,MRID,Epsilon,Detected Changepoints,Actual Changepoints for Log,F1-Score,Average Lag,Duration,Duration (Seconds),Seconds per Case
Zheng DBSCAN,with_noise_10,log_49_1692952403,400,200.0,"[1664.68, 3465.451612903226, 4735.411764705882, 5434.0, 5899.5, 6656.9473684210525, 7711.0, 9574.884615384615, 11237.0, 11626.5, 12190.0]","[1207, 2115, 3260, 3826, 4852, 5704, 6865, 8311, 8890, 10017, 10880]",0.18181818181818182,156.044117647059,00:00:01,1.1648407354950905,9.467940628262135e-05
