Algorithm,Log Source,Log,MRID,Epsilon,Detected Changepoints,Actual Changepoints for Log,F1-Score,Average Lag,Duration,Duration (Seconds),Seconds per Case
Zheng DBSCAN,with_noise_15,log_41_1687181983,600,180.0,"[696.0, 1127.6923076923076, 2207.5454545454545, 2986.4, 3324.0, 3895.8125, 4720.0]","[601, 890, 2386, 2718, 3227, 3580]",0.4615384615384615,123.4848484848485,00:00:00,0.348557461053133,7.279813305203279e-05
