Algorithm,Log Source,Log,MRID,Epsilon,Detected Changepoints,Actual Changepoints for Log,F1-Score,Average Lag,Duration,Duration (Seconds),Seconds per Case
Zheng DBSCAN,with_noise_10,log_82_1687182044,300,90.0,"[417.5, 661.75, 869.0, 986.6666666666666, 1134.3333333333333, 1486.2857142857142, 1890.0]",[642],0.25,19.75,00:00:00,0.3050862541422248,0.00014911351619854583
