Algorithm,Log Source,Log,MRID,Epsilon,Detected Changepoints,Actual Changepoints for Log,F1-Score,Average Lag,Duration,Duration (Seconds),Seconds per Case
Zheng DBSCAN,with_noise_15,log_67_1687182023,700,70.0,"[929.0, 1089.5, 1412.0, 1718.0, 1906.5, 2007.0, 2210.6666666666665, 2455.0, 2610.0, 2716.0, 2819.3333333333335, 3017.3333333333335, 3197.5714285714284, 3616.0, 3733.0, 3881.0, 4108.0, 4325.0, 4419.0]","[933, 1145, 2289, 3129]",0.34782608695652173,51.60119047619048,00:00:00,0.1978155141696334,4.450292782218974e-05
