Algorithm,Log Source,Log,MRID,Epsilon,Detected Changepoints,Actual Changepoints for Log,F1-Score,Average Lag,Duration,Duration (Seconds),Seconds per Case
Zheng DBSCAN,with_noise_10,log_31_1687181960,400,160.0,[2142.838271604938],"[1043, 1868, 2070, 3338, 3677]",0.33333333333333337,72.8382716049382,00:00:01,1.445622212253511,0.0003356448136181822
