Algorithm,Log Source,Log,MRID,Epsilon,Detected Changepoints,Actual Changepoints for Log,F1-Score,Average Lag,Duration,Duration (Seconds),Seconds per Case
Zheng DBSCAN,without_noise,log_52_1692952415,300,90.0,"[319.0, 493.0, 685.5, 1011.0, 1136.0, 1537.6842105263158, 2021.0, 2173.5, 2626.777777777778, 2872.0, 3005.5, 3102.0, 3214.5, 3486.1428571428573, 3726.0, 3966.0, 4092.0, 4324.166666666667]","[1490, 2522, 3523]",0.2857142857142857,63.10637705374544,00:00:01,1.1309559643268585,0.00024006706948139642
