Algorithm,Log Source,Log,MRID,Epsilon,Detected Changepoints,Actual Changepoints for Log,F1-Score,Average Lag,Duration,Duration (Seconds),Seconds per Case
Zheng DBSCAN,with_noise_15,log_73_1687182035,800,160.0,"[1558.8333333333333, 2480.0, 2780.0, 3138.285714285714, 3541.3333333333335, 3833.0, 4045.0, 4378.5]","[1478, 2417, 2951, 3283]",0.6666666666666666,114.88690476190476,00:00:00,0.611539838835597,0.00013736294672857076
