Algorithm,Log Source,Log,MRID,Epsilon,Detected Changepoints,Actual Changepoints for Log,F1-Score,Average Lag,Duration,Duration (Seconds),Seconds per Case
Zheng DBSCAN,with_noise_10,log_71_1692952512,300,60.0,"[463.390243902439, 1342.6315789473683, 2099.5, 2892.442028985507, 4041.0366972477063, 4995.408602150537, 6179.701388888889, 7139.098360655737, 7570.307692307692]","[1414, 2489, 3724, 4718, 5950, 6652]",0.13333333333333333,71.36842105263167,00:00:01,1.7121300175786018,0.00022313697609521724
