Algorithm,Log Source,Log,MRID,Epsilon,Detected Changepoints,Actual Changepoints for Log,F1-Score,Average Lag,Duration,Duration (Seconds),Seconds per Case
Zheng DBSCAN,with_noise_15,log_73_1687182035,500,100.0,"[612.0, 1317.8461538461538, 1927.0, 2130.4444444444443, 2489.5833333333335, 2750.3333333333335, 3144.529411764706, 3556.4285714285716, 3806.6, 4059.8, 4390.0]","[1478, 2417, 2951, 3283]",0.39999999999999997,123.73592257415794,00:00:00,0.6530390419065952,0.0001466844209134311
