Algorithm,Log Source,Log,MRID,Epsilon,Detected Changepoints,Actual Changepoints for Log,F1-Score,Average Lag,Duration,Duration (Seconds),Seconds per Case
Zheng DBSCAN,with_noise_20,log_5_1687181922,300,30.0,"[372.3636363636364, 677.670731707317, 1142.2835820895523, 1374.3333333333333, 1482.3333333333333, 1614.8125]","[689, 980]",0.5,86.80642519111763,00:00:00,0.830621212720871,0.0004894644742020454
