Algorithm,Log Source,Log,MRID,Epsilon,Detected Changepoints,Actual Changepoints for Log,F1-Score,Average Lag,Duration,Duration (Seconds),Seconds per Case
Zheng DBSCAN,with_noise_15,log_41_1687181983,700,70.0,"[937.4, 1149.0, 1348.6666666666667, 1660.5, 1796.0, 2025.6666666666667, 2253.0, 2364.0, 2561.6666666666665, 3083.5, 3324.0, 3582.0, 3688.6666666666665, 3823.75, 4028.0, 4299.0, 4643.0, 4758.5]","[601, 890, 2386, 2718, 3227, 3580]",0.4166666666666667,64.94666666666669,00:00:00,0.6995302587747574,0.00014610072238403454
