Algorithm,Log Source,Log,MRID,Epsilon,Detected Changepoints,Actual Changepoints for Log,F1-Score,Average Lag,Duration,Duration (Seconds),Seconds per Case
Zheng DBSCAN,with_noise_5,log_7_1687181925,400,40.0,"[449.0, 619.5, 719.0, 867.0833333333334, 1005.6666666666666, 1179.0, 1290.0, 1358.0, 1406.0, 1459.0, 1556.0, 1719.0, 1817.0, 1907.0, 1999.3333333333333, 2088.75, 2193.0, 2325.5, 2451.0, 2552.0, 2660.25, 2773.0, 2865.0, 2925.3333333333335, 3040.714285714286, 3228.1666666666665, 3379.375, 3519.6666666666665, 3686.0, 3847.714285714286, 3932.4, 4009.0, 4065.5, 4140.0, 4356.5, 4452.0, 4590.5, 4673.5]","[920, 1720, 2103, 3052, 3413]",0.23255813953488372,22.61547619047617,00:00:00,0.5423342939466238,0.00011415160891320223
