Algorithm,Log Source,Log,MRID,Epsilon,Detected Changepoints,Actual Changepoints for Log,F1-Score,Average Lag,Duration,Duration (Seconds),Seconds per Case
Zheng DBSCAN,with_noise_15,log_48_1687181998,600,60.0,"[664.0, 763.5, 1106.6451612903227, 1426.0, 1565.5, 1657.0, 1898.923076923077, 2330.722222222222, 2595.0, 2665.0, 2727.0, 2846.0, 3060.0, 3251.0, 3403.0, 3502.6666666666665, 3640.6666666666665, 3989.0, 4226.0]","[1144, 2359, 2666, 3482, 3756]",0.4166666666666667,40.52652329749103,00:00:00,0.9440494794398546,0.00021995561030751506
