Algorithm,Log Source,Log,MRID,Epsilon,Detected Changepoints,Actual Changepoints for Log,F1-Score,Average Lag,Duration,Duration (Seconds),Seconds per Case
Zheng DBSCAN,without_noise,log_19_1692952228,500,100.0,"[703.0, 843.5, 1384.0, 1638.0, 2426.0, 3005.0, 3301.0, 3478.5, 3902.5, 4086.0, 4705.0, 4968.0, 5526.0, 5646.0, 5761.0, 6043.0, 6391.5, 6698.0, 6919.0, 7054.0]","[1474, 2389, 3492, 4788, 5647, 7050]",0.4615384615384615,38.083333333333336,00:00:05,5.547055607661605,0.000681791495533629
