Algorithm,Log Source,Log,MRID,Epsilon,Detected Changepoints,Actual Changepoints for Log,F1-Score,Average Lag,Duration,Duration (Seconds),Seconds per Case
Zheng DBSCAN,without_noise,log_91_1687182059,300,60.0,"[807.0, 889.0, 2360.5, 2433.2, 2706.0, 3407.0, 3684.0]","[806, 1021, 2361, 2754, 3407, 3685]",0.923076923076923,30.416666666666668,00:00:03,3.6145320972427726,0.0007029428427154361
