Algorithm,Log Source,Log,MRID,Epsilon,Detected Changepoints,Actual Changepoints for Log,F1-Score,Average Lag,Duration,Duration (Seconds),Seconds per Case
Zheng DBSCAN,without_noise,log_31_1687181960,600,180.0,"[658.0, 1027.4347826086957, 2015.9130434782608, 2683.0, 3481.8636363636365]","[1043, 1868, 2070, 3338, 3677]",0.6,71.17193675889332,00:00:05,5.64949710003566,0.001311701207345173
