Algorithm,Log Source,Log,MRID,Epsilon,Detected Changepoints,Actual Changepoints for Log,F1-Score,Average Lag,Duration,Duration (Seconds),Seconds per Case
Zheng DBSCAN,with_noise_10,log_64_1692952462,600,60.0,"[672.0, 778.0, 1017.0, 1240.2666666666667, 1575.0, 1878.0, 2075.5, 2302.0, 2420.0, 2561.6666666666665, 2733.714285714286, 2889.0, 3015.5, 3331.0, 3527.0, 3662.5, 3798.5, 3917.0, 4107.285714285715, 4327.0, 4584.5, 4721.0, 4832.0, 4928.5, 5005.0, 5104.333333333333, 5190.0, 5459.0]","[1238, 2404, 3563, 4310]",0.25,17.816666666666663,00:00:00,0.6150548700243235,0.00010942089842097908
