Algorithm,Log Source,Log,MRID,Epsilon,Detected Changepoints,Actual Changepoints for Log,F1-Score,Average Lag,Duration,Duration (Seconds),Seconds per Case
Zheng DBSCAN,with_noise_5,log_40_1687181982,300,60.0,"[476.4655172413793, 1043.142857142857, 1300.4444444444443, 2394.8130081300815, 3248.875, 3740.4754098360654, 4289.333333333333, 4389.5]","[1205, 2115, 3442]",0.36363636363636365,144.28472222222217,00:00:00,0.3076549740508199,6.844382070096104e-05
