Algorithm,Log Source,Log,MRID,Epsilon,Detected Changepoints,Actual Changepoints for Log,F1-Score,Average Lag,Duration,Duration (Seconds),Seconds per Case
Zheng DBSCAN,with_noise_10,log_71_1687182031,400,40.0,"[822.6136363636364, 1804.2936507936508, 2596.1875, 3476.6827586206896, 4159.045454545455, 4384.888888888889]","[940, 1158, 1961, 2167, 3303, 3626]",0.5,141.13665140734108,00:00:01,1.3556166188791394,0.0003005135488537219
