Algorithm,Log Source,Log,MRID,Epsilon,Detected Changepoints,Actual Changepoints for Log,F1-Score,Average Lag,Duration,Duration (Seconds),Seconds per Case
Zheng DBSCAN,with_noise_5,log_100_1692952649,400,40.0,"[636.6632653061224, 2165.991666666667, 3344.6666666666665]","[1399, 2176]",0.4,10.008333333333212,00:00:01,1.878107275813818,0.0005538505679191442
