Algorithm,Log Source,Log,MRID,Epsilon,Detected Changepoints,Actual Changepoints for Log,F1-Score,Average Lag,Duration,Duration (Seconds),Seconds per Case
Zheng DBSCAN,with_noise_15,log_28_1687181955,300,60.0,"[341.5, 766.0, 881.0, 969.75, 1102.0, 1260.0, 1435.0, 1612.0, 1693.5, 1790.0, 1914.6666666666667, 2058.4]",[983],0.15384615384615385,13.25,00:00:00,0.28948184102773666,0.00012685444392100643
