Algorithm,Log Source,Log,MRID,Epsilon,Detected Changepoints,Actual Changepoints for Log,F1-Score,Average Lag,Duration,Duration (Seconds),Seconds per Case
Zheng DBSCAN,with_noise_10,log_21_1692952246,400,160.0,"[458.0, 808.1666666666666, 1068.0, 1477.75, 2006.0, 2415.5, 2939.0, 3756.8571428571427, 4455.0, 5381.533333333334, 6249.0, 6718.0]","[1096, 1828, 3150, 4136, 5287, 5888]",0.3333333333333333,100.17777777777792,00:00:00,0.44613610953092575,6.443329138228275e-05
