Algorithm,Log Source,Log,MRID,Epsilon,Detected Changepoints,Actual Changepoints for Log,F1-Score,Average Lag,Duration,Duration (Seconds),Seconds per Case
Zheng DBSCAN,with_noise_20,log_68_1687182024,400,40.0,"[791.7326732673267, 1488.655172413793, 2193.7899159663866, 2841.2, 3156.972222222222, 3582.0, 3992.809523809524, 4250.0, 4397.8]","[896, 1272, 1818, 2030, 2923, 3240]",0.5333333333333333,108.22125511920947,00:00:01,1.9609027514234185,0.00043411617255333595
