Algorithm,Log Source,Log,MRID,Epsilon,Detected Changepoints,Actual Changepoints for Log,F1-Score,Average Lag,Duration,Duration (Seconds),Seconds per Case
Zheng DBSCAN,without_noise,log_68_1687182024,300,60.0,"[537.3333333333334, 684.6666666666666, 993.5555555555555, 1255.0, 1442.6666666666667, 1545.0, 1706.0, 1936.857142857143, 2267.5, 2365.0, 2498.3333333333335, 2690.6666666666665, 2812.0, 3031.4, 3214.625, 3312.0, 3457.0, 3649.0, 3757.0, 3855.5, 4104.333333333333, 4205.666666666667, 4450.0, 4515.0]","[896, 1272, 1818, 2030, 2923, 3240]",0.4,75.57890211640212,00:00:02,2.063150600530207,0.0004567524021541304
