Algorithm,Log Source,Log,MRID,Epsilon,Detected Changepoints,Actual Changepoints for Log,F1-Score,Average Lag,Duration,Duration (Seconds),Seconds per Case
Zheng DBSCAN,with_noise_10,log_41_1687181983,800,160.0,"[922.1666666666666, 1658.6, 1962.5, 2207.0, 2526.25, 3014.875, 3640.0, 4013.0, 4487.166666666667]","[601, 890, 2386, 2718, 3227, 3580]",0.5333333333333333,115.72916666666666,00:00:00,0.35450411308556795,7.404012386916624e-05
