Algorithm,Log Source,Log,MRID,Epsilon,Detected Changepoints,Actual Changepoints for Log,F1-Score,Average Lag,Duration,Duration (Seconds),Seconds per Case
Zheng DBSCAN,with_noise_5,log_85_1692952576,500,200.0,"[519.375, 3285.1159420289855, 5946.333333333333, 7257.45, 8483.315789473685, 9065.75, 9610.5]","[1459, 1990, 3383, 4503, 5074, 6148, 6878, 8310]",0.26666666666666666,135.59992372234979,00:00:00,0.8456977568566799,8.639266082916333e-05
