Algorithm,Log Source,Log,MRID,Epsilon,Detected Changepoints,Actual Changepoints for Log,F1-Score,Average Lag,Duration,Duration (Seconds),Seconds per Case
Zheng DBSCAN,with_noise_5,log_74_1692952521,300,30.0,"[323.85714285714283, 495.55555555555554, 601.0909090909091, 678.6666666666666, 761.1818181818181, 853.1666666666666, 954.3076923076923, 1084.375, 1159.25, 1430.0454545454545, 1774.448275862069, 1920.5, 2010.5, 2070.5, 2120.3333333333335, 2283.740740740741, 2433.6666666666665, 2647.25, 2870.5714285714284, 2983.4, 3081.0, 3145.25]","[1297, 2133]",0.16666666666666669,72.85606060606051,00:00:00,0.6880116667598486,0.0002148693525171295
