Algorithm,Log Source,Log,MRID,Epsilon,Detected Changepoints,Actual Changepoints for Log,F1-Score,Average Lag,Duration,Duration (Seconds),Seconds per Case
Zheng DBSCAN,with_noise_10,log_30_1687181956,800,80.0,"[899.5555555555555, 1320.6, 1488.5, 1891.888888888889, 2156.0, 2374.0, 2582.6666666666665, 2794.6666666666665, 3004.0, 3304.0, 3692.0, 3889.0, 4019.0]","[949, 1861, 2912]",0.375,57.44444444444446,00:00:01,1.0368109261617064,0.0002577849145106182
