Algorithm,Log Source,Log,MRID,Epsilon,Detected Changepoints,Actual Changepoints for Log,F1-Score,Average Lag,Duration,Duration (Seconds),Seconds per Case
Zheng DBSCAN,with_noise_10,log_93_1692952613,400,120.0,"[467.2142857142857, 1229.9615384615386, 1675.0, 2170.0714285714284, 2671.2, 3122.3333333333335, 3632.222222222222, 3960.0, 4510.533333333334, 5303.6875, 5721.4, 6163.25, 6646.461538461538, 7150.454545454545, 7565.0]","[1019, 1564, 2739, 4083, 5315, 6443]",0.3809523809523809,78.27812500000005,00:00:00,0.6685274392366409,8.74463622284684e-05
