Algorithm,Log Source,Log,MRID,Epsilon,Detected Changepoints,Actual Changepoints for Log,F1-Score,Average Lag,Duration,Duration (Seconds),Seconds per Case
Zheng DBSCAN,with_noise_5,log_67_1692952494,300,90.0,[5118.663206459054],"[1312, 2743, 3889, 5271, 5852, 7181, 7712, 9147]",0.2222222222222222,152.33679354094602,00:00:03,3.2424040250480175,0.00030774525674335775
