Algorithm,Log Source,Log,MRID,Epsilon,Detected Changepoints,Actual Changepoints for Log,F1-Score,Average Lag,Duration,Duration (Seconds),Seconds per Case
Zheng DBSCAN,without_noise,log_52_1692952415,500,50.0,"[678.2, 1011.0, 1130.6666666666667, 1343.0, 1418.0, 1496.5, 1734.5, 2021.5, 2175.6666666666665, 2245.0, 2559.4545454545455, 2733.8333333333335, 2846.0, 3005.5, 3215.0, 3424.6666666666665, 3532.25, 3726.0, 3966.5, 4092.0, 4337.0]","[1490, 2522, 3523]",0.25,17.7348484848485,00:00:01,1.2735818903893232,0.0002703421546145878
