Algorithm,Log Source,Log,MRID,Epsilon,Detected Changepoints,Actual Changepoints for Log,F1-Score,Average Lag,Duration,Duration (Seconds),Seconds per Case
Zheng DBSCAN,with_noise_5,log_93_1692952613,500,50.0,"[867.0, 1024.7142857142858, 1122.0, 1219.75, 1453.4166666666667, 1829.5, 1917.6, 2006.0, 2104.6, 2296.4, 2439.75, 2536.0, 2718.0, 2813.5, 2901.8, 2984.5, 3057.0, 3180.6666666666665, 3305.0, 3548.6666666666665, 3772.5555555555557, 4021.0, 4095.75, 4249.666666666667, 4364.0, 4450.0, 4523.0, 4593.0, 4723.0, 4802.0, 4884.0, 4966.0, 5139.0, 5224.0, 5314.0, 5392.0, 5490.0, 5609.0, 5781.5, 5878.571428571428, 6036.0, 6277.75, 6432.0, 6517.0, 6590.0, 6668.0, 6773.0, 6871.666666666667, 6968.0, 7074.0, 7265.0, 7398.0, 7600.0]","[1019, 1564, 2739, 4083, 5315, 6443]",0.2033898305084746,27.007936507936506,00:00:00,0.6726039126515388,8.797958308064603e-05
