Algorithm,Log Source,Log,MRID,Epsilon,Detected Changepoints,Actual Changepoints for Log,F1-Score,Average Lag,Duration,Duration (Seconds),Seconds per Case
Zheng DBSCAN,with_noise_5,log_68_1692952500,600,60.0,"[778.46875, 1040.3846153846155, 1469.5087719298247, 2153.3333333333335, 2706.4285714285716, 2984.2903225806454, 3628.1724137931033, 4343.068181818182, 4709.923076923077, 5823.294117647059, 6892.857142857143, 7053.0]","[1265, 2633, 3914, 4520, 5935]",0.35294117647058826,120.68875732111034,00:00:01,1.5173637382686138,0.0002134126214161201
