Algorithm,Log Source,Log,MRID,Epsilon,Detected Changepoints,Actual Changepoints for Log,F1-Score,Average Lag,Duration,Duration (Seconds),Seconds per Case
Zheng DBSCAN,with_noise_10,log_24_1687181949,600,180.0,"[1062.8333333333333, 1488.0, 1904.0, 2170.5]","[994, 1238]",0.3333333333333333,68.83333333333326,00:00:00,0.2936501260846853,0.00012204909646080021
