Algorithm,Log Source,Log,MRID,Epsilon,Detected Changepoints,Actual Changepoints for Log,F1-Score,Average Lag,Duration,Duration (Seconds),Seconds per Case
Zheng DBSCAN,with_noise_20,log_30_1687181956,500,150.0,"[1137.7368421052631, 2203.5, 2647.875, 3258.818181818182, 3825.5, 3993.0]","[949, 1861, 2912]",0.2222222222222222,188.73684210526312,00:00:01,1.084941428154707,0.0002697517225645716
