Algorithm,Log Source,Log,MRID,Epsilon,Detected Changepoints,Actual Changepoints for Log,F1-Score,Average Lag,Duration,Duration (Seconds),Seconds per Case
Zheng DBSCAN,without_noise,log_25_1692952268,600,60.0,"[1268.0, 1360.0, 4245.0, 4361.0, 5712.0, 5783.0, 7806.5, 8499.5, 8680.5, 8957.0, 9570.0, 10172.461538461539, 10411.5, 10593.125, 10785.833333333334, 10914.0, 11027.0, 11114.0, 11207.0, 11739.0, 11867.0]","[1268, 1983, 3460, 4362, 5712, 6676, 7809, 8764, 10077, 10808]",0.45161290322580644,29.232600732600726,00:00:01,1.8120368104428053,0.00015056392276217742
