Algorithm,Log Source,Log,MRID,Epsilon,Detected Changepoints,Actual Changepoints for Log,F1-Score,Average Lag,Duration,Duration (Seconds),Seconds per Case
Zheng DBSCAN,with_noise_20,log_48_1687181998,300,60.0,"[452.6666666666667, 537.0, 785.5, 864.0, 957.0, 1137.2222222222222, 1313.0, 1467.25, 1990.9591836734694, 2522.0, 3121.0, 3562.0, 3717.25, 3843.3333333333335, 3947.5, 4110.333333333333, 4268.5]","[1144, 2359, 2666, 3482, 3756]",0.3636363636363636,67.38194444444446,00:00:00,0.845699985511601,0.00019704100314808968
