Algorithm,Log Source,Log,MRID,Epsilon,Detected Changepoints,Actual Changepoints for Log,F1-Score,Average Lag,Duration,Duration (Seconds),Seconds per Case
Zheng DBSCAN,with_noise_15,log_13_1687181932,300,30.0,"[345.0, 403.0, 435.0, 501.0, 684.6666666666666, 1031.0, 1243.0, 1376.3333333333333, 1555.5, 1614.0, 1713.0, 1761.0, 1944.0, 1984.0, 2122.0, 2215.0, 2264.0, 2311.0, 2367.0, 2580.0, 2649.25, 2738.0, 2860.5, 3004.0, 3064.0, 3154.0, 3266.0, 3639.0, 3877.0, 4196.0]","[627, 835, 1407, 2856, 3239]",0.2857142857142857,67.70000000000002,00:00:00,0.20943658705800772,4.7170402490542276e-05
