Algorithm,Log Source,Log,MRID,Epsilon,Detected Changepoints,Actual Changepoints for Log,F1-Score,Average Lag,Duration,Duration (Seconds),Seconds per Case
Zheng DBSCAN,without_noise,log_36_1687181970,600,60.0,"[674.0, 762.4285714285714, 893.3333333333334, 1139.0, 1388.8, 1632.3333333333333, 1991.0, 2145.5, 2248.0, 2351.25, 2491.5, 2607.5714285714284, 2760.0, 2937.5, 3014.6666666666665, 3091.5, 3286.5, 3438.6666666666665]","[754, 1601, 2593]",0.2857142857142857,18.111111111111047,00:00:02,2.039154028519988,0.0005536665839044225
