Algorithm,Log Source,Log,MRID,Epsilon,Detected Changepoints,Actual Changepoints for Log,F1-Score,Average Lag,Duration,Duration (Seconds),Seconds per Case
Zheng DBSCAN,with_noise_10,log_35_1687181968,700,70.0,"[900.5, 1197.0, 1355.0, 1542.0, 1746.0, 1852.0, 1948.0, 2148.5, 2268.0, 2545.5, 2658.0, 2962.0, 3705.0, 4175.0, 4767.0, 4847.0, 5368.0]","[842, 1057, 2418, 2651, 3788, 4180]",0.5217391304347826,70.16666666666667,00:00:00,0.7807827992364764,0.0001390530363733707
