Algorithm,Log Source,Log,MRID,Epsilon,Detected Changepoints,Actual Changepoints for Log,F1-Score,Average Lag,Duration,Duration (Seconds),Seconds per Case
Zheng DBSCAN,without_noise,log_15_1692952210,400,120.0,"[472.5, 743.5, 917.0, 1186.142857142857, 1571.6666666666667, 1885.5, 2193.5, 2555.235294117647, 3048.0, 3604.0, 3995.3333333333335, 4667.941176470588, 5327.833333333333, 5869.322580645161, 7565.074074074074, 8160.076923076923, 8387.5, 8645.5, 9055.5, 9182.5]","[1116, 1697, 3004, 4092, 4699, 5989, 7446, 8227]",0.5714285714285715,84.10953137803233,00:00:03,3.3635442685335875,0.0003462573881545797
