Algorithm,Log Source,Log,MRID,Epsilon,Detected Changepoints,Actual Changepoints for Log,F1-Score,Average Lag,Duration,Duration (Seconds),Seconds per Case
Zheng DBSCAN,with_noise_5,log_96_1687182073,400,200.0,"[1823.0408163265306, 3748.3333333333335]","[805, 1076, 1645, 1910, 2579, 2949]",0.25,86.9591836734694,00:00:00,0.4957435205578804,0.00012023854488427854
