Algorithm,Log Source,Log,MRID,Epsilon,Detected Changepoints,Actual Changepoints for Log,F1-Score,Average Lag,Duration,Duration (Seconds),Seconds per Case
Zheng DBSCAN,with_noise_10,log_49_1692952403,600,120.0,"[708.0, 902.0, 1046.0, 1485.5, 1706.0, 1905.0, 2263.0, 2430.0, 2560.0, 2946.5, 3255.3333333333335, 3625.375, 4081.0, 4424.666666666667, 4758.666666666667, 5107.0, 5423.0, 5876.0, 6459.0, 6728.333333333333, 7420.5, 7970.0, 8532.0, 8879.833333333334, 9634.8, 10016.0, 10205.0, 10420.0, 10877.0, 11539.0]","[1207, 2115, 3260, 3826, 4852, 5704, 6865, 8311, 8890, 10017, 10880]",0.43902439024390244,81.09259259259251,00:00:01,1.1223869509994984,9.122872071848316e-05
