Algorithm,Log Source,Log,MRID,Epsilon,Detected Changepoints,Actual Changepoints for Log,F1-Score,Average Lag,Duration,Duration (Seconds),Seconds per Case
Zheng DBSCAN,with_noise_10,log_30_1687181956,800,80.0,"[961.375, 1451.59375, 1845.0, 2086.6923076923076, 2406.1666666666665, 2882.4666666666667, 3257.8571428571427, 3507.6666666666665, 3676.1428571428573, 3919.0]","[949, 1861, 2912]",0.4615384615384615,19.302777777777766,00:00:01,1.114067504182458,0.000276993412278085
