Algorithm,Log Source,Log,MRID,Epsilon,Detected Changepoints,Actual Changepoints for Log,F1-Score,Average Lag,Duration,Duration (Seconds),Seconds per Case
Zheng DBSCAN,with_noise_10,log_20_1687181939,500,50.0,"[523.5, 632.6, 811.0, 936.3333333333334, 1157.0, 1296.4285714285713, 1382.0, 1473.0, 1531.0, 1668.8, 1794.0, 1873.3333333333333, 1987.5, 2072.0, 2132.0, 2197.6666666666665, 2257.0, 2332.3333333333335, 2452.5, 2605.285714285714, 2743.25, 2838.5, 2993.0, 3147.0, 3312.1666666666665, 3531.0, 3750.2]","[1383, 2319, 2819]",0.19999999999999998,11.277777777777828,00:00:00,0.26592573150992393,6.763116264240181e-05
