Algorithm,Log Source,Log,MRID,Epsilon,Detected Changepoints,Actual Changepoints for Log,F1-Score,Average Lag,Duration,Duration (Seconds),Seconds per Case
Zheng DBSCAN,without_noise,log_31_1687181960,500,250.0,"[1012.0416666666666, 2015.9130434782608, 2683.0, 3481.8636363636365]","[1043, 1868, 2070, 3338, 3677]",0.6666666666666665,76.30297540623637,00:00:02,2.661127069965005,0.0006178609403215706
