Algorithm,Log Source,Log,MRID,Epsilon,Detected Changepoints,Actual Changepoints for Log,F1-Score,Average Lag,Duration,Duration (Seconds),Seconds per Case
Zheng DBSCAN,with_noise_5,log_9_1687181928,700,70.0,"[744.8, 897.25, 1112.25, 1205.0, 1332.0, 1586.5, 1925.8, 2104.0, 2288.1666666666665, 2467.0, 2875.5, 3259.25, 3455.0, 3648.1666666666665, 3868.5, 4010.0, 4120.0, 4421.0]","[1135, 1916, 2696, 2989]",0.27272727272727276,48.683333333333316,00:00:00,0.6739701041951776,0.00015023854306624556
