Algorithm,Log Source,Log,MRID,Epsilon,Detected Changepoints,Actual Changepoints for Log,F1-Score,Average Lag,Duration,Duration (Seconds),Seconds per Case
Zheng DBSCAN,with_noise_5,log_62_1692952457,300,90.0,"[611.6969696969697, 1088.4545454545455, 1424.909090909091, 1832.4736842105262, 2224.315789473684, 3463.3368421052633, 4809.85, 5341.870967741936, 6396.657142857143, 7222.8125, 7724.848484848485, 8663.32075471698, 9408.5]","[1344, 2257, 3301, 4214, 5614, 6547, 7639, 8311]",0.4761904761904762,102.42429710640235,00:00:01,1.1687442474067211,0.00012154162306642275
