Algorithm,Log Source,Log,MRID,Epsilon,Detected Changepoints,Actual Changepoints for Log,F1-Score,Average Lag,Duration,Duration (Seconds),Seconds per Case
Zheng DBSCAN,with_noise_5,log_32_1692952308,400,40.0,"[638.6712328767123, 1045.0454545454545, 1165.875, 1481.15625, 1990.5555555555557, 2745.469387755102, 3722.196581196581, 4584.153846153846, 5463.6796875, 6108.339285714285, 6727.382352941177, 7287.69696969697, 7842.285714285715, 8836.625, 9839.9, 10318.470588235294, 10530.222222222223, 10780.4, 10880.5, 11037.514285714286, 11232.933333333332, 11493.358974358975, 11656.5, 11900.442622950819, 12388.733333333334]","[1486, 2272, 3660, 4340, 5709, 6587, 7907, 8621, 9625, 10324, 11599]",0.3333333333333333,55.861063602791546,00:00:04,4.332627102732658,0.000340749280592423
