Algorithm,Log Source,Log,MRID,Epsilon,Detected Changepoints,Actual Changepoints for Log,F1-Score,Average Lag,Duration,Duration (Seconds),Seconds per Case
Zheng DBSCAN,with_noise_5,log_83_1687182046,800,240.0,"[1057.0, 1359.0, 1881.3333333333333, 2690.75, 3165.0]","[1171, 1687, 2573, 2813]",0.6666666666666665,142.02777777777774,00:00:00,0.3310724887996912,9.085414072439386e-05
