Algorithm,Log Source,Log,MRID,Epsilon,Detected Changepoints,Actual Changepoints for Log,F1-Score,Average Lag,Duration,Duration (Seconds),Seconds per Case
Zheng DBSCAN,without_noise,log_38_1687181974,300,60.0,"[969.0, 1596.111111111111, 1783.8333333333333, 1997.5294117647059, 2261.3333333333335]","[1060, 1266]",0.28571428571428575,91.0,00:00:01,1.4979871371760964,0.0006366286175844013
