Algorithm,Log Source,Log,MRID,Epsilon,Detected Changepoints,Actual Changepoints for Log,F1-Score,Average Lag,Duration,Duration (Seconds),Seconds per Case
Zheng DBSCAN,without_noise,log_18_1692952223,600,180.0,"[1279.0, 2192.875, 2857.0, 3163.0, 3519.0, 4526.571428571428, 5057.5, 5468.0, 5770.5, 6124.0, 6341.0, 7030.666666666667, 7505.555555555556, 7979.0, 8659.153846153846, 9977.75, 10400.0, 10583.0, 11306.666666666666]","[1389, 2280, 3635, 4421, 5728, 7035, 7597, 8723, 9996]",0.6428571428571429,71.00781779948446,00:00:03,3.7742864340543747,0.00032839871522268987
