Algorithm,Log Source,Log,MRID,Epsilon,Detected Changepoints,Actual Changepoints for Log,F1-Score,Average Lag,Duration,Duration (Seconds),Seconds per Case
Zheng DBSCAN,with_noise_15,log_17_1687181934,700,70.0,"[790.2, 1077.2142857142858, 1294.0, 1457.75, 1659.0, 1765.0, 2017.5, 2238.3333333333335, 2534.7272727272725, 2768.0, 3012.6923076923076, 3365.875, 3559.0, 3736.75, 3935.3, 4119.666666666667, 4218.0, 4324.5, 4529.0, 4678.0, 4776.0]","[975, 1309, 2437, 2652, 3899]",0.3846153846153846,73.44831168831169,00:00:01,1.8088811226189137,0.0003715860974977226
