Algorithm,Log Source,Log,MRID,Epsilon,Detected Changepoints,Actual Changepoints for Log,F1-Score,Average Lag,Duration,Duration (Seconds),Seconds per Case
Zheng DBSCAN,with_noise_15,log_20_1687181939,400,40.0,"[487.0, 588.0, 706.2857142857143, 1000.0, 1072.0, 1155.0, 1245.75, 1366.0, 1560.8333333333333, 1652.0, 1724.6, 1818.75, 2004.6666666666667, 2079.0, 2147.75, 2269.3333333333335, 2391.75, 2523.0, 2677.285714285714, 2881.769230769231, 3251.4615384615386, 3495.0, 3690.5, 3798.5, 3921.5]","[1383, 2319, 2819]",0.21428571428571425,43.145299145299155,00:00:00,0.2749570170417428,6.992803078375961e-05
