Algorithm,Log Source,Log,MRID,Epsilon,Detected Changepoints,Actual Changepoints for Log,F1-Score,Average Lag,Duration,Duration (Seconds),Seconds per Case
Zheng DBSCAN,with_noise_10,log_33_1687181967,400,160.0,"[925.9090909090909, 1351.1666666666667]",[987],0.6666666666666666,61.09090909090912,00:00:00,0.19316682312637568,0.00012633539772817246
