Algorithm,Log Source,Log,MRID,Epsilon,Detected Changepoints,Actual Changepoints for Log,F1-Score,Average Lag,Duration,Duration (Seconds),Seconds per Case
Zheng DBSCAN,without_noise,log_92_1692952610,500,250.0,"[1532.4545454545455, 3348.846153846154, 3815.0, 4388.0, 4953.272727272727, 6498.416666666667, 8711.333333333334]","[1496, 2990, 3497, 4700, 5462, 6515, 7455, 8576, 9153]",0.5,84.13126456876466,00:00:02,2.6218395549803972,0.0002485627185229804
