Algorithm,Log Source,Log,MRID,Epsilon,Detected Changepoints,Actual Changepoints for Log,F1-Score,Average Lag,Duration,Duration (Seconds),Seconds per Case
Zheng DBSCAN,without_noise,log_39_1687181976,300,120.0,"[524.1111111111111, 983.1428571428571, 1404.090909090909, 1854.9, 2238.2, 2784.8, 3284.4444444444443, 3617.5, 3781.75, 3986.5]","[706, 972, 2184, 3059, 3368]",0.5333333333333333,82.69682539682537,00:00:03,3.329152626916766,0.000793600149443806
