Algorithm,Log Source,Log,MRID,Epsilon,Detected Changepoints,Actual Changepoints for Log,F1-Score,Average Lag,Duration,Duration (Seconds),Seconds per Case
Zheng DBSCAN,with_noise_10,log_88_1692952587,400,120.0,"[409.6666666666667, 1118.0434782608695, 1721.5, 1988.5714285714287, 2442.777777777778, 2893.75, 3133.0, 3482.5, 3995.3846153846152, 4582.5, 5063.166666666667]","[1366, 2110, 3182, 3771]",0.26666666666666666,85.21428571428567,00:00:00,0.3245561569929123,6.187915290617966e-05
