Algorithm,Log Source,Log,MRID,Epsilon,Detected Changepoints,Actual Changepoints for Log,F1-Score,Average Lag,Duration,Duration (Seconds),Seconds per Case
Zheng DBSCAN,with_noise_5,log_36_1692952355,500,200.0,"[505.3529411764706, 1284.1176470588234, 2007.0, 5106.857142857143, 7961.333333333333, 8464.888888888889, 10079.166666666666, 12372.365384615385, 14417.326086956522, 15834.333333333334]","[1333, 2559, 3693, 4416, 5763, 6390, 7822, 8817, 10269, 11730, 12843, 13947, 14938]",0.2608695652173913,126.01633986928118,00:00:01,1.4403908606618643,9.017660180691569e-05
