Algorithm,Log Source,Log,MRID,Epsilon,Detected Changepoints,Actual Changepoints for Log,F1-Score,Average Lag,Duration,Duration (Seconds),Seconds per Case
Zheng DBSCAN,with_noise_15,log_13_1687181932,400,40.0,"[435.0, 501.0, 682.5, 1360.0, 1556.0, 1713.0, 1984.0, 2215.0, 2580.0, 2637.0, 2738.0, 2871.0, 3064.0]","[627, 835, 1407, 2856, 3239]",0.5555555555555556,103.1,00:00:00,0.42656644620001316,9.607352391892188e-05
