Algorithm,Log Source,Log,MRID,Epsilon,Detected Changepoints,Actual Changepoints for Log,F1-Score,Average Lag,Duration,Duration (Seconds),Seconds per Case
Zheng DBSCAN,with_noise_20,log_30_1687181956,600,180.0,"[985.2727272727273, 1700.5, 2227.3333333333335, 2649.4285714285716, 3291.8571428571427, 3993.0]","[949, 1861, 2912]",0.4444444444444444,98.38636363636363,00:00:01,1.069298374466598,0.00026586235068786623
