Algorithm,Log Source,Log,MRID,Epsilon,Detected Changepoints,Actual Changepoints for Log,F1-Score,Average Lag,Duration,Duration (Seconds),Seconds per Case
Zheng DBSCAN,without_noise,log_31_1687181960,500,50.0,"[658.0, 847.0, 1035.6363636363637, 1988.857142857143, 2264.0, 2336.0, 2683.0, 3182.0, 3496.1428571428573]","[1043, 1868, 2070, 3338, 3677]",0.7142857142857143,131.81558441558437,00:00:02,2.661127069965005,0.0006178609403215706
