Algorithm,Log Source,Log,MRID,Epsilon,Detected Changepoints,Actual Changepoints for Log,F1-Score,Average Lag,Duration,Duration (Seconds),Seconds per Case
Zheng DBSCAN,with_noise_10,log_31_1687181960,600,60.0,[2245.3251366120217],"[1043, 1868, 2070, 3338, 3677]",0.33333333333333337,175.32513661202165,00:00:02,2.7940150732174516,0.0006487148997486537
