Algorithm,Log Source,Log,MRID,Epsilon,Detected Changepoints,Actual Changepoints for Log,F1-Score,Average Lag,Duration,Duration (Seconds),Seconds per Case
Zheng DBSCAN,with_noise_10,log_83_1692952563,600,60.0,"[1535.60546875, 4318.393442622951, 6160.236111111111, 6665.2, 7342.888888888889, 8272.5]","[1140, 2294, 3652, 5073, 6291, 6948]",0.16666666666666666,130.7638888888887,00:00:03,3.5743648409843445,0.00042832412714012514
