Algorithm,Log Source,Log,MRID,Epsilon,Detected Changepoints,Actual Changepoints for Log,F1-Score,Average Lag,Duration,Duration (Seconds),Seconds per Case
Zheng DBSCAN,with_noise_10,log_43_1687181986,700,70.0,"[1255.0416666666667, 2464.575, 3068.1666666666665, 3430.909090909091, 3949.0, 4080.5, 4189.0, 4275.0]","[979, 1204, 2415, 2632, 3669]",0.3076923076923077,50.30833333333328,00:00:01,1.2774937180802226,0.00029750668795533827
