Algorithm,Log Source,Log,MRID,Epsilon,Detected Changepoints,Actual Changepoints for Log,F1-Score,Average Lag,Duration,Duration (Seconds),Seconds per Case
Zheng DBSCAN,with_noise_10,log_20_1687181939,500,100.0,"[558.5555555555555, 864.7142857142857, 2017.0576923076924, 3199.3125, 3531.0, 3750.2]","[1383, 2319, 2819]",,,00:00:00,0.26592573150992393,6.763116264240181e-05
