Algorithm,Log Source,Log,MRID,Epsilon,Detected Changepoints,Actual Changepoints for Log,F1-Score,Average Lag,Duration,Duration (Seconds),Seconds per Case
Zheng DBSCAN,with_noise_5,log_100_1687182078,600,60.0,"[693.75, 786.0, 881.2, 1021.0, 1115.8, 1305.0, 1412.5, 1513.3333333333333, 1759.3333333333333, 1856.0, 2104.3333333333335, 2267.8]",[1133],0.15384615384615385,17.200000000000045,00:00:00,0.28852013498544693,0.00012163580732944643
