Algorithm,Log Source,Log,MRID,Epsilon,Detected Changepoints,Actual Changepoints for Log,F1-Score,Average Lag,Duration,Duration (Seconds),Seconds per Case
Zheng DBSCAN,with_noise_10,log_43_1687181986,600,60.0,"[1239.6484375, 2057.8888888888887, 2560.08, 3457.6301369863013, 3914.4, 4080.5, 4187.5, 4275.0]","[979, 1204, 2415, 2632, 3669]",0.3076923076923077,53.784218750000036,00:00:01,1.258789044804871,0.00029315068579526573
