Algorithm,Log Source,Log,MRID,Epsilon,Detected Changepoints,Actual Changepoints for Log,F1-Score,Average Lag,Duration,Duration (Seconds),Seconds per Case
Zheng DBSCAN,with_noise_10,log_92_1687182064,400,80.0,"[1084.8079470198675, 2204.1666666666665]",[1041],0.6666666666666666,43.80794701986747,00:00:00,0.7708716308698058,0.0003436788367676352
