Algorithm,Log Source,Log,MRID,Epsilon,Detected Changepoints,Actual Changepoints for Log,F1-Score,Average Lag,Duration,Duration (Seconds),Seconds per Case
Zheng DBSCAN,with_noise_5,log_22_1687181941,400,80.0,"[660.8823529411765, 971.0, 1145.25, 1313.3333333333333, 1448.0, 1734.3333333333333, 2211.1428571428573, 2604.0, 2978.3333333333335, 3161.75, 3576.8571428571427, 3863.0, 4065.5, 4280.666666666667, 4385.0, 4690.0]","[1159, 1512, 2578, 3506, 3838]",0.47619047619047616,39.921428571428535,00:00:00,0.4534921767190099,9.667281533127476e-05
