Algorithm,Log Source,Log,MRID,Epsilon,Detected Changepoints,Actual Changepoints for Log,F1-Score,Average Lag,Duration,Duration (Seconds),Seconds per Case
Zheng DBSCAN,without_noise,log_92_1692952610,300,90.0,"[660.0, 1000.0, 1116.0, 1512.5833333333333, 1769.0, 1959.3333333333333, 2300.0, 2699.0, 2961.0, 3085.0, 3387.0833333333335, 3815.0, 4388.0, 4769.166666666667, 4965.0, 5190.0, 5295.0, 5417.0, 5863.0, 6276.5, 6498.416666666667, 6751.0, 7020.0, 7479.0, 8081.0, 8254.0, 8427.0, 8608.0, 8754.0, 8958.0, 9081.0, 9892.0, 10201.0]","[1496, 2990, 3497, 4700, 5462, 6515, 7455, 8576, 9153]",0.42857142857142855,46.02777777777775,00:00:02,2.735891681164503,0.00025937539639405604
