Algorithm,Log Source,Log,MRID,Epsilon,Detected Changepoints,Actual Changepoints for Log,F1-Score,Average Lag,Duration,Duration (Seconds),Seconds per Case
Zheng DBSCAN,with_noise_5,log_88_1687182055,300,120.0,[2299.7353951890036],"[1401, 1950, 2206, 3218, 3462]",0.33333333333333337,93.73539518900361,00:00:00,0.6837562555447221,0.0001606192754392112
