Algorithm,Log Source,Log,MRID,Epsilon,Detected Changepoints,Actual Changepoints for Log,F1-Score,Average Lag,Duration,Duration (Seconds),Seconds per Case
Zheng DBSCAN,without_noise,log_90_1692952603,300,60.0,"[347.0, 1538.0, 1631.6666666666667, 1747.0, 2873.1666666666665, 4026.0, 4102.0, 4244.0, 4374.0, 4660.0, 5006.5, 5202.0, 5623.0, 5709.5, 5800.0, 5866.0, 6013.5, 6123.5, 6320.0, 6409.5, 6587.5, 6856.0, 7246.0, 7505.0, 7887.333333333333, 8004.6]","[1042, 1748, 2855, 4089, 4623, 5847, 6623, 7991]",0.411764705882353,19.60952380952384,00:00:01,1.5264916345477104,0.00016648398239150512
