Algorithm,Log Source,Log,MRID,Epsilon,Detected Changepoints,Actual Changepoints for Log,F1-Score,Average Lag,Duration,Duration (Seconds),Seconds per Case
Zheng DBSCAN,with_noise_10,log_34_1692952321,400,40.0,"[453.0, 555.0, 721.0, 859.0, 979.3333333333334, 1116.3333333333333, 1350.0, 1421.0, 1468.0, 1556.0, 1704.0, 1755.0, 1926.0, 1997.0, 2206.0, 2252.0, 2335.6666666666665, 2485.5, 2799.3333333333335, 2876.5, 3000.5, 3056.5, 3290.0, 3459.0, 3547.25, 3610.0, 3885.0, 4016.0]","[1165, 2205, 2867]",0.19354838709677416,19.722222222222246,00:00:00,0.28111049346625805,6.851340323330687e-05
