Algorithm,Log Source,Log,MRID,Epsilon,Detected Changepoints,Actual Changepoints for Log,F1-Score,Average Lag,Duration,Duration (Seconds),Seconds per Case
Zheng DBSCAN,without_noise,log_82_1692952560,300,30.0,"[332.0, 408.5, 457.6666666666667, 514.0, 588.6666666666666, 641.75, 689.0, 789.0, 989.5, 1092.3333333333333, 1232.8, 1312.0, 1363.3333333333333, 1443.2222222222222, 1504.0, 1541.5, 1678.0, 1738.2, 1842.875, 2039.5, 2142.0, 2211.3, 2277.0, 2350.0, 2404.25, 2470.6666666666665, 2572.777777777778, 2681.0, 2724.6666666666665, 2816.4, 2897.0, 2953.3333333333335, 3025.8333333333335, 3085.0, 3133.0, 3205.2, 3284.0, 3428.3846153846152, 3551.3333333333335, 3644.3333333333335, 3724.2, 3866.4, 3983.5714285714284, 4047.5, 4119.333333333333, 4181.2, 4308.0, 4358.0, 4513.666666666667, 4630.0, 4679.0, 4764.666666666667, 4909.928571428572, 5118.333333333333, 5198.0, 5272.25, 5338.625, 5403.333333333333, 5457.0, 5522.6, 5618.9, 5705.428571428572, 5788.25, 5868.0, 5948.636363636364, 6069.0, 6187.125, 6356.0, 6427.833333333333, 6546.777777777777, 6681.5, 6814.5, 6954.0, 7017.0]","[1360, 1891, 3328, 4126, 5282, 6014]",0.15,27.81250000000004,00:00:01,1.9623491894453764,0.0002785449523698192
