Algorithm,Log Source,Log,MRID,Epsilon,Detected Changepoints,Actual Changepoints for Log,F1-Score,Average Lag,Duration,Duration (Seconds),Seconds per Case
Zheng DBSCAN,with_noise_10,log_17_1687181934,500,50.0,"[534.5, 616.3333333333334, 716.0, 1299.763888888889, 1877.0, 2114.4545454545455, 2603.157894736842, 3108.4285714285716, 3381.75, 3523.5833333333335, 3717.5714285714284, 3996.170731707317, 4386.0, 4521.0, 4669.875, 4778.0]","[975, 1309, 2437, 2652, 3899]",0.2857142857142857,51.74964936052864,00:00:01,1.830450315028429,0.00037601690941422124
