Algorithm,Log Source,Log,MRID,Epsilon,Detected Changepoints,Actual Changepoints for Log,F1-Score,Average Lag,Duration,Duration (Seconds),Seconds per Case
Zheng DBSCAN,with_noise_5,log_88_1687182055,600,180.0,"[1141.4333333333334, 2067.3684210526317, 2724.409090909091, 3481.4285714285716, 4115.666666666667]","[1401, 1950, 2206, 3218, 3462]",0.4000000000000001,68.39849624060162,00:00:00,0.6828438714146614,0.00016040494982726367
