Algorithm,Log Source,Log,MRID,Epsilon,Detected Changepoints,Actual Changepoints for Log,F1-Score,Average Lag,Duration,Duration (Seconds),Seconds per Case
Zheng DBSCAN,with_noise_5,log_96_1687182073,300,150.0,[1937.006289308176],"[805, 1076, 1645, 1910, 2579, 2949]",0.2857142857142857,27.006289308176065,00:00:00,0.515193716622889,0.00012495603119643198
