Algorithm,Log Source,Log,MRID,Epsilon,Detected Changepoints,Actual Changepoints for Log,F1-Score,Average Lag,Duration,Duration (Seconds),Seconds per Case
Zheng DBSCAN,with_noise_15,log_23_1687181942,600,60.0,"[919.3725490196078, 2117.561224489796, 3747.847593582888, 5407.36]","[859, 1255, 2629, 4001, 4377]",0.22222222222222224,60.372549019607845,00:00:01,1.6563448933884501,0.00029870962910522096
