Algorithm,Log Source,Log,MRID,Epsilon,Detected Changepoints,Actual Changepoints for Log,F1-Score,Average Lag,Duration,Duration (Seconds),Seconds per Case
Zheng DBSCAN,with_noise_5,log_64_1687182018,500,50.0,"[545.4285714285714, 1369.5377358490566]",[1359],0.6666666666666666,10.537735849056617,00:00:00,0.6023849714547396,0.00030515956000746683
