Algorithm,Log Source,Log,MRID,Epsilon,Detected Changepoints,Actual Changepoints for Log,F1-Score,Average Lag,Duration,Duration (Seconds),Seconds per Case
Zheng DBSCAN,without_noise,log_17_1687181934,400,80.0,"[469.8181818181818, 721.8333333333334, 1135.3214285714287, 1474.0, 2223.463768115942, 2864.0, 3163.470588235294, 3448.0, 3836.740740740741, 4338.045454545455, 4745.666666666667]","[975, 1309, 2437, 2652, 3899]",0.37499999999999994,129.19356261022926,00:00:01,1.880598234012723,0.0003863184539878231
