Algorithm,Log Source,Log,MRID,Epsilon,Detected Changepoints,Actual Changepoints for Log,F1-Score,Average Lag,Duration,Duration (Seconds),Seconds per Case
Zheng DBSCAN,with_noise_5,log_43_1692952382,500,200.0,"[1882.9846153846154, 4533.75, 5746.615384615385]","[1200, 1740, 3030, 4200, 5001]",0.25,142.98461538461538,00:00:00,0.84478366561234,0.00013967983889092922
