Algorithm,Log Source,Log,MRID,Epsilon,Detected Changepoints,Actual Changepoints for Log,F1-Score,Average Lag,Duration,Duration (Seconds),Seconds per Case
Zheng DBSCAN,with_noise_5,log_57_1687182008,300,30.0,"[397.3333333333333, 458.0, 537.25, 601.5, 652.5, 735.5, 913.5454545454545, 1007.5, 1089.5, 1176.4, 1259.0, 1322.5, 1376.3333333333333, 1448.6666666666667, 1533.3333333333333, 1606.0, 1706.5, 1821.3333333333333, 1920.5, 1990.3333333333333, 2093.2727272727275, 2231.0, 2290.0, 2331.0, 2415.0, 2560.4, 2638.0, 2697.0, 2821.5, 2867.5, 2917.0, 2961.5, 3026.0, 3093.3333333333335, 3174.1666666666665, 3261.25, 3360.5, 3395.0, 3518.5, 3566.0, 3614.1666666666665, 3710.25, 3784.8, 3848.0, 3899.0, 3962.6666666666665, 4013.5, 4070.0, 4122.75, 4187.0, 4257.5, 4300.5, 4354.0, 4393.0, 4477.857142857143, 4596.5, 4674.0, 4733.25, 4784.0, 4834.0, 4870.0, 4922.0, 5043.375, 5159.714285714285, 5281.0, 5332.5, 5476.0, 5535.0, 5587.0]","[1216, 1576, 2324, 2698, 4174, 4390]",0.16,15.599999999999985,00:00:00,0.7150683142244816,0.00012629253165391763
