Algorithm,Log Source,Log,MRID,Epsilon,Detected Changepoints,Actual Changepoints for Log,F1-Score,Average Lag,Duration,Duration (Seconds),Seconds per Case
Zheng DBSCAN,with_noise_15,log_100_1687182078,300,60.0,"[311.0, 466.5, 592.0, 784.0, 898.5, 1024.0, 1119.5, 1400.857142857143, 1659.0, 1891.5555555555557, 2013.0, 2252.5]",[1133],0.15384615384615385,13.5,00:00:00,0.13472963962703943,5.680001670617177e-05
