Algorithm,Log Source,Log,MRID,Epsilon,Detected Changepoints,Actual Changepoints for Log,F1-Score,Average Lag,Duration,Duration (Seconds),Seconds per Case
Zheng DBSCAN,without_noise,log_52_1692952415,500,250.0,"[542.4444444444445, 1426.842105263158, 2135.8333333333335, 3188.5945945945946]","[1490, 2522, 3523]",0.28571428571428575,63.15789473684208,00:00:01,1.2735818903893232,0.0002703421546145878
