Algorithm,Log Source,Log,MRID,Epsilon,Detected Changepoints,Actual Changepoints for Log,F1-Score,Average Lag,Duration,Duration (Seconds),Seconds per Case
Zheng DBSCAN,with_noise_10,log_90_1692952603,600,60.0,"[664.3333333333334, 772.0, 985.2, 1081.5, 1225.0, 1433.8, 1625.8333333333333, 1834.0, 1939.0, 2038.5, 2198.0, 2297.25, 2428.5, 2845.277777777778, 3076.0, 3180.0, 3261.0, 3519.3333333333335, 3718.1666666666665, 4085.875, 4292.0, 4402.0, 4671.666666666667, 4815.5, 4940.5, 5013.5, 5132.666666666667, 5270.75, 5652.0, 5778.0, 5909.0, 6055.666666666667, 6166.666666666667, 6373.5, 6534.0, 6663.0, 6759.0, 6902.0, 6983.0, 7073.0, 7178.0, 7284.5, 7440.0, 7624.6, 7803.0, 8043.333333333333, 8220.5, 8341.5, 8565.0, 8989.5]","[1042, 1748, 2855, 4089, 4623, 5847, 6623, 7991]",0.2758620689655173,42.66840277777777,00:00:01,1.2420993521809578,0.00013546726493412125
