Algorithm,Log Source,Log,MRID,Epsilon,Detected Changepoints,Actual Changepoints for Log,F1-Score,Average Lag,Duration,Duration (Seconds),Seconds per Case
Zheng DBSCAN,with_noise_5,log_41_1687181983,300,90.0,"[828.439393939394, 2301.8207547169814, 3804.633333333333, 4494.111111111111, 4724.4]","[601, 890, 2386, 2718, 3227, 3580]",0.3636363636363636,72.86992567181233,00:00:00,0.6982451993972063,0.0001458323307011709
