Algorithm,Log Source,Log,MRID,Epsilon,Detected Changepoints,Actual Changepoints for Log,F1-Score,Average Lag,Duration,Duration (Seconds),Seconds per Case
Zheng DBSCAN,with_noise_10,log_56_1692952426,600,240.0,"[1416.1739130434783, 3789.5142857142855, 5627.0, 5946.0, 6419.666666666667, 7272.0, 8163.888888888889, 9365.578947368422, 10258.666666666666, 10722.25, 11247.0]","[1162, 2602, 3692, 5083, 5750, 6960, 8196, 9356, 10281]",0.5,56.907535505430495,00:00:01,1.0082960780709982,8.871160285685361e-05
