Algorithm,Log Source,Log,MRID,Epsilon,Detected Changepoints,Actual Changepoints for Log,F1-Score,Average Lag,Duration,Duration (Seconds),Seconds per Case
Zheng DBSCAN,without_noise,log_40_1692952371,400,40.0,"[648.0, 706.0, 1282.0, 1385.0, 1454.5, 1508.0, 1689.6666666666667, 1747.3333333333333, 1803.0, 1869.0, 2274.0, 2325.0, 2735.0, 3305.0, 3404.0, 3615.0, 3863.5, 4027.0, 4304.5, 4381.5, 4597.0, 4677.0, 4872.0, 4932.0, 5140.0, 5291.5, 5461.0, 5940.0]","[1129, 1871, 3306, 4382, 5293]",0.30303030303030304,31.6,00:00:01,1.642327208071947,0.0002582275484389854
