Algorithm,Log Source,Log,MRID,Epsilon,Detected Changepoints,Actual Changepoints for Log,F1-Score,Average Lag,Duration,Duration (Seconds),Seconds per Case
Zheng DBSCAN,with_noise_5,log_61_1687182016,300,30.0,"[352.0, 441.75, 507.25, 625.0, 670.0, 782.0, 874.1818181818181, 973.0, 1048.3333333333333, 1143.25, 1258.0, 1413.0, 1509.8333333333333, 1569.0, 1617.75, 1708.5, 1766.4, 1863.4545454545455, 1949.0, 2013.0, 2044.0, 2116.0, 2211.5714285714284, 2310.0, 2350.0, 2400.0, 2461.0, 2513.0]","[1128, 1415]",0.13333333333333333,8.625,00:00:00,0.20790107641369104,8.089536047225333e-05
