Algorithm,Log Source,Log,MRID,Epsilon,Detected Changepoints,Actual Changepoints for Log,F1-Score,Average Lag,Duration,Duration (Seconds),Seconds per Case
Zheng DBSCAN,with_noise_10,log_71_1687182031,700,280.0,[2179.8571428571427],"[940, 1158, 1961, 2167, 3303, 3626]",0.2857142857142857,12.857142857142662,00:00:01,1.2632007729262114,0.0002800267729829775
