Algorithm,Log Source,Log,MRID,Epsilon,Detected Changepoints,Actual Changepoints for Log,F1-Score,Average Lag,Duration,Duration (Seconds),Seconds per Case
Zheng DBSCAN,without_noise,log_77_1692952527,400,200.0,"[588.5, 1078.5, 1387.0, 1912.1666666666667, 3596.923076923077, 4973.428571428572, 6293.526315789473, 6639.0, 7013.5, 7327.5, 7669.0, 8494.0625, 9289.454545454546, 10209.888888888889, 10686.57142857143, 11140.0]","[1150, 2081, 3258, 3936, 4990, 6332, 7232, 8267, 9297, 10336]",0.5384615384615384,74.93357311026482,00:00:05,5.961439970880747,0.0005187018159645651
