Algorithm,Log Source,Log,MRID,Epsilon,Detected Changepoints,Actual Changepoints for Log,F1-Score,Average Lag,Duration,Duration (Seconds),Seconds per Case
Zheng DBSCAN,with_noise_15,log_76_1687182037,800,160.0,"[1027.3333333333333, 1655.1666666666667, 2276.0, 2615.5, 3078.0]","[1056, 1741, 2740]",0.7499999999999999,79.66666666666667,00:00:00,0.24483809992671013,7.480540786028419e-05
