Algorithm,Log Source,Log,MRID,Epsilon,Detected Changepoints,Actual Changepoints for Log,F1-Score,Average Lag,Duration,Duration (Seconds),Seconds per Case
Zheng DBSCAN,without_noise,log_56_1687182007,300,150.0,"[415.7647058823529, 1401.4615384615386, 2260.5, 2656.5]","[999, 1336]",0.3333333333333333,65.46153846153857,00:00:00,0.8454076824709773,0.00031381131494839543
