Algorithm,Log Source,Log,MRID,Epsilon,Detected Changepoints,Actual Changepoints for Log,F1-Score,Average Lag,Duration,Duration (Seconds),Seconds per Case
Zheng DBSCAN,with_noise_5,log_42_1692952376,500,50.0,"[517.0, 929.0, 1305.0, 1385.0, 1561.0, 1676.0, 1814.0, 1940.0, 2423.5, 2488.0, 2616.0, 2814.0, 2944.0, 3263.0, 3423.5, 3522.0, 3693.3333333333335, 3807.6666666666665, 3903.0, 3981.0, 4106.5, 4207.0, 4373.0, 4430.0, 4565.0, 4618.0, 4749.0, 4886.333333333333, 5021.0, 5105.0, 5235.0, 5481.0, 5658.0, 5860.333333333333, 6044.0, 6457.0, 6616.0, 6758.555555555556, 6963.5, 7069.5, 7204.0, 7293.0, 7456.0, 7535.0, 7634.0, 7787.0, 7887.666666666667, 8089.0, 8381.142857142857, 8897.0, 9004.0, 9083.0, 9426.5, 9655.0, 9740.0, 9809.0, 9910.5, 10302.0, 10543.75, 10654.0, 10986.0, 11067.5, 11258.0, 11498.0, 11729.0, 11799.0, 12114.0, 12286.333333333334, 12379.5, 12506.666666666666, 12608.0, 12804.0, 12888.0, 12992.333333333334, 13090.0, 13152.0, 13242.0, 13472.0, 13704.0, 13780.0, 13900.0]","[1465, 2388, 3805, 4827, 5718, 6808, 7871, 8414, 9656, 10599, 11897, 12538]",0.25806451612903225,43.48346560846566,00:00:01,1.2541242614388466,9.012103057192056e-05
