Algorithm,Log Source,Log,MRID,Epsilon,Detected Changepoints,Actual Changepoints for Log,F1-Score,Average Lag,Duration,Duration (Seconds),Seconds per Case
Zheng DBSCAN,with_noise_5,log_4_1687181921,500,50.0,"[595.0769230769231, 825.3333333333334, 962.0, 1023.0, 1140.6666666666667, 1255.0, 1395.9333333333334, 1779.0, 1887.0, 1978.0, 2070.0, 2243.0, 2315.0, 2435.2, 2564.0]","[1313, 1543]",0.23529411764705882,102.5333333333333,00:00:00,0.3011612258851528,0.00011429268534540904
