Algorithm,Log Source,Log,MRID,Epsilon,Detected Changepoints,Actual Changepoints for Log,F1-Score,Average Lag,Duration,Duration (Seconds),Seconds per Case
Zheng DBSCAN,without_noise,log_97_1692952631,600,300.0,"[1387.6666666666667, 2386.0, 3659.0, 4315.333333333333, 5404.666666666667, 6534.5, 7089.333333333333]","[1365, 2387, 3660, 4381, 5395, 6560, 7200]",1.0,33.738095238095376,00:00:01,1.085422359406948,0.0001323847248941271
