Algorithm,Log Source,Log,MRID,Epsilon,Detected Changepoints,Actual Changepoints for Log,F1-Score,Average Lag,Duration,Duration (Seconds),Seconds per Case
Zheng DBSCAN,with_noise_15,log_79_1687182041,300,30.0,"[355.5625, 595.2448979591836, 849.7894736842105, 1267.4819277108434, 1601.8, 1707.6666666666667, 1809.125]",[532],0.25,63.24489795918362,00:00:00,0.6387562155723572,0.00034866605653512947
