Algorithm,Log Source,Log,MRID,Epsilon,Detected Changepoints,Actual Changepoints for Log,F1-Score,Average Lag,Duration,Duration (Seconds),Seconds per Case
Zheng DBSCAN,without_noise,log_68_1687182024,300,120.0,"[611.0, 1086.9285714285713, 1493.8333333333333, 1921.4666666666667, 2402.2727272727275, 2751.3333333333335, 3156.1428571428573, 3457.0, 3779.25, 4155.0, 4482.5]","[896, 1272, 1818, 2030, 2923, 3240]",0.4705882352941177,136.01547619047614,00:00:02,2.063150600530207,0.0004567524021541304
