Algorithm,Log Source,Log,MRID,Epsilon,Detected Changepoints,Actual Changepoints for Log,F1-Score,Average Lag,Duration,Duration (Seconds),Seconds per Case
Zheng DBSCAN,with_noise_10,log_90_1692952603,400,40.0,"[512.7777777777778, 656.8, 781.0, 908.0, 1024.1666666666667, 1192.75, 1281.0, 1434.857142857143, 1618.5555555555557, 1816.5, 1901.6666666666667, 1960.0, 2038.5, 2132.3333333333335, 2289.846153846154, 2428.5, 2498.5, 2739.0, 2841.5714285714284, 2954.0, 2999.0, 3089.0, 3170.5, 3250.6666666666665, 3476.6, 3576.3333333333335, 3686.8, 3751.0, 3831.5, 3910.0, 4057.1666666666665, 4177.666666666667, 4306.4, 4405.0, 4507.0, 4649.0, 4716.5, 4787.5, 4843.5, 4929.5, 5013.5, 5132.0, 5267.333333333333, 5357.0, 5473.0, 5565.0, 5652.0, 5776.428571428572, 5914.142857142857, 6047.75, 6161.285714285715, 6377.142857142857, 6544.666666666667, 6680.375, 6832.0, 6908.25, 6976.5, 7072.5, 7162.75, 7281.666666666667, 7376.4, 7472.428571428572, 7567.666666666667, 7621.5, 7688.5, 7803.0, 8023.894736842105, 8220.5, 8375.285714285714, 8493.0, 8561.5, 8626.0, 8691.0, 8841.0, 8899.0, 8989.5, 9047.0, 9147.0]","[1042, 1748, 2855, 4089, 4623, 5847, 6623, 7991]",0.18604651162790695,39.37597901002502,00:00:01,1.4080674424767494,0.00015356826725670733
