Algorithm,Log Source,Log,MRID,Epsilon,Detected Changepoints,Actual Changepoints for Log,F1-Score,Average Lag,Duration,Duration (Seconds),Seconds per Case
Zheng DBSCAN,without_noise,log_31_1687181960,800,400.0,"[1012.0416666666666, 2043.7083333333333, 3402.8571428571427]","[1043, 1868, 2070, 3338, 3677]",0.7499999999999999,40.70238095238093,00:00:02,2.7781637758016586,0.0006450345427911907
