Algorithm,Log Source,Log,MRID,Epsilon,Detected Changepoints,Actual Changepoints for Log,F1-Score,Average Lag,Duration,Duration (Seconds),Seconds per Case
Zheng DBSCAN,with_noise_5,log_78_1687182040,300,60.0,"[460.5, 705.4, 968.0, 1129.0, 1342.0, 1453.0, 1567.0, 1722.4285714285713, 1891.4285714285713, 2072.0, 2231.6666666666665]",[743],0.16666666666666669,37.60000000000002,00:00:00,0.21941421274095774,9.812800212028521e-05
