Algorithm,Log Source,Log,MRID,Epsilon,Detected Changepoints,Actual Changepoints for Log,F1-Score,Average Lag,Duration,Duration (Seconds),Seconds per Case
Zheng DBSCAN,with_noise_10,log_92_1687182064,400,40.0,"[489.61290322580646, 663.5, 735.0, 948.3783783783783, 1230.4166666666667, 1456.375, 1666.9, 1803.0833333333333, 1942.0, 2040.375, 2204.1666666666665]",[1041],0.16666666666666669,92.62162162162167,00:00:00,0.7708716308698058,0.0003436788367676352
