Algorithm,Log Source,Log,MRID,Epsilon,Detected Changepoints,Actual Changepoints for Log,F1-Score,Average Lag,Duration,Duration (Seconds),Seconds per Case
Zheng DBSCAN,without_noise,log_86_1692952579,400,80.0,"[790.2162162162163, 1453.4, 1881.12, 3987.733108108108, 6234.178571428572, 6735.9, 8836.39114391144]","[1451, 2814, 3789, 5069, 6015, 7177, 8153, 9456]",0.26666666666666666,100.566554054054,00:00:06,6.383587511256337,0.000596875877630326
