Algorithm,Log Source,Log,MRID,Epsilon,Detected Changepoints,Actual Changepoints for Log,F1-Score,Average Lag,Duration,Duration (Seconds),Seconds per Case
Zheng DBSCAN,without_noise,log_59_1687182010,600,300.0,"[969.8913043478261, 2650.2444444444445]","[788, 1187, 2051, 3036, 3241]",0.28571428571428575,181.89130434782612,00:00:02,2.067974627017975,0.0005351901208638651
