Algorithm,Log Source,Log,MRID,Epsilon,Detected Changepoints,Actual Changepoints for Log,F1-Score,Average Lag,Duration,Duration (Seconds),Seconds per Case
Zheng DBSCAN,with_noise_10,log_20_1687181939,500,150.0,"[692.5, 2295.235294117647, 3531.0, 3750.2]","[1383, 2319, 2819]",0.28571428571428575,23.764705882353155,00:00:00,0.26592573150992393,6.763116264240181e-05
