Algorithm,Log Source,Log,MRID,Epsilon,Detected Changepoints,Actual Changepoints for Log,F1-Score,Average Lag,Duration,Duration (Seconds),Seconds per Case
Zheng DBSCAN,with_noise_5,log_99_1692952644,500,150.0,"[1005.55, 2281.0, 3170.4166666666665, 4786.847826086957, 6272.136363636364, 7212.176470588235, 7905.0, 8256.666666666666]","[1091, 2218, 3016, 4029, 4956, 6397, 7026]",0.7999999999999999,130.50982458859679,00:00:00,0.8224876206368208,9.921442950986981e-05
