Algorithm,Log Source,Log,MRID,Epsilon,Detected Changepoints,Actual Changepoints for Log,F1-Score,Average Lag,Duration,Duration (Seconds),Seconds per Case
Zheng DBSCAN,with_noise_10,log_95_1687182068,300,90.0,[2831.5395213923134],"[561, 936, 2338, 2712, 4212]",0.33333333333333337,119.53952139231342,00:00:03,3.5533354161307216,0.0006299123233700978
