Algorithm,Log Source,Log,MRID,Epsilon,Detected Changepoints,Actual Changepoints for Log,F1-Score,Average Lag,Duration,Duration (Seconds),Seconds per Case
Zheng DBSCAN,without_noise,log_1_1687181916,300,120.0,"[1404.6666666666667, 1877.5, 2213.0, 2400.3333333333335, 2716.0, 3043.0, 3314.0, 3641.6, 4092.0]","[1292, 2437, 3613]",0.5,59.31111111111105,00:00:02,2.7759536830708385,0.0005853972338825049
