Algorithm,Log Source,Log,MRID,Epsilon,Detected Changepoints,Actual Changepoints for Log,F1-Score,Average Lag,Duration,Duration (Seconds),Seconds per Case
Zheng DBSCAN,with_noise_10,log_21_1687181940,700,70.0,"[764.9354838709677, 1495.357142857143]",[668],0.6666666666666666,96.93548387096769,00:00:00,0.9530774252489209,0.0005168532674885688
