Algorithm,Log Source,Log,MRID,Epsilon,Detected Changepoints,Actual Changepoints for Log,F1-Score,Average Lag,Duration,Duration (Seconds),Seconds per Case
Zheng DBSCAN,without_noise,log_39_1687181976,300,60.0,"[343.0, 460.0, 609.6666666666666, 705.0, 929.8, 1065.0, 1168.0, 1374.111111111111, 1539.0, 1854.9, 2100.5, 2176.0, 2264.0, 2348.0, 2432.5, 2683.0, 2787.0, 2885.5, 3058.0, 3144.5, 3249.0, 3368.75, 3489.0, 3617.5, 3781.75, 3986.5]","[706, 972, 2184, 3059, 3368]",0.32258064516129037,10.590000000000009,00:00:03,3.329152626916766,0.000793600149443806
