Algorithm,Log Source,Log,MRID,Epsilon,Detected Changepoints,Actual Changepoints for Log,F1-Score,Average Lag,Duration,Duration (Seconds),Seconds per Case
Zheng DBSCAN,with_noise_10,log_49_1692952403,400,160.0,"[773.3333333333334, 1332.375, 2258.3333333333335, 3465.451612903226, 4735.411764705882, 5434.0, 5899.5, 6358.142857142857, 6831.25, 7711.0, 8853.65, 9634.555555555555, 10338.5, 10781.833333333334, 11237.0, 11539.0, 11714.0, 12190.0]","[1207, 2115, 3260, 3826, 4852, 5704, 6865, 8311, 8890, 10017, 10880]",0.4827586206896552,107.00903361344542,00:00:01,1.1648407354950905,9.467940628262135e-05
