Algorithm,Log Source,Log,MRID,Epsilon,Detected Changepoints,Actual Changepoints for Log,F1-Score,Average Lag,Duration,Duration (Seconds),Seconds per Case
Zheng DBSCAN,with_noise_5,log_48_1687181998,300,60.0,"[507.6027397260274, 1219.1346153846155, 2827.859090909091, 4207.428571428572]","[1144, 2359, 2666, 3482, 3756]",0.4444444444444445,118.49685314685314,00:00:00,0.8773236144334078,0.00020440904343742026
