Algorithm,Log Source,Log,MRID,Epsilon,Detected Changepoints,Actual Changepoints for Log,F1-Score,Average Lag,Duration,Duration (Seconds),Seconds per Case
Zheng DBSCAN,without_noise,log_89_1692952588,400,160.0,"[1252.6666666666667, 3372.5714285714284, 4786.0, 6089.375, 6913.6, 8500.166666666666, 10254.5, 12508.666666666666, 13106.75, 14521.5, 15691.75]","[1231, 2194, 3370, 4789, 6034, 6961, 8392, 8969, 10160, 11100, 12512, 13171, 14519, 15691]",0.88,36.68300865800862,00:00:05,5.6464931685477495,0.0003355814316265155
