Algorithm,Log Source,Log,MRID,Epsilon,Detected Changepoints,Actual Changepoints for Log,F1-Score,Average Lag,Duration,Duration (Seconds),Seconds per Case
Zheng DBSCAN,with_noise_5,log_9_1687181928,400,80.0,"[849.1960784313726, 1558.0714285714287, 1760.0, 1934.6666666666667, 2754.8615384615387, 3641.9333333333334, 3987.470588235294, 4438.5]","[1135, 1916, 2696, 2989]",0.3333333333333333,38.7641025641027,00:00:00,0.726247220300138,0.00016189193497551002
