Algorithm,Log Source,Log,MRID,Epsilon,Detected Changepoints,Actual Changepoints for Log,F1-Score,Average Lag,Duration,Duration (Seconds),Seconds per Case
Zheng DBSCAN,with_noise_5,log_83_1687182046,700,350.0,"[1208.0, 1881.3333333333333, 2686.0, 3319.3333333333335]","[1171, 1687, 2573, 2813]",0.75,114.77777777777776,00:00:00,0.16960402484983206,4.6543365765596066e-05
