Algorithm,Log Source,Log,MRID,Epsilon,Detected Changepoints,Actual Changepoints for Log,F1-Score,Average Lag,Duration,Duration (Seconds),Seconds per Case
Zheng DBSCAN,with_noise_10,log_99_1692952644,300,30.0,"[328.3333333333333, 388.0, 425.75, 508.5, 557.0, 661.5, 760.25, 804.0, 860.5, 921.6666666666666, 969.0, 1010.0, 1124.0, 1233.0, 1267.5, 1404.0, 1468.5, 1545.0, 1587.5, 1644.6666666666667, 1813.0, 1874.5, 1918.0, 2008.0, 2129.5555555555557, 2216.0, 2258.5, 2428.6, 2534.5, 2600.0, 2648.5, 2853.5, 2967.5, 3025.0, 3219.0, 3299.4285714285716, 3402.0, 3469.5, 3552.0, 3630.8, 3743.0, 3842.0, 3900.0, 3952.5, 4035.0, 4185.0, 4218.0, 4410.0, 4474.666666666667, 4545.0, 4579.0, 4610.0, 4664.0, 4730.5, 4792.0, 4852.5, 4902.0, 4952.666666666667, 4990.0, 5044.5, 5099.0, 5145.0, 5234.0, 5320.5, 5380.5, 5572.777777777777, 5687.285714285715, 5779.0, 5894.8, 5955.333333333333, 6178.25, 6284.5, 6324.0, 6397.0, 6493.0, 6653.875, 6773.0, 6911.0, 7035.4, 7107.0, 7172.0, 7238.0, 7356.333333333333, 7397.0, 7446.0, 7632.5, 7734.0, 8188.0, 8263.0]","[1091, 2218, 3016, 4029, 4956, 6397, 7026]",0.14583333333333334,8.961904761904666,00:00:00,0.8311953544616699,0.00010026481959730638
