Algorithm,Log Source,Log,MRID,Epsilon,Detected Changepoints,Actual Changepoints for Log,F1-Score,Average Lag,Duration,Duration (Seconds),Seconds per Case
Zheng DBSCAN,with_noise_20,log_84_1687182047,800,80.0,"[853.6666666666666, 1435.4, 1911.0, 2029.0, 2137.0, 2287.0, 2427.0, 2518.0]",[1338],0.2222222222222222,97.40000000000009,00:00:01,1.1579519221559167,0.00045427694082225055
