Algorithm,Log Source,Log,MRID,Epsilon,Detected Changepoints,Actual Changepoints for Log,F1-Score,Average Lag,Duration,Duration (Seconds),Seconds per Case
Zheng DBSCAN,with_noise_10,log_85_1692952576,400,160.0,"[2855.125786163522, 6198.5, 7246.323529411765, 8232.833333333334, 8653.888888888889, 9286.692307692309]","[1459, 1990, 3383, 4503, 5074, 6148, 6878, 8310]",0.28571428571428575,63.83333333333303,00:00:00,0.9618211556226015,9.825530244382485e-05
