Algorithm,Log Source,Log,MRID,Epsilon,Detected Changepoints,Actual Changepoints for Log,F1-Score,Average Lag,Duration,Duration (Seconds),Seconds per Case
Zheng DBSCAN,with_noise_5,log_30_1687181956,400,40.0,"[793.75, 1387.575, 1628.0, 1808.0, 2015.5, 2396.246575342466, 2797.8571428571427, 2950.8947368421054, 3098.285714285714, 3222.1666666666665, 3327.4285714285716, 3396.0, 3523.3846153846152, 3623.3333333333335, 3721.0, 3868.285714285714, 3988.0]","[949, 1861, 2912]",0.3,82.38157894736848,00:00:01,1.161736872047186,0.00028884556739114517
