Algorithm,Log Source,Log,MRID,Epsilon,Detected Changepoints,Actual Changepoints for Log,F1-Score,Average Lag,Duration,Duration (Seconds),Seconds per Case
Zheng DBSCAN,without_noise,log_75_1692952522,300,30.0,"[353.5, 566.5, 691.5, 738.0, 871.6666666666666, 1096.0, 1187.0, 1243.0, 1407.8, 1482.3333333333333, 1536.0, 1575.0, 1618.8, 1696.0, 1804.1538461538462, 1883.0, 1931.0, 1975.3333333333333, 2023.0, 2072.0, 2110.0, 2162.0, 2246.0, 2452.6666666666665, 2558.3333333333335, 2642.0, 2692.5, 2725.0, 2822.0, 2948.0, 3007.0, 3145.5, 3223.0]","[1388, 2031]",0.1142857142857143,13.899999999999977,00:00:01,1.8598893601447344,0.000532157184590768
