Algorithm,Log Source,Log,MRID,Epsilon,Detected Changepoints,Actual Changepoints for Log,F1-Score,Average Lag,Duration,Duration (Seconds),Seconds per Case
Zheng DBSCAN,with_noise_5,log_66_1692952466,600,180.0,[8380.459740259741],"[1333, 1858, 3125, 4597, 5145, 6189, 7122, 8601, 9725, 10332, 11494, 12957, 13775, 14782, 15396]",,,00:00:10,10.695319583639503,0.0006495001872617661
