Algorithm,Log Source,Log,MRID,Epsilon,Detected Changepoints,Actual Changepoints for Log,F1-Score,Average Lag,Duration,Duration (Seconds),Seconds per Case
Zheng DBSCAN,with_noise_10,log_35_1692952322,300,30.0,"[3552.8171641791046, 7097.833333333333, 8254.666071428572, 10296.55069582505, 11427.680412371134, 12245.388429752065, 13603.46794871795]","[1452, 2862, 3554, 4954, 6341, 7205, 8282, 8926, 10355, 11253, 12328, 13284]",0.631578947368421,75.23745297550151,00:00:13,13.302348053082824,0.0009153201715463307
