Algorithm,Log Source,Log,MRID,Epsilon,Detected Changepoints,Actual Changepoints for Log,F1-Score,Average Lag,Duration,Duration (Seconds),Seconds per Case
Zheng DBSCAN,with_noise_5,log_16_1687181934,300,30.0,"[369.8, 746.0833333333334, 1101.6, 1252.95, 1441.0, 1538.5333333333333, 1792.987951807229, 2023.7, 2211.151515151515, 2372.125, 2519.264705882353, 2675.125, 2842.2272727272725, 3078.125, 3132.5, 3295.5384615384614, 3475.866666666667, 3607.9375, 3790.222222222222, 3888.8, 3994.6]","[1218, 1793, 2771]",0.25,35.39644030668122,00:00:00,0.8505764314904809,0.00021074738143966325
