Algorithm,Log Source,Log,MRID,Epsilon,Detected Changepoints,Actual Changepoints for Log,F1-Score,Average Lag,Duration,Duration (Seconds),Seconds per Case
Zheng DBSCAN,with_noise_10,log_45_1692952392,300,30.0,"[452.1111111111111, 1157.5347593582887, 1874.7142857142858, 3103.1363636363635, 4429.697247706422, 4935.967741935484, 5344.675, 5594.333333333333]","[1127, 2438, 2995, 4480]",0.5,62.99129176274346,00:00:02,2.151216259226203,0.0003825744725637921
