Algorithm,Log Source,Log,MRID,Epsilon,Detected Changepoints,Actual Changepoints for Log,F1-Score,Average Lag,Duration,Duration (Seconds),Seconds per Case
Zheng DBSCAN,with_noise_10,log_12_1692952196,600,60.0,"[603.0, 748.375, 971.5769230769231, 1691.388888888889, 2333.5, 2506.5625, 2942.9591836734694, 4146.333333333333, 5534.736842105263, 6212.0, 6712.689655172414, 7335.166666666667, 7436.0, 7516.5]","[1187, 2142, 3311, 3901, 5376, 6349]",0.3,162.41228070175444,00:00:01,1.4395848903805017,0.00019072401833339982
