Algorithm,Log Source,Log,MRID,Epsilon,Detected Changepoints,Actual Changepoints for Log,F1-Score,Average Lag,Duration,Duration (Seconds),Seconds per Case
Zheng DBSCAN,with_noise_10,log_52_1692952415,600,60.0,"[685.925, 899.5, 1119.6666666666667, 1362.4, 1502.3333333333333, 1828.2608695652175, 2565.4166666666665, 3668.6266666666666, 4335.666666666667, 4537.0, 4645.0]","[1490, 2522, 3523]",0.42857142857142855,67.12555555555544,00:00:01,1.2418892346322536,0.00026361478128470676
