Algorithm,Log Source,Log,MRID,Epsilon,Detected Changepoints,Actual Changepoints for Log,F1-Score,Average Lag,Duration,Duration (Seconds),Seconds per Case
Zheng DBSCAN,with_noise_5,log_67_1687182023,600,120.0,"[933.3214285714286, 1653.4117647058824, 2368.75, 3042.85, 3383.3333333333335, 3821.2, 4134.2]","[933, 1145, 2289, 3129]",0.5454545454545454,55.40714285714288,00:00:00,0.4561608014628291,0.0001026233524100853
