Algorithm,Log Source,Log,MRID,Epsilon,Detected Changepoints,Actual Changepoints for Log,F1-Score,Average Lag,Duration,Duration (Seconds),Seconds per Case
Zheng DBSCAN,with_noise_10,log_57_1687182008,800,160.0,"[1462.0, 2228.0, 3190.6666666666665, 4022.0, 4251.666666666667]","[1216, 1576, 2324, 2698, 4174, 4390]",0.7272727272727272,125.08333333333326,00:00:00,0.6876172246411443,0.00012144422900761997
