Algorithm,Log Source,Log,MRID,Epsilon,Detected Changepoints,Actual Changepoints for Log,F1-Score,Average Lag,Duration,Duration (Seconds),Seconds per Case
Zheng DBSCAN,with_noise_15,log_41_1687181983,700,210.0,"[980.2142857142857, 2227.214285714286, 3227.8, 3774.5555555555557, 4299.0, 4720.0]","[601, 890, 2386, 2718, 3227, 3580]",0.6666666666666666,111.08888888888893,00:00:00,0.6995302587747574,0.00014610072238403454
