Algorithm,Log Source,Log,MRID,Epsilon,Detected Changepoints,Actual Changepoints for Log,F1-Score,Average Lag,Duration,Duration (Seconds),Seconds per Case
Zheng DBSCAN,without_noise,log_39_1687181976,500,50.0,"[636.0, 705.0, 933.3333333333334, 1065.0, 1168.0, 1297.0, 1402.25, 1521.0, 1844.4, 1964.0, 2100.5, 2176.0, 2264.0, 2348.0, 2432.5, 2683.0, 2787.0, 2901.0, 3058.0, 3144.0, 3249.0, 3364.5, 3489.0, 3618.0, 3752.0, 3986.5]","[706, 972, 2184, 3059, 3368]",0.32258064516129037,10.433333333333326,00:00:03,3.3643807591870427,0.0008019977971840388
