Algorithm,Log Source,Log,MRID,Epsilon,Detected Changepoints,Actual Changepoints for Log,F1-Score,Average Lag,Duration,Duration (Seconds),Seconds per Case
Zheng DBSCAN,with_noise_10,log_57_1687182008,800,80.0,"[1462.0, 2187.0, 2269.0, 3190.6666666666665, 4022.0, 4203.5, 4348.0]","[1216, 1576, 2324, 2698, 4174, 4390]",0.6153846153846153,60.125,00:00:00,0.6876172246411443,0.00012144422900761997
