Algorithm,Log Source,Log,MRID,Epsilon,Detected Changepoints,Actual Changepoints for Log,F1-Score,Average Lag,Duration,Duration (Seconds),Seconds per Case
Zheng DBSCAN,with_noise_20,log_10_1687181929,400,40.0,"[462.5, 568.2, 846.9130434782609, 1087.142857142857, 1308.12, 1572.8461538461538, 1799.9473684210527, 1944.0, 1994.5, 2064.0, 2167.6428571428573, 2286.0, 2333.0, 2461.0]","[1446, 1821]",0.25,73.94939271255055,00:00:00,0.6960488082841039,0.00027010043006756067
