Algorithm,Log Source,Log,MRID,Epsilon,Detected Changepoints,Actual Changepoints for Log,F1-Score,Average Lag,Duration,Duration (Seconds),Seconds per Case
Zheng DBSCAN,with_noise_5,log_50_1692952409,400,40.0,"[477.0, 606.0, 708.0, 754.5, 828.0, 881.0, 1119.2, 1287.0, 1396.0, 1447.5, 1581.0, 1664.5, 1838.0, 1919.6666666666667, 2009.5, 2072.5, 2131.5, 2328.5454545454545, 2554.0, 2697.4285714285716, 2790.5, 2883.2, 3020.5, 3108.0, 3161.5, 3214.5, 3378.0, 3501.5, 3604.0, 3857.0, 3974.0, 4045.6666666666665, 4196.75, 4317.0, 4511.0, 4678.6, 4764.0, 4847.0, 4994.0, 5087.0, 5167.4, 5304.0, 5356.0, 5429.5, 5635.0, 5834.0, 5925.0, 6000.0, 6080.4, 6153.0, 6256.0, 6365.5, 6417.333333333333, 6485.0, 6546.5, 6640.0, 6686.0, 6814.833333333333, 6951.666666666667, 7021.5, 7143.0, 7246.0, 7349.5, 7468.0, 7569.0, 7670.333333333333, 7764.5, 7888.285714285715, 7969.0, 8064.0, 8244.375, 8358.0, 8435.0, 8496.5, 8597.333333333334, 8692.333333333334, 8834.0, 8924.0]","[1116, 2317, 3370, 4443, 5099, 6419, 7919]",0.1647058823529412,19.30377241805812,00:00:00,0.8543496988713741,9.464381288040037e-05
