Algorithm,Log Source,Log,MRID,Epsilon,Detected Changepoints,Actual Changepoints for Log,F1-Score,Average Lag,Duration,Duration (Seconds),Seconds per Case
Zheng DBSCAN,with_noise_5,log_65_1687182020,700,70.0,"[875.421052631579, 1220.125, 1443.75, 2039.7777777777778, 2655.0, 2908.6666666666665, 3053.0]","[909, 1496, 2099, 2410]",0.5454545454545454,48.35038986354774,00:00:00,0.38835718482732773,0.0001269556014473121
