Algorithm,Log Source,Log,MRID,Epsilon,Detected Changepoints,Actual Changepoints for Log,F1-Score,Average Lag,Duration,Duration (Seconds),Seconds per Case
Zheng DBSCAN,with_noise_5,log_65_1687182020,500,100.0,"[1479.524861878453, 3053.5]","[909, 1496, 2099, 2410]",0.3333333333333333,16.475138121546934,00:00:00,0.40008089039474726,0.00013078813023692293
