Algorithm,Log Source,Log,MRID,Epsilon,Detected Changepoints,Actual Changepoints for Log,F1-Score,Average Lag,Duration,Duration (Seconds),Seconds per Case
Zheng DBSCAN,with_noise_10,log_21_1692952246,400,80.0,"[458.0, 727.5, 848.5, 1068.0, 1332.3333333333333, 1477.5, 1623.3333333333333, 1894.0, 2062.0, 2415.5, 2713.0, 2971.285714285714, 3369.5, 3556.0, 3755.8571428571427, 3892.0, 4039.3333333333335, 4313.0, 4502.333333333333, 4807.5, 4910.5, 5078.8, 5379.375, 5553.142857142857, 5784.833333333333, 6048.5, 6209.5, 6368.0, 6469.0, 6718.0]","[1096, 1828, 3150, 4136, 5287, 5888]",0.33333333333333337,94.15376984126988,00:00:00,0.44613610953092575,6.443329138228275e-05
