Algorithm,Log Source,Log,MRID,Epsilon,Detected Changepoints,Actual Changepoints for Log,F1-Score,Average Lag,Duration,Duration (Seconds),Seconds per Case
Zheng DBSCAN,with_noise_10,log_49_1687181999,300,30.0,"[330.0, 367.0, 445.25, 561.3333333333334, 665.3333333333334, 802.0, 881.25, 969.0, 1041.0, 1179.6666666666667, 1233.0, 1272.0, 1400.25, 1498.5, 1558.0, 1699.0, 1809.0]","[605, 889]",0.21052631578947367,25.708333333333314,00:00:00,0.23829965759068727,0.0001295106834731996
