Algorithm,Log Source,Log,MRID,Epsilon,Detected Changepoints,Actual Changepoints for Log,F1-Score,Average Lag,Duration,Duration (Seconds),Seconds per Case
Zheng DBSCAN,with_noise_10,log_54_1687182005,600,120.0,"[803.6842105263158, 1407.5625, 1779.5, 2643.6666666666665, 3112.5, 3850.027027027027, 4777.0]","[1171, 1523, 2987, 3886, 4123]",0.5,92.30349099099097,00:00:00,0.6803464749827981,0.00014109217647921985
