Algorithm,Log Source,Log,MRID,Epsilon,Detected Changepoints,Actual Changepoints for Log,F1-Score,Average Lag,Duration,Duration (Seconds),Seconds per Case
Zheng DBSCAN,with_noise_5,log_56_1692952426,500,200.0,"[1761.702380952381, 4648.35294117647, 7210.148148148148, 9508.121951219513]","[1162, 2602, 3692, 5083, 5750, 6960, 8196, 9356, 10281]",0.15384615384615383,152.121951219513,00:00:01,1.0582042038440704,9.310260459652212e-05
