Algorithm,Log Source,Log,MRID,Epsilon,Detected Changepoints,Actual Changepoints for Log,F1-Score,Average Lag,Duration,Duration (Seconds),Seconds per Case
Zheng DBSCAN,with_noise_15,log_17_1687181934,300,30.0,"[322.0, 423.75, 671.3584905660377, 1087.2608695652175, 1308.1666666666667, 1603.06, 1863.0, 2025.46875, 2159.4285714285716, 2236.5, 2320.9166666666665, 2621.6774193548385, 2895.3333333333335, 3035.703703703704, 3202.0, 3366.0689655172414, 3554.5714285714284, 3678.4, 4029.3809523809523, 4398.4, 4538.714285714285, 4671.25, 4814.428571428572]","[975, 1309, 2437, 2652, 3899]",0.3571428571428571,77.9762138515996,00:00:00,0.9023399222642183,0.0001853615288135206
