Algorithm,Log Source,Log,MRID,Epsilon,Detected Changepoints,Actual Changepoints for Log,F1-Score,Average Lag,Duration,Duration (Seconds),Seconds per Case
Zheng DBSCAN,with_noise_10,log_51_1692952412,300,30.0,"[559.4154929577464, 978.8333333333334, 1129.6923076923076, 1554.1157894736841, 1915.5588235294117, 2618.1176470588234, 3548.8846153846152, 4317.288888888889, 5148.808510638298, 5795.523255813953, 6115.909090909091, 6213.833333333333, 6280.333333333333]","[1211, 2415, 3134, 4190, 5042]",0.33333333333333337,105.13503061162646,00:00:01,1.7852062676101923,0.00028381657672658066
