Algorithm,Log Source,Log,MRID,Epsilon,Detected Changepoints,Actual Changepoints for Log,F1-Score,Average Lag,Duration,Duration (Seconds),Seconds per Case
Zheng DBSCAN,with_noise_10,log_71_1687182031,400,40.0,"[560.1463414634146, 933.375, 1368.6363636363637, 1688.909090909091, 2351.6031746031745, 3037.625, 3172.625, 3398.804347826087, 3903.5185185185187, 4198.5, 4340.0, 4423.875]","[940, 1158, 1961, 2167, 3303, 3626]",0.3333333333333333,95.67750747642049,00:00:01,1.3055964978411794,0.00028942507156754145
