Algorithm,Log Source,Log,MRID,Epsilon,Detected Changepoints,Actual Changepoints for Log,F1-Score,Average Lag,Duration,Duration (Seconds),Seconds per Case
Zheng DBSCAN,with_noise_10,log_36_1692952355,300,60.0,"[324.0, 448.8333333333333, 819.3846153846154, 1054.5555555555557, 1241.0, 1401.8, 1631.0, 1751.0, 1893.0, 2114.0, 2254.6666666666665, 2532.2, 2660.5, 3069.548387096774, 3452.0, 3517.0, 3617.4285714285716, 3785.8571428571427, 4002.5833333333335, 4169.666666666667, 4435.25, 4758.2, 4891.0, 4984.8, 5171.0, 5358.5, 5501.5, 5632.0, 5776.727272727273, 6005.25, 6244.166666666667, 6501.777777777777, 6735.75, 6898.285714285715, 7230.772727272727, 7563.571428571428, 7723.5, 7966.642857142857, 8238.285714285714, 8359.0, 8520.666666666666, 8741.666666666666, 9009.0, 9156.857142857143, 9315.5, 9431.666666666666, 9541.0, 9624.2, 9749.5, 9840.5, 9936.6, 10137.875, 10381.64705882353, 10650.833333333334, 10796.0, 10886.75, 11045.5, 11212.90909090909, 11413.333333333334, 11747.933333333332, 12061.42857142857, 12248.0, 12375.0, 12467.0, 12769.611111111111, 13027.666666666666, 13300.8, 13522.0, 13685.5, 13812.0, 13946.0, 14138.555555555555, 14283.0, 14412.0, 14638.777777777777, 14818.0, 14963.666666666666, 15132.333333333334, 15236.0, 15304.0, 15369.0, 15447.5, 15570.0, 15689.0, 15754.0, 15916.0]","[1333, 2559, 3693, 4416, 5763, 6390, 7822, 8817, 10269, 11730, 12843, 13947, 14938]",0.2626262626262626,55.41505847094076,00:00:01,1.9547796938568354,0.00012238024753376543
