Algorithm,Log Source,Log,MRID,Epsilon,Detected Changepoints,Actual Changepoints for Log,F1-Score,Average Lag,Duration,Duration (Seconds),Seconds per Case
Zheng DBSCAN,with_noise_10,log_41_1687181983,300,60.0,"[320.0, 396.5, 496.0, 582.5, 712.0, 945.0, 1125.0, 1260.5, 1442.3333333333333, 1575.2, 1797.5, 1992.8, 2205.0, 2390.75, 2489.0, 2569.0, 2697.6666666666665, 2815.0, 2911.0, 3022.0, 3147.0, 3334.6666666666665, 3450.0, 3565.0, 3688.2, 3864.2, 3983.0, 4044.5, 4145.5, 4259.75, 4330.0, 4437.0, 4607.0, 4743.333333333333]","[601, 890, 2386, 2718, 3227, 3580]",0.3,32.263888888888914,00:00:00,0.6798317357897758,0.00014198657806804006
