Algorithm,Log Source,Log,MRID,Epsilon,Detected Changepoints,Actual Changepoints for Log,F1-Score,Average Lag,Duration,Duration (Seconds),Seconds per Case
Zheng DBSCAN,without_noise,log_92_1692952610,500,50.0,"[1508.8, 1769.0, 3085.0, 3284.5, 3421.777777777778, 3815.0, 4388.0, 4769.166666666667, 4943.0, 5026.0, 5190.0, 5295.0, 5417.0, 6498.416666666667, 8577.0, 8650.5, 8754.0, 8958.0, 9081.0]","[1496, 2990, 3497, 4700, 5462, 6515, 7455, 8576, 9153]",0.5714285714285714,48.346527777777766,00:00:02,2.6218395549803972,0.0002485627185229804
