Algorithm,Log Source,Log,MRID,Epsilon,Detected Changepoints,Actual Changepoints for Log,F1-Score,Average Lag,Duration,Duration (Seconds),Seconds per Case
Zheng DBSCAN,with_noise_5,log_100_1692952649,300,30.0,"[311.78823529411767, 1336.4578313253012, 2204.1428571428573, 2430.0263157894738, 2884.4054054054054, 3242.0, 3340.714285714286]","[1399, 2176]",0.4444444444444445,45.342512908778076,00:00:01,1.9069930091500282,0.0005623689204217129
