Algorithm,Log Source,Log,MRID,Epsilon,Detected Changepoints,Actual Changepoints for Log,F1-Score,Average Lag,Duration,Duration (Seconds),Seconds per Case
Zheng DBSCAN,with_noise_5,log_46_1692952395,600,120.0,"[1301.391304347826, 2506.25, 3250.3333333333335, 3989.714285714286, 4851.0, 5051.5]","[1416, 2620, 3913]",0.6666666666666666,101.69099378881992,00:00:00,0.7141469772905111,0.00013346047043365935
