Algorithm,Log Source,Log,MRID,Epsilon,Detected Changepoints,Actual Changepoints for Log,F1-Score,Average Lag,Duration,Duration (Seconds),Seconds per Case
Zheng DBSCAN,with_noise_5,log_48_1687181998,800,80.0,"[866.2, 1102.0526315789473, 1512.0, 1819.0, 2292.1666666666665, 2762.3333333333335, 2897.0, 3407.3333333333335]","[1144, 2359, 2666, 3482, 3756]",0.6153846153846154,69.94517543859655,00:00:00,0.9158858833834529,0.00021339372865411297
