Algorithm,Log Source,Log,MRID,Epsilon,Detected Changepoints,Actual Changepoints for Log,F1-Score,Average Lag,Duration,Duration (Seconds),Seconds per Case
Zheng DBSCAN,with_noise_5,log_49_1692952403,300,90.0,"[643.4761904761905, 1265.5555555555557, 1766.8, 2195.4, 3329.0454545454545, 5094.316326530612, 6718.291666666667, 8284.20987654321, 9257.666666666666, 10723.691666666668, 12268.333333333334]","[1207, 2115, 3260, 3826, 4852, 5704, 6865, 8311, 8890, 10017, 10880]",0.5454545454545454,89.63463337074442,00:00:01,1.169267762452364,9.503923940927936e-05
