Algorithm,Log Source,Log,MRID,Epsilon,Detected Changepoints,Actual Changepoints for Log,F1-Score,Average Lag,Duration,Duration (Seconds),Seconds per Case
Zheng DBSCAN,with_noise_15,log_76_1687182037,400,40.0,"[461.0, 512.0, 753.0, 1041.375, 1263.0, 1397.0, 1490.0, 1560.75, 1650.0, 1721.142857142857, 1820.75, 1959.0, 2033.0, 2133.6, 2297.875, 2595.3333333333335, 2740.125, 2855.0, 3078.0, 3121.0]","[1056, 1741, 2740]",0.2608695652173913,11.535714285714297,00:00:00,0.2477432657033205,7.569302343517278e-05
