Algorithm,Log Source,Log,MRID,Epsilon,Detected Changepoints,Actual Changepoints for Log,F1-Score,Average Lag,Duration,Duration (Seconds),Seconds per Case
Zheng DBSCAN,without_noise,log_52_1692952415,500,100.0,"[678.2, 1011.0, 1130.6666666666667, 1433.5454545454545, 1734.5, 2021.5, 2193.0, 2633.5, 3005.5, 3215.0, 3486.1428571428573, 3726.0, 4041.8, 4337.0]","[1490, 2522, 3523]",0.35294117647058826,68.27056277056272,00:00:01,1.2735818903893232,0.0002703421546145878
