Algorithm,Log Source,Log,MRID,Epsilon,Detected Changepoints,Actual Changepoints for Log,F1-Score,Average Lag,Duration,Duration (Seconds),Seconds per Case
Zheng DBSCAN,without_noise,log_45_1692952392,400,200.0,"[424.0, 1213.8461538461538, 2819.0, 3924.0, 4445.30303030303, 5012.0]","[1127, 2438, 2995, 4480]",0.6,99.18104118104127,00:00:02,2.008393496274948,0.00035717472812999253
