Algorithm,Log Source,Log,MRID,Epsilon,Detected Changepoints,Actual Changepoints for Log,F1-Score,Average Lag,Duration,Duration (Seconds),Seconds per Case
Zheng DBSCAN,without_noise,log_86_1692952579,500,50.0,"[586.5, 713.2, 793.5, 942.4444444444445, 1040.0, 1093.0, 1193.5, 1310.75, 1508.5151515151515, 1880.3529411764705, 2137.0, 2260.4545454545455, 2458.3333333333335, 2770.6190476190477, 3054.0, 3116.0, 3359.5714285714284, 3522.75, 3657.5714285714284, 3790.0, 3992.1428571428573, 4303.333333333333, 4402.5, 4490.0, 4581.666666666667, 4717.25, 4836.1, 4952.0, 5045.25, 5270.909090909091, 5464.714285714285, 5592.166666666667, 5699.0, 5820.5, 5959.666666666667, 6085.5, 6161.833333333333, 6275.333333333333, 6432.5, 6620.666666666667, 6817.857142857143, 7015.5, 7107.5, 7190.6, 7262.5, 7361.25, 7485.0, 7589.0, 7798.142857142857, 7948.666666666667, 8242.78947368421, 8857.888888888889, 9516.264705882353, 9947.5, 10096.75, 10170.0, 10225.0, 10312.5, 10392.0, 10446.0, 10548.0]","[1451, 2814, 3789, 5069, 6015, 7177, 8153, 9456]",0.23188405797101452,43.07920209950004,00:00:07,7.244295381009579,0.0006773534718101523
