Algorithm,Log Source,Log,MRID,Epsilon,Detected Changepoints,Actual Changepoints for Log,F1-Score,Average Lag,Duration,Duration (Seconds),Seconds per Case
Zheng DBSCAN,with_noise_5,log_77_1687182038,400,40.0,"[1340.9288888888889, 2481.722222222222, 2798.714285714286, 3104.063492063492, 3770.938144329897, 4262.142857142857, 4438.375]","[560, 1784, 3134]",0.2,29.93650793650795,00:00:01,1.4584497725591063,0.0003221669477709535
