Algorithm,Log Source,Log,MRID,Epsilon,Detected Changepoints,Actual Changepoints for Log,F1-Score,Average Lag,Duration,Duration (Seconds),Seconds per Case
Zheng DBSCAN,with_noise_10,log_7_1687181925,700,210.0,"[876.0, 1388.0, 2046.0, 2995.3888888888887, 3502.0, 3988.3333333333335, 4710.0]","[920, 1720, 2103, 3052, 3413]",0.6666666666666666,61.65277777777783,00:00:00,0.5729353940114379,0.00012059258977298209
