Algorithm,Log Source,Log,MRID,Epsilon,Detected Changepoints,Actual Changepoints for Log,F1-Score,Average Lag,Duration,Duration (Seconds),Seconds per Case
Zheng DBSCAN,with_noise_5,log_6_1687181923,500,50.0,"[1657.0038314176245, 3363.9411764705883, 4038.8529411764707, 4367.333333333333]","[923, 1989, 3141]",,,00:00:00,0.7857699012383819,0.00017854349039726924
