Algorithm,Log Source,Log,MRID,Epsilon,Detected Changepoints,Actual Changepoints for Log,F1-Score,Average Lag,Duration,Duration (Seconds),Seconds per Case
Zheng DBSCAN,with_noise_10,log_21_1692952246,400,200.0,"[808.1666666666666, 1068.0, 1477.75, 2487.625, 3756.8571428571427, 4455.0, 5581.717948717948, 6718.0]","[1096, 1828, 3150, 4136, 5287, 5888]",0.14285714285714288,28.0,00:00:00,0.44613610953092575,6.443329138228275e-05
