Algorithm,Log Source,Log,MRID,Epsilon,Detected Changepoints,Actual Changepoints for Log,F1-Score,Average Lag,Duration,Duration (Seconds),Seconds per Case
Zheng DBSCAN,with_noise_5,log_88_1687182055,300,30.0,"[315.5, 414.85714285714283, 518.3333333333334, 706.6153846153846, 965.5, 1141.7142857142858, 1243.6666666666667, 1325.0, 1420.125, 1522.0, 1594.6153846153845, 1693.0, 1779.8, 1875.8333333333333, 1951.875, 2038.375, 2119.0, 2186.5625, 2273.5, 2408.0, 2516.1428571428573, 2594.285714285714, 2668.8888888888887, 2750.153846153846, 2846.0, 2959.7272727272725, 3089.3, 3174.0, 3226.4, 3309.6, 3486.4615384615386, 3683.714285714286, 3798.25, 3900.625, 4027.0, 4117.0, 4223.666666666667]","[1401, 1950, 2206, 3218, 3462]",0.2380952380952381,14.659807692307732,00:00:00,0.6837562555447221,0.0001606192754392112
