Algorithm,Log Source,Log,MRID,Epsilon,Detected Changepoints,Actual Changepoints for Log,F1-Score,Average Lag,Duration,Duration (Seconds),Seconds per Case
Zheng DBSCAN,without_noise,log_21_1692952246,300,90.0,"[1127.0, 1796.0, 3149.0, 3988.0, 4134.0, 5327.5, 5885.5]","[1096, 1828, 3150, 4136, 5287, 5888]",0.923076923076923,18.166666666666668,00:00:00,0.4412801694124937,6.373197131896211e-05
