Algorithm,Log Source,Log,MRID,Epsilon,Detected Changepoints,Actual Changepoints for Log,F1-Score,Average Lag,Duration,Duration (Seconds),Seconds per Case
Zheng DBSCAN,with_noise_5,log_96_1687182073,300,90.0,"[475.95, 1987.5166666666667, 3732.1875]","[805, 1076, 1645, 1910, 2579, 2949]",0.2222222222222222,77.51666666666665,00:00:00,0.515193716622889,0.00012495603119643198
