Algorithm,Log Source,Log,MRID,Epsilon,Detected Changepoints,Actual Changepoints for Log,F1-Score,Average Lag,Duration,Duration (Seconds),Seconds per Case
Zheng DBSCAN,with_noise_5,log_57_1687182008,400,80.0,"[512.0, 735.5, 1028.1666666666667, 1396.0, 1898.3333333333333, 2470.277777777778, 2878.3333333333335, 3147.222222222222, 3359.0, 3546.3333333333335, 3742.8571428571427, 3946.2, 4299.263157894737, 4691.571428571428, 5059.416666666667, 5329.0, 5505.8]","[1216, 1576, 2324, 2698, 4174, 4390]",0.4347826086956522,157.0362573099416,00:00:00,0.3393683275207877,5.9937889000492354e-05
