Algorithm,Log Source,Log,MRID,Epsilon,Detected Changepoints,Actual Changepoints for Log,F1-Score,Average Lag,Duration,Duration (Seconds),Seconds per Case
Zheng DBSCAN,with_noise_5,log_42_1692952376,600,300.0,"[929.0, 1661.4, 2618.1666666666665, 4418.029411764706, 7503.4, 9043.5, 9678.375, 10482.2, 11208.0, 11799.0, 12978.761904761905]","[1465, 2388, 3805, 4827, 5718, 6808, 7871, 8414, 9656, 10599, 11897, 12538]",0.34782608695652173,108.39374999999984,00:00:00,0.9968429002910852,7.163286147535823e-05
