Algorithm,Log Source,Log,MRID,Epsilon,Detected Changepoints,Actual Changepoints for Log,F1-Score,Average Lag,Duration,Duration (Seconds),Seconds per Case
Zheng DBSCAN,with_noise_10,log_33_1692952312,400,40.0,"[1041.5766016713092, 4775.5289541918755, 7904.06]","[1422, 2484, 3325, 4734, 5708, 6899]",0.2222222222222222,41.52895419187553,00:00:04,4.890611730515957,0.0005905822642816033
