Algorithm,Log Source,Log,MRID,Epsilon,Detected Changepoints,Actual Changepoints for Log,F1-Score,Average Lag,Duration,Duration (Seconds),Seconds per Case
Zheng DBSCAN,with_noise_10,log_82_1687182044,300,60.0,"[417.5, 618.0, 734.6666666666666, 869.0, 986.6666666666666, 1134.3333333333333, 1244.0, 1348.0, 1506.75, 1674.3333333333333, 1774.0, 1890.0]",[642],0.15384615384615385,24.0,00:00:00,0.3050862541422248,0.00014911351619854583
