Algorithm,Log Source,Log,MRID,Epsilon,Detected Changepoints,Actual Changepoints for Log,F1-Score,Average Lag,Duration,Duration (Seconds),Seconds per Case
Zheng DBSCAN,with_noise_10,log_92_1687182064,300,30.0,"[360.45, 610.5862068965517, 821.0689655172414, 1030.764705882353, 1232.2727272727273, 1457.6764705882354, 1866.8484848484848]",[1041],0.25,10.235294117647072,00:00:00,0.38634742982685566,0.00017224584477345325
