Algorithm,Log Source,Log,MRID,Epsilon,Detected Changepoints,Actual Changepoints for Log,F1-Score,Average Lag,Duration,Duration (Seconds),Seconds per Case
Zheng DBSCAN,with_noise_10,log_3_1692952167,300,60.0,"[395.0, 556.0, 648.3333333333334, 816.0, 938.0, 1149.0, 1281.8, 1447.0, 1563.5, 1707.6666666666667, 1838.0, 1946.6666666666667, 2140.5, 2272.5, 2634.3333333333335, 3020.0]","[1035, 1760]",0.2222222222222222,74.66666666666663,00:00:00,0.4375533014535904,0.00014238636558854226
