Algorithm,Log Source,Log,MRID,Epsilon,Detected Changepoints,Actual Changepoints for Log,F1-Score,Average Lag,Duration,Duration (Seconds),Seconds per Case
Zheng DBSCAN,with_noise_5,log_88_1687182055,500,50.0,"[634.0, 716.0, 936.7692307692307, 1126.0, 1478.2941176470588, 1880.75, 1990.0, 2178.0, 2278.0, 2642.181818181818, 2920.4, 3110.0, 3192.5, 3449.222222222222, 3646.5, 3730.0, 3797.0, 3882.5, 4099.25, 4201.0]","[1401, 1950, 2206, 3218, 3462]",0.4,36.71437908496732,00:00:00,0.3250002032145858,7.634489152327597e-05
