Algorithm,Log Source,Log,MRID,Epsilon,Detected Changepoints,Actual Changepoints for Log,F1-Score,Average Lag,Duration,Duration (Seconds),Seconds per Case
Zheng DBSCAN,with_noise_10,log_82_1687182044,300,30.0,"[417.5, 618.0, 716.0, 772.0, 869.0, 986.6666666666666, 1134.3333333333333, 1244.0, 1322.5, 1365.0, 1454.0, 1492.0, 1540.5, 1629.0, 1697.0, 1774.0, 1890.0]",[642],0.1111111111111111,24.0,00:00:00,0.3050862541422248,0.00014911351619854583
