Algorithm,Log Source,Log,MRID,Epsilon,Detected Changepoints,Actual Changepoints for Log,F1-Score,Average Lag,Duration,Duration (Seconds),Seconds per Case
Zheng DBSCAN,with_noise_10,log_48_1687181998,500,50.0,"[618.8, 790.6666666666666, 952.2, 1231.3076923076924, 1742.7931034482758, 2102.7, 2257.75, 2469.24, 2742.0, 2893.0, 3041.4444444444443, 3244.5, 3313.75, 3486.25, 3720.5882352941176, 3910.0, 3962.0, 4085.0, 4226.625]","[1144, 2359, 2666, 3482, 3756]",0.4166666666666667,60.84389140271496,00:00:00,0.42710249312222004,9.95112984907316e-05
