Algorithm,Log Source,Log,MRID,Epsilon,Detected Changepoints,Actual Changepoints for Log,F1-Score,Average Lag,Duration,Duration (Seconds),Seconds per Case
Zheng DBSCAN,with_noise_10,log_83_1687182046,300,60.0,"[405.0, 578.3333333333334, 783.0, 979.0, 1058.6666666666667, 1265.6666666666667, 1446.5, 1710.75, 2033.0, 2293.0, 2467.5, 2633.6666666666665, 2787.8, 2959.0, 3031.0, 3136.25, 3294.0, 3538.0]","[1171, 1687, 2573, 2813]",0.3636363636363636,51.07083333333327,00:00:00,0.17319643311202526,4.7529207769491016e-05
