Algorithm,Log Source,Log,MRID,Epsilon,Detected Changepoints,Actual Changepoints for Log,F1-Score,Average Lag,Duration,Duration (Seconds),Seconds per Case
Zheng DBSCAN,with_noise_10,log_54_1692952418,300,30.0,"[327.5, 475.5, 594.5, 634.0, 774.0, 818.5, 880.5, 1027.0, 1078.5, 1167.0, 1250.5, 1395.5, 1472.5, 1575.5, 1667.2, 1785.0, 1855.0, 1904.0, 1988.5, 2062.25, 2180.0, 2232.3333333333335, 2379.5, 2451.0, 2555.0, 2652.0, 2691.0, 2770.3333333333335, 2827.0, 2941.0, 2981.0, 3050.0, 3102.5, 3190.75, 3360.0, 3443.0, 3501.0, 3622.1666666666665, 3758.3333333333335, 3864.3333333333335, 3927.0, 4009.3333333333335, 4117.5, 4199.0, 4266.0, 4330.25, 4412.0, 4445.0, 4522.888888888889, 4666.5, 4805.5, 5080.4, 5175.0, 5234.0, 5280.0, 5383.0, 5431.0, 5494.333333333333, 5551.0, 5604.0, 5689.0, 5738.0, 5802.0, 5862.0, 6005.0, 6040.0, 6177.0, 6237.0, 6285.0, 6376.0, 6441.0, 6594.0, 6709.75, 6760.4, 6908.0, 6994.666666666667, 7070.5, 7135.0, 7175.5, 7332.5, 7401.0, 7446.0, 7490.5, 7684.0, 7870.0, 7922.0, 8122.0, 8170.0, 8272.0, 8574.0]","[1215, 1983, 3203, 4514, 5254, 6354, 7395]",0.1443298969072165,15.734126984126956,00:00:00,0.7238334119319916,8.44120597005238e-05
