Algorithm,Log Source,Log,MRID,Epsilon,Detected Changepoints,Actual Changepoints for Log,F1-Score,Average Lag,Duration,Duration (Seconds),Seconds per Case
Zheng DBSCAN,with_noise_10,log_57_1687182008,500,150.0,"[564.5, 1018.0, 1435.7142857142858, 1846.5, 2435.7, 3320.235294117647, 4252.555555555556, 4946.0]","[1216, 1576, 2324, 2698, 4174, 4390]",0.5714285714285715,132.13531746031742,00:00:00,0.7112316228449345,0.00012561491042828232
