Algorithm,Log Source,Log,MRID,Epsilon,Detected Changepoints,Actual Changepoints for Log,F1-Score,Average Lag,Duration,Duration (Seconds),Seconds per Case
Zheng DBSCAN,without_noise,log_56_1692952426,400,160.0,"[562.0, 1126.5555555555557, 2640.6666666666665, 3679.2, 3972.0, 4418.0, 5100.583333333333, 5373.0, 5803.0, 6002.5, 6530.0, 6937.333333333333, 8190.0, 9446.555555555555, 10158.0]","[1162, 2602, 3692, 5083, 5750, 6960, 8196, 9356, 10281]",0.7499999999999999,44.412962962962865,00:00:01,1.1793720573186874,0.00010376315830711662
