Algorithm,Log Source,Log,MRID,Epsilon,Detected Changepoints,Actual Changepoints for Log,F1-Score,Average Lag,Duration,Duration (Seconds),Seconds per Case
Zheng DBSCAN,without_noise,log_39_1692952369,500,150.0,"[654.0, 895.0, 1374.4, 1659.0, 1845.0, 2347.75, 2804.0, 3248.6, 3544.0, 4220.0, 4761.25, 4990.0, 5406.0, 5736.0]","[1365, 2662, 3350, 4753]",0.4444444444444445,65.26250000000005,00:00:01,1.3057738691568375,0.000212493713451072
