Algorithm,Log Source,Log,MRID,Epsilon,Detected Changepoints,Actual Changepoints for Log,F1-Score,Average Lag,Duration,Duration (Seconds),Seconds per Case
Zheng DBSCAN,with_noise_15,log_40_1687181982,600,240.0,"[900.2142857142857, 2258.5384615384614, 3489.5, 4158.0, 4441.5]","[1205, 2115, 3442]",0.5,95.51923076923072,00:00:00,0.6355270398780704,0.00014138532589056071
