Algorithm,Log Source,Log,MRID,Epsilon,Detected Changepoints,Actual Changepoints for Log,F1-Score,Average Lag,Duration,Duration (Seconds),Seconds per Case
Zheng DBSCAN,with_noise_10,log_17_1687181934,600,120.0,"[2450.524096385542, 4640.625]","[975, 1309, 2437, 2652, 3899]",0.28571428571428575,13.52409638554218,00:00:01,1.853918781504035,0.0003808378762333679
