Algorithm,Log Source,Log,MRID,Epsilon,Detected Changepoints,Actual Changepoints for Log,F1-Score,Average Lag,Duration,Duration (Seconds),Seconds per Case
Zheng DBSCAN,with_noise_5,log_48_1692952401,600,120.0,"[985.8421052631579, 1552.9166666666667, 2193.7, 2479.5, 2738.1666666666665, 3177.277777777778, 3953.85, 4563.916666666667, 5100.434782608696, 5540.0, 5671.0, 5882.5]","[1100, 2192, 3088, 4584]",0.5,56.30475146198819,00:00:00,0.7181783188134432,0.00011898249151978847
