Algorithm,Log Source,Log,MRID,Epsilon,Detected Changepoints,Actual Changepoints for Log,F1-Score,Average Lag,Duration,Duration (Seconds),Seconds per Case
Zheng DBSCAN,with_noise_15,log_24_1687181949,400,80.0,"[411.5, 647.0, 796.5, 1028.0, 1194.3333333333333, 1425.6666666666667, 1561.0, 1671.0, 1897.6666666666667, 2020.0, 2209.0]","[994, 1238]",0.3076923076923077,38.83333333333337,00:00:00,0.29504891857504845,0.00012263047322321215
