Algorithm,Log Source,Log,MRID,Epsilon,Detected Changepoints,Actual Changepoints for Log,F1-Score,Average Lag,Duration,Duration (Seconds),Seconds per Case
Zheng DBSCAN,with_noise_10,log_21_1692952246,500,250.0,"[954.9411764705883, 2020.0, 2853.076923076923, 4960.175]","[1096, 1828, 3150, 4136, 5287, 5888]",0.4,166.52941176470586,00:00:00,0.6954230889678001,0.00010043661019176779
