Algorithm,Log Source,Log,MRID,Epsilon,Detected Changepoints,Actual Changepoints for Log,F1-Score,Average Lag,Duration,Duration (Seconds),Seconds per Case
Zheng DBSCAN,with_noise_15,log_42_1687181985,300,60.0,"[304.3703703703704, 547.0, 1345.6078431372548, 2341.1666666666665, 2522.25]","[1494, 1841]",0.28571428571428575,148.3921568627452,00:00:00,0.2332591637969017,9.090380506504353e-05
