Algorithm,Log Source,Log,MRID,Epsilon,Detected Changepoints,Actual Changepoints for Log,F1-Score,Average Lag,Duration,Duration (Seconds),Seconds per Case
Zheng DBSCAN,with_noise_5,log_50_1692952409,400,120.0,"[745.3, 1119.2, 1340.75, 1636.6666666666667, 2559.608695652174, 3432.4117647058824, 3970.8333333333335, 4220.8, 4653.7, 5210.333333333333, 5635.0, 6457.393939393939, 7647.962962962963, 8501.448275862069]","[1116, 2317, 3370, 4443, 5099, 6419, 7919]",0.38095238095238093,53.834759358288636,00:00:00,0.8543496988713741,9.464381288040037e-05
