Algorithm,Log Source,Log,MRID,Epsilon,Detected Changepoints,Actual Changepoints for Log,F1-Score,Average Lag,Duration,Duration (Seconds),Seconds per Case
Zheng DBSCAN,without_noise,log_23_1687181942,500,50.0,"[888.2, 1240.6666666666667, 2619.777777777778, 4001.0, 4064.5, 4343.0]","[859, 1255, 2629, 4001, 4377]",0.9090909090909091,17.351111111111095,00:00:01,1.6817475380375981,0.0003032908093845984
