Algorithm,Log Source,Log,MRID,Epsilon,Detected Changepoints,Actual Changepoints for Log,F1-Score,Average Lag,Duration,Duration (Seconds),Seconds per Case
Zheng DBSCAN,without_noise,log_65_1687182020,400,200.0,"[768.2857142857143, 1490.3333333333333, 2290.9166666666665, 3050.0]","[909, 1496, 2099, 2410]",0.75,88.4880952380953,00:00:00,0.7309770779684186,0.00023895948936528887
