Algorithm,Log Source,Log,MRID,Epsilon,Detected Changepoints,Actual Changepoints for Log,F1-Score,Average Lag,Duration,Duration (Seconds),Seconds per Case
Zheng DBSCAN,with_noise_5,log_36_1687181970,400,40.0,"[777.5137614678899, 1741.751879699248, 2339.1666666666665, 2545.090909090909, 2752.3076923076924, 2999.537037037037, 3241.6666666666665, 3531.8064516129034]","[754, 1601, 2593]",0.5454545454545454,70.72491069207634,00:00:02,2.1134485453367233,0.0005738388665046764
