Algorithm,Log Source,Log,MRID,Epsilon,Detected Changepoints,Actual Changepoints for Log,F1-Score,Average Lag,Duration,Duration (Seconds),Seconds per Case
Zheng DBSCAN,with_noise_15,log_92_1687182064,400,40.0,"[723.5542168674699, 1209.0833333333333, 1632.450980392157, 2032.1818181818182, 2185.6666666666665]",[1041],0.33333333333333337,168.08333333333326,00:00:00,0.8403370613232255,0.0003746487121369708
