Algorithm,Log Source,Log,MRID,Epsilon,Detected Changepoints,Actual Changepoints for Log,F1-Score,Average Lag,Duration,Duration (Seconds),Seconds per Case
Zheng DBSCAN,with_noise_15,log_97_1687182074,600,60.0,"[610.5, 1041.0243902439024, 1460.25, 1708.6, 2251.4736842105262, 2657.714285714286, 2814.2, 2975.25, 3477.135135135135, 4218.380952380952, 4650.666666666667, 4846.5]","[1151, 2334, 3469, 3787]",0.375,66.87902022690211,00:00:01,1.2903323341161013,0.0002588429958106522
