Algorithm,Log Source,Log,MRID,Epsilon,Detected Changepoints,Actual Changepoints for Log,F1-Score,Average Lag,Duration,Duration (Seconds),Seconds per Case
Zheng DBSCAN,with_noise_10,log_30_1692952304,400,40.0,"[488.0, 1246.0, 1361.0, 1480.0, 1653.0, 1744.5, 1858.0, 1956.3333333333333, 2036.0, 2093.0, 2173.0, 2374.0, 2619.5, 2696.0, 2774.3333333333335, 2860.3333333333335, 3044.0, 3286.0, 3352.0]","[1241, 2080]",0.1904761904761905,9.0,00:00:00,0.24515727907419205,7.285506064611948e-05
