Algorithm,Log Source,Log,MRID,Epsilon,Detected Changepoints,Actual Changepoints for Log,F1-Score,Average Lag,Duration,Duration (Seconds),Seconds per Case
Zheng DBSCAN,with_noise_10,log_21_1692952246,500,150.0,"[800.8, 1068.0, 1455.7142857142858, 2020.0, 2416.5, 2713.0, 2995.3333333333335, 3369.5, 3772.875, 4071.0, 4453.142857142857, 4842.0, 5076.0, 5517.692307692308, 6090.666666666667, 6435.333333333333]","[1096, 1828, 3150, 4136, 5287, 5888]",0.36363636363636365,109.91666666666663,00:00:00,0.6954230889678001,0.00010043661019176779
