Algorithm,Log Source,Log,MRID,Epsilon,Detected Changepoints,Actual Changepoints for Log,F1-Score,Average Lag,Duration,Duration (Seconds),Seconds per Case
Zheng DBSCAN,with_noise_5,log_7_1687181925,500,100.0,"[606.3333333333334, 895.0, 1370.1666666666667, 1956.6153846153845, 2391.75, 2872.923076923077, 3389.3636363636365, 3692.0, 3936.315789473684, 4381.333333333333, 4645.833333333333]","[920, 1720, 2103, 3052, 3413]",0.5000000000000001,93.52447552447546,00:00:00,0.24422413762658834,5.140478586120571e-05
