Algorithm,Log Source,Log,MRID,Epsilon,Detected Changepoints,Actual Changepoints for Log,F1-Score,Average Lag,Duration,Duration (Seconds),Seconds per Case
Zheng DBSCAN,with_noise_10,log_53_1692952417,400,40.0,"[456.3333333333333, 662.078947368421, 883.0, 949.1428571428571, 1080.7142857142858, 1264.142857142857, 1407.0, 1471.5, 1639.3333333333333, 1888.1333333333334, 2133.8, 2466.074074074074, 2706.4, 2883.722222222222, 3055.6, 3178.5, 3318.0, 3389.3333333333335, 3459.0]","[1168, 2007]",0.1904761904761905,103.07619047619039,00:00:00,0.6732662841677666,0.00019274729005661797
