Algorithm,Log Source,Log,MRID,Epsilon,Detected Changepoints,Actual Changepoints for Log,F1-Score,Average Lag,Duration,Duration (Seconds),Seconds per Case
Zheng DBSCAN,with_noise_5,log_50_1687182000,300,120.0,[2667.9761606022585],"[1406, 1636, 2269, 2506, 3766]",0.33333333333333337,161.97616060225846,00:00:02,2.738596468232572,0.0005219356714756189
