Algorithm,Log Source,Log,MRID,Epsilon,Detected Changepoints,Actual Changepoints for Log,F1-Score,Average Lag,Duration,Duration (Seconds),Seconds per Case
Zheng DBSCAN,with_noise_15,log_40_1687181982,600,120.0,"[920.9090909090909, 1602.6666666666667, 2114.0, 2517.0, 2784.0, 3148.0, 3457.8571428571427, 3791.0, 4158.0, 4441.5]","[1205, 2115, 3442]",0.30769230769230765,8.428571428571331,00:00:00,0.6355270398780704,0.00014138532589056071
