Algorithm,Log Source,Log,MRID,Epsilon,Detected Changepoints,Actual Changepoints for Log,F1-Score,Average Lag,Duration,Duration (Seconds),Seconds per Case
Zheng DBSCAN,with_noise_15,log_54_1687182005,700,280.0,"[1782.6727272727273, 3334.0, 3930.846153846154, 4605.0]","[1171, 1523, 2987, 3886, 4123]",0.22222222222222224,44.84615384615381,00:00:00,0.6366311460733414,0.00013202636791234784
