Algorithm,Log Source,Log,MRID,Epsilon,Detected Changepoints,Actual Changepoints for Log,F1-Score,Average Lag,Duration,Duration (Seconds),Seconds per Case
Zheng DBSCAN,with_noise_10,log_72_1692952515,300,90.0,"[705.2333333333333, 1097.2307692307693, 1516.6363636363637, 2129.9615384615386, 2449.75, 2899.09375, 3817.8536585365855, 5367.375, 6857.4838709677415, 7728.464285714285, 8614.032258064517, 9166.0, 9956.543859649122, 10938.148148148148]","[1301, 2400, 3024, 4162, 5434, 6322, 7584, 8880, 10111]",0.43478260869565216,108.04033521303263,00:00:00,0.9703457616269588,8.559105245011545e-05
