Algorithm,Log Source,Log,MRID,Epsilon,Detected Changepoints,Actual Changepoints for Log,F1-Score,Average Lag,Duration,Duration (Seconds),Seconds per Case
Zheng DBSCAN,with_noise_15,log_41_1687181983,500,100.0,"[696.0, 1155.611111111111, 1704.7142857142858, 2300.76, 3002.625, 3324.0, 3469.0, 3707.25, 4209.9, 4617.0, 4758.5]","[601, 890, 2386, 2718, 3227, 3580]",0.4705882352941177,97.05999999999995,00:00:00,0.715969005599618,0.00014953404461144902
