Algorithm,Log Source,Log,MRID,Epsilon,Detected Changepoints,Actual Changepoints for Log,F1-Score,Average Lag,Duration,Duration (Seconds),Seconds per Case
Zheng DBSCAN,with_noise_10,log_12_1692952196,400,80.0,"[1385.9040590405905, 4857.321705426357]","[1187, 2142, 3311, 3901, 5376, 6349]",0.25,198.90405904059048,00:00:01,1.4252191502600908,0.00018882076712507828
