Algorithm,Log Source,Log,MRID,Epsilon,Detected Changepoints,Actual Changepoints for Log,F1-Score,Average Lag,Duration,Duration (Seconds),Seconds per Case
Zheng DBSCAN,without_noise,log_56_1687182007,300,30.0,"[304.0, 374.0, 480.0, 620.0, 667.5, 709.0, 952.0, 1000.0, 1063.7, 1172.0, 1231.0, 1303.5, 1367.0, 1444.0, 1478.5, 1527.0, 1567.5, 1617.5, 1757.0, 1794.0, 1876.0, 1964.0, 2011.75, 2219.3333333333335, 2267.0, 2319.0, 2620.0, 2693.0]","[999, 1336]",0.13333333333333333,16.0,00:00:00,0.8454076824709773,0.00031381131494839543
