Algorithm,Log Source,Log,MRID,Epsilon,Detected Changepoints,Actual Changepoints for Log,F1-Score,Average Lag,Duration,Duration (Seconds),Seconds per Case
Zheng DBSCAN,with_noise_10,log_30_1687181956,500,50.0,"[554.5, 916.0833333333334, 1297.45, 1583.551724137931, 1838.8333333333333, 2247.978723404255, 2585.5, 2989.245614035088, 3597.125, 3919.0, 4017.0]","[949, 1861, 2912]",0.42857142857142855,44.10964912280705,00:00:00,0.5013401107862592,0.00012464945569026832
