Algorithm,Log Source,Log,MRID,Epsilon,Detected Changepoints,Actual Changepoints for Log,F1-Score,Average Lag,Duration,Duration (Seconds),Seconds per Case
Zheng DBSCAN,with_noise_10,log_94_1687182067,400,40.0,"[736.0, 802.0, 867.0, 942.0, 987.0, 1177.0, 1271.5, 1571.0, 1617.0, 1765.0, 1928.0, 2009.0, 2282.0, 2622.0, 2840.0, 3051.0, 3211.0, 3681.0, 4098.0, 4216.0]","[517, 868, 1998, 2959, 3215]",0.32000000000000006,27.0,00:00:00,0.29870640859007835,7.016828954429842e-05
