Algorithm,Log Source,Log,MRID,Epsilon,Detected Changepoints,Actual Changepoints for Log,F1-Score,Average Lag,Duration,Duration (Seconds),Seconds per Case
Zheng DBSCAN,with_noise_5,log_83_1687182046,700,70.0,"[1057.0, 1359.0, 1808.0, 2028.0, 2513.0, 2676.3333333333335, 2787.0, 3165.0, 3396.5]","[1171, 1687, 2573, 2813]",0.6153846153846153,80.25,00:00:00,0.16960402484983206,4.6543365765596066e-05
