Algorithm,Log Source,Log,MRID,Epsilon,Detected Changepoints,Actual Changepoints for Log,F1-Score,Average Lag,Duration,Duration (Seconds),Seconds per Case
Zheng DBSCAN,without_noise,log_18_1692952223,300,120.0,"[315.0, 513.3333333333334, 1066.2, 1456.3333333333333, 2005.0, 2249.5454545454545, 3020.6666666666665, 3298.5, 3516.0, 3723.0, 4319.2, 4658.6, 5032.285714285715, 5387.666666666667, 5770.5, 6124.0, 6372.5, 6646.0, 7008.277777777777, 7484.866666666667, 7981.2, 8324.75, 8540.0, 8718.57142857143, 8957.8, 9686.666666666666, 10037.538461538461, 10582.23076923077, 11168.0]","[1389, 2280, 3635, 4421, 5728, 7035, 7597, 8723, 9996]",0.4736842105263158,57.21227414560738,00:00:03,3.4991342835128307,0.00030445786857329077
