Algorithm,Log Source,Log,MRID,Epsilon,Detected Changepoints,Actual Changepoints for Log,F1-Score,Average Lag,Duration,Duration (Seconds),Seconds per Case
Zheng DBSCAN,with_noise_10,log_64_1692952462,400,120.0,"[488.76190476190476, 1181.695652173913, 1586.888888888889, 2991.280701754386, 4811.384615384615, 5490.0]","[1238, 2404, 3563, 4310]",0.2,56.304347826086996,00:00:00,0.6995396967977285,0.000124451111332099
