Algorithm,Log Source,Log,MRID,Epsilon,Detected Changepoints,Actual Changepoints for Log,F1-Score,Average Lag,Duration,Duration (Seconds),Seconds per Case
Zheng DBSCAN,with_noise_15,log_65_1687182020,400,40.0,"[515.9230769230769, 718.8, 890.1666666666666, 991.6666666666666, 1042.5, 1091.0, 1218.5454545454545, 1302.0, 1435.6, 1549.0, 1627.0, 1734.7142857142858, 1888.6666666666667, 2034.0, 2117.5, 2203.2, 2407.75, 2544.5, 2639.1, 2752.0, 2922.625, 3035.0]","[909, 1496, 2099, 2410]",0.3076923076923077,23.145833333333343,00:00:00,0.8131189113482833,0.00026581200109456794
