Algorithm,Log Source,Log,MRID,Epsilon,Detected Changepoints,Actual Changepoints for Log,F1-Score,Average Lag,Duration,Duration (Seconds),Seconds per Case
Zheng DBSCAN,without_noise,log_36_1687181970,300,30.0,"[305.0, 403.5, 440.0, 536.3333333333334, 618.5, 676.0, 765.35, 900.25, 970.4, 1041.0, 1144.3333333333333, 1201.0, 1315.6666666666667, 1359.5, 1436.5, 1602.1904761904761, 1769.4285714285713, 1862.0, 1914.25, 1977.0, 2040.4285714285713, 2165.5, 2248.0, 2375.7, 2467.0, 2578.2083333333335, 2767.125, 2905.222222222222, 3053.0588235294117, 3200.75, 3294.285714285714, 3407.25, 3477.0, 3550.0]","[754, 1601, 2593]",0.1621621621621622,9.110714285714229,00:00:02,2.097211804240942,0.0005694303025362319
