Algorithm,Log Source,Log,MRID,Epsilon,Detected Changepoints,Actual Changepoints for Log,F1-Score,Average Lag,Duration,Duration (Seconds),Seconds per Case
Zheng DBSCAN,with_noise_5,log_73_1687182035,400,80.0,"[430.0, 602.875, 847.1111111111111, 1007.5, 1152.5, 1539.0857142857142, 2044.0, 2404.3478260869565, 2740.777777777778, 2887.6666666666665, 2996.25, 3290.4210526315787, 3591.875, 3764.6666666666665, 3905.7272727272725, 4223.5, 4373.5]","[1478, 2417, 2951, 3283]",0.38095238095238093,31.6022352075841,00:00:00,0.6184326279908419,0.0001389111922710786
