Algorithm,Log Source,Log,MRID,Epsilon,Detected Changepoints,Actual Changepoints for Log,F1-Score,Average Lag,Duration,Duration (Seconds),Seconds per Case
Zheng DBSCAN,with_noise_15,log_54_1687182005,300,30.0,"[344.125, 469.8333333333333, 648.6666666666666, 781.3076923076923, 952.0, 1031.3333333333333, 1153.875, 1304.0, 1460.25, 1603.5, 1672.25, 1769.5714285714287, 1862.75, 1913.0, 2018.2857142857142, 2088.5, 2154.0, 2199.0, 2253.0, 2357.090909090909, 2487.3333333333335, 2573.0, 2658.1666666666665, 2762.0, 2855.0, 2904.5, 3000.5555555555557, 3116.8, 3234.0, 3342.8571428571427, 3457.0, 3549.2, 3628.0, 3672.0, 3778.5714285714284, 3936.5652173913045, 4132.571428571428, 4224.666666666667, 4372.571428571428, 4472.166666666667, 4599.0, 4731.333333333333, 4814.0]","[1171, 1523, 2987, 3886, 4123]",0.20833333333333334,30.713440303657716,00:00:00,0.32396705728024244,6.718520474496939e-05
