Algorithm,Log Source,Log,MRID,Epsilon,Detected Changepoints,Actual Changepoints for Log,F1-Score,Average Lag,Duration,Duration (Seconds),Seconds per Case
Zheng DBSCAN,with_noise_15,log_71_1687182031,700,70.0,"[907.7714285714286, 1542.5, 2078.064516129032, 2389.0, 2509.6, 2616.0, 2768.0, 2940.3333333333335, 3131.6666666666665, 3612.148936170213, 4224.428571428572, 4429.285714285715]","[940, 1158, 1961, 2167, 3303, 3626]",0.4444444444444444,76.58711311566495,00:00:01,1.3371340073645115,0.00029641631730536723
