Algorithm,Log Source,Log,MRID,Epsilon,Detected Changepoints,Actual Changepoints for Log,F1-Score,Average Lag,Duration,Duration (Seconds),Seconds per Case
Zheng DBSCAN,with_noise_5,log_67_1687182023,300,60.0,"[452.7916666666667, 1060.4333333333334, 1643.576923076923, 1838.6666666666667, 1917.5, 2002.5, 2398.641025641026, 2753.0, 3033.3888888888887, 3387.230769230769, 3644.9166666666665, 3984.44, 4311.333333333333]","[933, 1145, 2289, 3129]",0.3529411764705882,96.60626780626792,00:00:00,0.47116856649518013,0.00010599967750172781
