Algorithm,Log Source,Log,MRID,Epsilon,Detected Changepoints,Actual Changepoints for Log,F1-Score,Average Lag,Duration,Duration (Seconds),Seconds per Case
Zheng DBSCAN,without_noise,log_31_1687181960,800,80.0,"[847.0, 1035.6363636363637, 1988.857142857143, 2300.0, 2683.0, 3182.0, 3419.846153846154]","[1043, 1868, 2070, 3338, 3677]",0.5,56.784215784215725,00:00:02,2.8245245004072785,0.000655798583795514
