Algorithm,Log Source,Log,MRID,Epsilon,Detected Changepoints,Actual Changepoints for Log,F1-Score,Average Lag,Duration,Duration (Seconds),Seconds per Case
Zheng DBSCAN,with_noise_5,log_50_1692952409,600,60.0,"[606.0, 739.0, 831.0, 1119.0, 1277.6666666666667, 1422.0, 1838.0, 1917.5, 2054.3333333333335, 2144.0, 2311.0, 2554.0, 2679.0, 2792.0, 2941.0, 3021.0, 3111.0, 3215.0, 3380.285714285714, 3492.0, 3843.0, 4059.0, 4191.0, 4545.0, 4632.0, 4723.0, 4847.0, 5171.0, 5304.0, 5417.0, 5635.0, 5834.0, 5919.5, 6046.0, 6153.0, 6388.5, 6485.0, 6686.0, 6790.0, 6988.25, 7246.0, 7350.0, 7516.142857142857, 7670.333333333333, 7764.5, 7888.285714285715, 8248.4, 8358.0, 8466.5, 8599.0, 8705.0, 8924.0]","[1116, 2317, 3370, 4443, 5099, 6419, 7919]",0.23728813559322035,36.35714285714279,00:00:00,0.8580551352351904,9.505429658083421e-05
