Algorithm,Log Source,Log,MRID,Epsilon,Detected Changepoints,Actual Changepoints for Log,F1-Score,Average Lag,Duration,Duration (Seconds),Seconds per Case
Zheng DBSCAN,with_noise_10,log_89_1687182057,300,60.0,"[346.0, 470.25, 643.3333333333334, 826.0, 1018.2, 1180.5, 1273.0, 1399.3333333333333, 1666.6, 1870.6666666666667, 1965.3333333333333, 2064.0, 2225.0, 2350.3333333333335, 2557.0, 2706.5, 2799.0, 2891.3333333333335, 3192.5]","[1144, 1943, 2486]",0.2727272727272727,43.27777777777775,00:00:00,0.35159561317414045,0.00010898810079793567
