Algorithm,Log Source,Log,MRID,Epsilon,Detected Changepoints,Actual Changepoints for Log,F1-Score,Average Lag,Duration,Duration (Seconds),Seconds per Case
Zheng DBSCAN,with_noise_15,log_17_1687181934,700,140.0,"[997.25, 1680.2, 3093.8055555555557, 4628.142857142857]","[975, 1309, 2437, 2652, 3899]",0.22222222222222224,22.25,00:00:01,1.8088811226189137,0.0003715860974977226
