Algorithm,Log Source,Log,MRID,Epsilon,Detected Changepoints,Actual Changepoints for Log,F1-Score,Average Lag,Duration,Duration (Seconds),Seconds per Case
Zheng DBSCAN,with_noise_5,log_17_1692952221,500,50.0,"[873.4111111111112, 1351.5, 2249.5916230366493, 3130.0, 3830.0397350993376, 5469.610038610039, 6854.607476635514, 7447.761904761905, 7633.666666666667, 7829.944444444444, 8009.0]","[1444, 2772, 3489, 4826, 6062, 6751]",0.23529411764705885,98.05373831775705,00:00:02,2.0951592586934566,0.0002615026533566471
