Algorithm,Log Source,Log,MRID,Epsilon,Detected Changepoints,Actual Changepoints for Log,F1-Score,Average Lag,Duration,Duration (Seconds),Seconds per Case
Zheng DBSCAN,with_noise_15,log_39_1687181976,700,70.0,"[2024.2180616740088, 3975.2380952380954]","[706, 972, 2184, 3059, 3368]",0.28571428571428575,159.78193832599118,00:00:01,1.5158077096566558,0.0003613367603472362
