Algorithm,Log Source,Log,MRID,Epsilon,Detected Changepoints,Actual Changepoints for Log,F1-Score,Average Lag,Duration,Duration (Seconds),Seconds per Case
Zheng DBSCAN,with_noise_15,log_76_1687182037,500,150.0,"[735.5, 1437.8333333333333, 2073.3333333333335, 2300.0, 2685.3, 3078.0]","[1056, 1741, 2740]",0.2222222222222222,54.69999999999982,00:00:00,0.5263701677322388,0.00016082192720202836
