Algorithm,Log Source,Log,MRID,Epsilon,Detected Changepoints,Actual Changepoints for Log,F1-Score,Average Lag,Duration,Duration (Seconds),Seconds per Case
Zheng DBSCAN,with_noise_5,log_67_1687182023,600,240.0,"[1070.5192307692307, 2760.14, 3977.7]","[933, 1145, 2289, 3129]",0.28571428571428575,74.48076923076928,00:00:00,0.4561608014628291,0.0001026233524100853
