Algorithm,Log Source,Log,MRID,Epsilon,Detected Changepoints,Actual Changepoints for Log,F1-Score,Average Lag,Duration,Duration (Seconds),Seconds per Case
Zheng DBSCAN,with_noise_10,log_15_1687181933,300,60.0,"[464.0, 619.0, 702.0, 1067.0, 1191.75, 1340.5, 1408.0, 1540.0, 1731.0, 1953.3846153846155, 2218.0, 2344.0, 2432.5, 2526.0]","[957, 1345]",0.25,57.25,00:00:00,0.12048453185707331,4.5829034559556224e-05
