Algorithm,Log Source,Log,MRID,Epsilon,Detected Changepoints,Actual Changepoints for Log,F1-Score,Average Lag,Duration,Duration (Seconds),Seconds per Case
Zheng DBSCAN,with_noise_10,log_84_1692952573,300,30.0,"[342.85714285714283, 449.7, 515.0, 639.0, 760.0, 820.5, 927.7058823529412, 1065.75, 1140.4, 1265.6666666666667, 1396.5714285714287, 1500.4615384615386, 1640.9166666666667, 1730.25, 1834.4285714285713, 1915.6666666666667, 2016.142857142857, 2110.777777777778, 2222.5714285714284, 2412.0, 2445.0, 2485.0, 2582.5, 2744.6666666666665, 2835.0, 2914.6666666666665, 2988.25, 3052.0, 3112.375, 3214.1428571428573, 3307.0, 3363.5, 3448.375, 3508.5, 3557.0, 3606.5, 3679.125, 3737.0, 3775.5, 3840.75, 3957.4615384615386, 4066.4, 4178.714285714285, 4258.5, 4302.5, 4388.8, 4575.058823529412, 4697.5, 4837.192307692308, 5008.5, 5087.125, 5188.777777777777, 5278.555555555556, 5360.0, 5403.5, 5491.222222222223, 5643.818181818182, 5783.75, 5856.0, 5911.333333333333]","[1146, 2011, 3360, 4613]",0.125,13.046008403361327,00:00:00,0.8799914997071028,0.00014774874071643769
