Algorithm,Log Source,Log,MRID,Epsilon,Detected Changepoints,Actual Changepoints for Log,F1-Score,Average Lag,Duration,Duration (Seconds),Seconds per Case
Zheng DBSCAN,with_noise_15,log_26_1687181951,300,90.0,"[351.68, 848.8846153846154, 1756.8974358974358, 2557.3333333333335, 2690.5]","[1394, 1683]",0.28571428571428575,73.8974358974358,00:00:00,0.2648019678890705,9.764084361691391e-05
