Algorithm,Log Source,Log,MRID,Epsilon,Detected Changepoints,Actual Changepoints for Log,F1-Score,Average Lag,Duration,Duration (Seconds),Seconds per Case
Zheng DBSCAN,with_noise_10,log_84_1692952573,400,40.0,"[450.3333333333333, 515.0, 647.5263157894736, 875.0909090909091, 995.0, 1071.5, 1138.75, 1269.857142857143, 1474.0625, 1634.857142857143, 1732.5, 1832.5, 1929.0, 2107.176470588235, 2428.5, 2581.75, 2739.75, 2831.5, 2919.0, 2994.0, 3094.5, 3185.0, 3256.0, 3307.5, 3362.0, 3502.9285714285716, 3659.0, 3747.5, 3873.0, 3962.9, 4067.0, 4176.0, 4259.0, 4308.0, 4359.5, 4430.5, 4512.5, 4589.8, 4706.0, 4811.5, 5009.0, 5090.6, 5190.333333333333, 5272.0, 5389.0, 5494.571428571428, 5604.0, 5686.0, 5783.75, 5899.5]","[1146, 2011, 3360, 4613]",0.14814814814814814,28.612499999999955,00:00:01,1.4945960529148579,0.00025093956563379077
