Algorithm,Log Source,Log,MRID,Epsilon,Detected Changepoints,Actual Changepoints for Log,F1-Score,Average Lag,Duration,Duration (Seconds),Seconds per Case
Zheng DBSCAN,with_noise_20,log_1_1687181916,600,60.0,"[716.0, 910.0, 1118.0, 1214.8333333333333, 1369.5, 1442.0, 1598.5714285714287, 1760.5, 1870.0, 2149.4, 2391.5555555555557, 2628.25, 3030.2, 3483.948717948718, 4007.5, 4113.0, 4248.0, 4502.105263157895]","[1292, 2437, 3613]",0.2857142857142857,83.88746438746443,00:00:02,2.5717879300937057,0.0005423424567890565
