Algorithm,Log Source,Log,MRID,Epsilon,Detected Changepoints,Actual Changepoints for Log,F1-Score,Average Lag,Duration,Duration (Seconds),Seconds per Case
Zheng DBSCAN,with_noise_5,log_34_1692952321,600,120.0,"[878.6, 1345.6, 1580.1666666666667, 1747.0, 1901.0, 2241.0, 2814.4, 3103.0, 3321.0, 3597.0, 3931.0]","[1165, 2205, 2867]",0.42857142857142855,89.73333333333328,00:00:00,0.13812942616641521,3.366547067180483e-05
