Algorithm,Log Source,Log,MRID,Epsilon,Detected Changepoints,Actual Changepoints for Log,F1-Score,Average Lag,Duration,Duration (Seconds),Seconds per Case
Zheng DBSCAN,with_noise_5,log_38_1692952364,300,60.0,"[451.0851063829787, 2092.828685258964, 3547.8333333333335, 3782.5714285714284, 4565.34188034188, 5396.0, 5488.666666666667, 5615.5, 5855.777777777777, 6085.333333333333, 6724.4177215189875, 7591.194444444444, 8180.649122807017, 9306.54074074074, 10152.0]","[1028, 1851, 3000, 4010, 4915, 6335, 7206, 8449, 9115]",0.08333333333333334,191.54074074074015,00:00:01,1.5160781405866146,0.00014672197237845878
