Algorithm,Log Source,Log,MRID,Epsilon,Detected Changepoints,Actual Changepoints for Log,F1-Score,Average Lag,Duration,Duration (Seconds),Seconds per Case
Zheng DBSCAN,with_noise_5,log_7_1687181925,400,160.0,"[860.780487804878, 3037.6593406593406, 4523.0]","[920, 1720, 2103, 3052, 3413]",0.5,36.78008576789068,00:00:00,0.5423342939466238,0.00011415160891320223
