Algorithm,Log Source,Log,MRID,Epsilon,Detected Changepoints,Actual Changepoints for Log,F1-Score,Average Lag,Duration,Duration (Seconds),Seconds per Case
Zheng DBSCAN,with_noise_10,log_65_1687182020,600,180.0,"[1481.7636363636364, 2965.3333333333335]","[909, 1496, 2099, 2410]",0.3333333333333333,14.236363636363649,00:00:00,0.7915279688313603,0.0002587538309353908
