Algorithm,Log Source,Log,MRID,Epsilon,Detected Changepoints,Actual Changepoints for Log,F1-Score,Average Lag,Duration,Duration (Seconds),Seconds per Case
Zheng DBSCAN,without_noise,log_65_1692952464,300,120.0,"[707.5, 1029.0, 1308.5, 2518.714285714286, 2785.0, 2991.0, 3112.0, 4467.0, 4628.0, 5258.5]","[1326, 2439, 3162, 4414, 5355]",0.6666666666666666,59.342857142857156,00:00:02,2.815104028210044,0.0004373316806291819
