Algorithm,Log Source,Log,MRID,Epsilon,Detected Changepoints,Actual Changepoints for Log,F1-Score,Average Lag,Duration,Duration (Seconds),Seconds per Case
Zheng DBSCAN,with_noise_5,log_42_1692952376,600,240.0,"[929.0, 1589.75, 1948.0, 2618.1666666666665, 4245.833333333333, 5709.5, 6874.933333333333, 7484.0, 7895.076923076923, 8378.2, 9043.5, 9678.375, 10482.2, 11208.0, 11799.0, 12978.761904761905]","[1465, 2388, 3805, 4827, 5718, 6808, 7871, 8414, 9656, 10599, 11897, 12538]",0.5714285714285715,62.15440705128185,00:00:00,0.9968429002910852,7.163286147535823e-05
