Algorithm,Log Source,Log,MRID,Epsilon,Detected Changepoints,Actual Changepoints for Log,F1-Score,Average Lag,Duration,Duration (Seconds),Seconds per Case
Zheng DBSCAN,with_noise_10,log_69_1692952502,600,60.0,"[716.3333333333334, 948.6428571428571, 2054.292517006803, 3772.7, 5376.246575342466, 6294.111111111111, 6580.894736842105, 6919.586206896552, 7642.0759493670885, 8417.307692307691, 9417.533980582524, 10078.25, 10209.25, 10385.095238095239, 10692.875, 10862.0, 11042.6]","[1487, 2098, 3497, 4638, 5779, 6664, 7725, 9125, 9901]",0.30769230769230765,96.74669919600092,00:00:02,2.511592233553529,0.000225761099645261
