Algorithm,Log Source,Log,MRID,Epsilon,Detected Changepoints,Actual Changepoints for Log,F1-Score,Average Lag,Duration,Duration (Seconds),Seconds per Case
Zheng DBSCAN,with_noise_5,log_88_1687182055,700,140.0,"[717.25, 992.6363636363636, 1497.1, 2083.8823529411766, 2767.764705882353, 3469.2727272727275, 3854.0, 4112.5]","[1401, 1950, 2206, 3218, 3462]",0.4615384615384615,75.16345811051694,00:00:00,0.33189789671450853,7.79652094701688e-05
