Algorithm,Log Source,Log,MRID,Epsilon,Detected Changepoints,Actual Changepoints for Log,F1-Score,Average Lag,Duration,Duration (Seconds),Seconds per Case
Zheng DBSCAN,with_noise_10,log_65_1687182020,800,160.0,"[838.0833333333334, 1896.2340425531916, 2984.1666666666665]","[909, 1496, 2099, 2410]",0.28571428571428575,70.91666666666663,00:00:00,0.8188139041885734,0.0002676737182702103
