Algorithm,Log Source,Log,MRID,Epsilon,Detected Changepoints,Actual Changepoints for Log,F1-Score,Average Lag,Duration,Duration (Seconds),Seconds per Case
Zheng DBSCAN,with_noise_20,log_60_1687182015,600,300.0,"[725.8333333333334, 1617.3333333333333]",[694],0.6666666666666666,31.83333333333337,00:00:00,0.9437880059704185,0.0004441355322213734
