Algorithm,Log Source,Log,MRID,Epsilon,Detected Changepoints,Actual Changepoints for Log,F1-Score,Average Lag,Duration,Duration (Seconds),Seconds per Case
Zheng DBSCAN,with_noise_10,log_77_1692952527,500,50.0,"[871.1452991452992, 1968.0530303030303, 2666.45, 3090.6393442622953, 4311.965217391305, 6131.089552238806, 7879.518134715026, 10022.262068965518]","[1150, 2081, 3258, 3936, 4990, 6332, 7232, 8267, 9297, 10336]",0.22222222222222224,140.15381271733725,00:00:06,6.734056191518903,0.0005859267546784045
