Algorithm,Log Source,Log,MRID,Epsilon,Detected Changepoints,Actual Changepoints for Log,F1-Score,Average Lag,Duration,Duration (Seconds),Seconds per Case
Zheng DBSCAN,without_noise,log_22_1692952248,400,40.0,"[1246.3333333333333, 2280.5, 3280.5714285714284, 4632.833333333333, 4728.0, 4826.0, 4931.0, 5238.0, 5666.0, 5916.0, 6024.4, 7289.5, 7354.0, 7398.0, 8061.0, 8106.5, 8169.5, 9597.0, 9646.333333333334, 9745.0, 10169.0, 10217.0, 10269.0, 10318.5]","[1244, 2280, 3281, 4625, 6029, 7290, 8171, 9596, 10320]",0.5454545454545454,2.2439153439153565,00:00:06,6.139930972829461,0.0005285753247959247
