Algorithm,Log Source,Log,MRID,Epsilon,Detected Changepoints,Actual Changepoints for Log,F1-Score,Average Lag,Duration,Duration (Seconds),Seconds per Case
Zheng DBSCAN,with_noise_5,log_63_1687182017,400,40.0,"[416.25, 1036.9597315436242, 1908.1463414634147, 2360.1111111111113, 2915.214814814815, 3583.125, 3807.6304347826085, 4122.666666666667, 4241.5]","[727, 968, 1760, 2588, 2871]",0.42857142857142855,87.10696260728461,00:00:01,1.6402893215417862,0.00038622305663804716
