Algorithm,Log Source,Log,MRID,Epsilon,Detected Changepoints,Actual Changepoints for Log,F1-Score,Average Lag,Duration,Duration (Seconds),Seconds per Case
Zheng DBSCAN,with_noise_15,log_69_1687182027,800,160.0,"[2127.021739130435, 3615.3333333333335, 3994.3333333333335]","[1354, 1741, 2389, 2676, 3199]",,,00:00:00,0.7053397819399834,0.00016698384989109454
