Algorithm,Log Source,Log,MRID,Epsilon,Detected Changepoints,Actual Changepoints for Log,F1-Score,Average Lag,Duration,Duration (Seconds),Seconds per Case
Zheng DBSCAN,with_noise_10,log_69_1692952502,400,40.0,"[1056.7974683544303, 1968.3333333333333, 2642.6941176470586, 3334.508474576271, 4048.8571428571427, 4641.4047619047615, 5177.1067961165045, 5754.573770491803, 6029.409090909091, 6241.0, 6757.009615384615, 7507.151515151515, 7938.151515151515, 8157.111111111111, 8377.285714285714, 8615.25, 8853.333333333334, 9462.288732394367, 10141.761904761905, 10526.169811320755, 10839.0, 10900.0, 11002.666666666666, 11085.5]","[1487, 2098, 3497, 4638, 5779, 6664, 7725, 9125, 9901]",0.30303030303030304,82.5997597775939,00:00:03,3.5594538245350122,0.0003199509055761809
