Algorithm,Log Source,Log,MRID,Epsilon,Detected Changepoints,Actual Changepoints for Log,F1-Score,Average Lag,Duration,Duration (Seconds),Seconds per Case
Zheng DBSCAN,with_noise_15,log_50_1687182000,500,50.0,"[672.2115384615385, 966.5, 1851.4595588235295, 3040.0425531914893, 4241.496031746032]","[1406, 1636, 2269, 2506, 3766]",,,00:00:02,2.82655942812562,0.0005387001006528721
