Algorithm,Log Source,Log,MRID,Epsilon,Detected Changepoints,Actual Changepoints for Log,F1-Score,Average Lag,Duration,Duration (Seconds),Seconds per Case
Zheng DBSCAN,without_noise,log_78_1692952551,300,120.0,"[334.5, 737.0833333333334, 1381.4347826086957, 2358.9166666666665, 2874.0]","[1057, 1576]",0.28571428571428575,194.56521739130426,00:00:01,1.0000636894255877,0.0003417852663792166
