Algorithm,Log Source,Log,MRID,Epsilon,Detected Changepoints,Actual Changepoints for Log,F1-Score,Average Lag,Duration,Duration (Seconds),Seconds per Case
Zheng DBSCAN,without_noise,log_65_1692952464,400,80.0,"[753.0, 1308.5, 2518.714285714286, 2731.0, 2839.0, 2991.0, 3112.0, 4467.0, 4628.0, 5119.0, 5241.666666666667, 5353.5]","[1326, 2439, 3162, 4414, 5355]",0.5882352941176471,40.342857142857156,00:00:02,2.5686417520046234,0.0003990433046457392
