Algorithm,Log Source,Log,MRID,Epsilon,Detected Changepoints,Actual Changepoints for Log,F1-Score,Average Lag,Duration,Duration (Seconds),Seconds per Case
Zheng DBSCAN,with_noise_15,log_27_1687181952,600,300.0,"[841.4, 1482.5, 1922.6666666666667, 2609.0, 3377.5, 4162.0]","[605, 944, 1861, 2203, 3080, 3444]",0.5,76.92222222222226,00:00:00,0.327539537101984,7.847137927694873e-05
