Algorithm,Log Source,Log,MRID,Epsilon,Detected Changepoints,Actual Changepoints for Log,F1-Score,Average Lag,Duration,Duration (Seconds),Seconds per Case
Zheng DBSCAN,without_noise,log_99_1687182077,500,50.0,"[711.1428571428571, 1095.1666666666667, 1287.0, 1412.3333333333333, 1624.5555555555557, 1771.0, 2024.6129032258063, 2241.0, 2316.0, 2456.0, 2595.0, 2799.3, 3009.0, 3334.0]","[555, 837, 2088, 2767]",0.3333333333333333,73.84807987711224,00:00:00,0.5507232388481498,0.00016178708544305223
