Algorithm,Log Source,Log,MRID,Epsilon,Detected Changepoints,Actual Changepoints for Log,F1-Score,Average Lag,Duration,Duration (Seconds),Seconds per Case
Zheng DBSCAN,with_noise_5,log_8_1687181927,300,30.0,"[345.55555555555554, 409.6666666666667, 519.0285714285715, 971.8629032258065, 1541.8095238095239, 1860.3846153846155, 2058.6, 2131.5, 2228.3636363636365]","[778, 1133]",0.1818181818181818,161.13709677419354,00:00:01,1.272706556133926,0.0005594314532456818
