Algorithm,Log Source,Log,MRID,Epsilon,Detected Changepoints,Actual Changepoints for Log,F1-Score,Average Lag,Duration,Duration (Seconds),Seconds per Case
Zheng DBSCAN,with_noise_5,log_35_1687181968,400,40.0,"[447.4, 724.9090909090909, 872.2666666666667, 1033.3636363636363, 1245.3684210526317, 1384.5, 1441.75, 1493.0, 1544.5, 1603.0, 1815.037037037037, 2004.0, 2110.3684210526317, 2210.0, 2342.0, 2512.9444444444443, 2664.0, 2858.1, 2993.125, 3093.8571428571427, 3155.0, 3251.25, 3308.0, 3389.75, 3482.4444444444443, 3618.705882352941, 3741.6666666666665, 3895.6, 4261.862068965517, 4622.833333333333, 4953.36170212766, 5235.0, 5289.0, 5444.125, 5569.833333333333]","[842, 1057, 2418, 2651, 3788, 4180]",0.2926829268292683,45.18307210031352,00:00:00,0.420364479534328,7.486455557156332e-05
