Algorithm,Log Source,Log,MRID,Epsilon,Detected Changepoints,Actual Changepoints for Log,F1-Score,Average Lag,Duration,Duration (Seconds),Seconds per Case
Zheng DBSCAN,with_noise_15,log_54_1687182005,300,60.0,"[419.55, 648.6666666666666, 781.3076923076923, 986.0, 1153.875, 1549.0869565217392, 2209.037037037037, 2487.3333333333335, 2716.0434782608695, 3042.0714285714284, 3434.25, 3943.7567567567567, 4224.666666666667, 4418.538461538462, 4599.0, 4731.333333333333, 4814.0]","[1171, 1523, 2987, 3886, 4123]",0.45454545454545453,51.54136170331826,00:00:00,0.32396705728024244,6.718520474496939e-05
