Algorithm,Log Source,Log,MRID,Epsilon,Detected Changepoints,Actual Changepoints for Log,F1-Score,Average Lag,Duration,Duration (Seconds),Seconds per Case
Zheng DBSCAN,with_noise_5,log_13_1692952198,600,60.0,"[3569.4390485629337, 8634.468267581475]","[1285, 2064, 3509, 4569, 6017, 7324, 8391, 9657]",0.2,60.43904856293375,00:00:07,7.1836328618228436,0.0006665707397070468
