Algorithm,Log Source,Log,MRID,Epsilon,Detected Changepoints,Actual Changepoints for Log,F1-Score,Average Lag,Duration,Duration (Seconds),Seconds per Case
Zheng DBSCAN,with_noise_10,log_54_1692952418,300,60.0,"[307.3333333333333, 475.5, 607.6666666666666, 803.6666666666666, 880.5, 1061.3333333333333, 1167.0, 1250.5, 1395.5, 1472.5, 1641.0, 1785.0, 1891.75, 2037.6666666666667, 2219.25, 2379.5, 2451.0, 2555.0, 2671.5, 2784.5, 2961.0, 3161.909090909091, 3421.4, 3622.1666666666665, 3758.3333333333335, 3933.5555555555557, 4117.5, 4270.666666666667, 4505.727272727273, 4666.5, 4805.5, 5080.4, 5229.666666666667, 5493.142857142857, 5778.6, 6022.5, 6233.0, 6389.0, 6594.0, 6737.888888888889, 6908.0, 7075.2, 7332.5, 7451.375, 7684.0, 7896.0, 8146.0, 8272.0, 8574.0]","[1215, 1983, 3203, 4514, 5254, 6354, 7395]",0.25,36.46266233766226,00:00:00,0.7238334119319916,8.44120597005238e-05
