Algorithm,Log Source,Log,MRID,Epsilon,Detected Changepoints,Actual Changepoints for Log,F1-Score,Average Lag,Duration,Duration (Seconds),Seconds per Case
Zheng DBSCAN,without_noise,log_91_1692952607,400,40.0,"[1459.0, 1642.0, 1829.5, 2203.0, 2248.0, 3332.0, 3439.0, 3859.5, 3997.0, 5232.0]","[1460, 2204, 3325, 3998, 5233]",0.6666666666666666,2.2,00:00:00,0.5716994404792786,9.129662096443286e-05
