Algorithm,Log Source,Log,MRID,Epsilon,Detected Changepoints,Actual Changepoints for Log,F1-Score,Average Lag,Duration,Duration (Seconds),Seconds per Case
Zheng DBSCAN,with_noise_10,log_24_1687181949,500,50.0,"[584.0, 922.0, 1037.0, 1104.5, 1193.5, 1343.0, 1421.0, 1555.0, 1618.0, 1922.5, 2172.3333333333335]","[994, 1238]",0.3076923076923077,43.75,00:00:00,0.2905945489183068,0.00012077911426363542
