Algorithm,Log Source,Log,MRID,Epsilon,Detected Changepoints,Actual Changepoints for Log,F1-Score,Average Lag,Duration,Duration (Seconds),Seconds per Case
Zheng DBSCAN,with_noise_5,log_22_1687181941,400,40.0,"[443.5, 493.0, 558.5, 627.5, 707.0, 827.1428571428571, 971.0, 1126.0, 1203.0, 1313.3333333333333, 1448.0, 1662.0, 1785.0, 1850.0, 2197.3333333333335, 2294.0, 2431.0, 2616.3571428571427, 2923.0, 2985.0, 3027.0, 3121.0, 3202.5, 3368.0, 3453.0, 3521.6666666666665, 3627.75, 3724.0, 3774.5, 3863.0, 4022.0, 4109.0, 4280.666666666667, 4385.0, 4690.0]","[1159, 1512, 2578, 3506, 3838]",0.25,35.20476190476184,00:00:00,0.4534921767190099,9.667281533127476e-05
