Algorithm,Log Source,Log,MRID,Epsilon,Detected Changepoints,Actual Changepoints for Log,F1-Score,Average Lag,Duration,Duration (Seconds),Seconds per Case
Zheng DBSCAN,with_noise_5,log_65_1692952464,600,60.0,"[772.3076923076923, 1463.4709302325582, 2762.5068493150684, 4549.246527777777, 6088.666666666667]","[1326, 2439, 3162, 4414, 5355]",0.4000000000000001,136.3587290051678,00:00:02,2.614241221919656,0.00040612726765879383
