Algorithm,Log Source,Log,MRID,Epsilon,Detected Changepoints,Actual Changepoints for Log,F1-Score,Average Lag,Duration,Duration (Seconds),Seconds per Case
Zheng DBSCAN,with_noise_10,log_94_1692952615,500,200.0,"[1058.6842105263158, 2692.2, 3243.4166666666665, 3803.25, 4219.666666666667]","[1486, 2734, 3393]",0.5,95.69166666666683,00:00:00,0.5392463877797127,0.00011366913739032729
