Algorithm,Log Source,Log,MRID,Epsilon,Detected Changepoints,Actual Changepoints for Log,F1-Score,Average Lag,Duration,Duration (Seconds),Seconds per Case
Zheng DBSCAN,without_noise,log_18_1692952223,600,300.0,"[1279.0, 2192.875, 3168.5555555555557, 4719.636363636364, 5669.666666666667, 6268.666666666667, 7731.717948717948, 10080.5, 11306.666666666666]","[1389, 2280, 3635, 4421, 5728, 7035, 7597, 8723, 9996]",0.5555555555555556,94.93525641025626,00:00:03,3.7742864340543747,0.00032839871522268987
