Algorithm,Log Source,Log,MRID,Epsilon,Detected Changepoints,Actual Changepoints for Log,F1-Score,Average Lag,Duration,Duration (Seconds),Seconds per Case
Zheng DBSCAN,with_noise_10,log_70_1687182031,600,60.0,"[681.0704225352113, 1308.7692307692307]",[608],0.6666666666666666,73.07042253521126,00:00:00,0.47689840011298656,0.00032420013603874
