Algorithm,Log Source,Log,MRID,Epsilon,Detected Changepoints,Actual Changepoints for Log,F1-Score,Average Lag,Duration,Duration (Seconds),Seconds per Case
Zheng DBSCAN,with_noise_5,log_51_1692952412,500,50.0,"[595.1052631578947, 1422.4166666666667, 2652.5324675324673, 3654.4857142857145, 4092.5263157894738, 4383.065217391304, 5251.693430656935, 6060.0, 6200.0, 6271.0]","[1211, 2415, 3134, 4190, 5042]",0.13333333333333333,97.47368421052624,00:00:02,2.08669943921268,0.0003317487184757838
