Algorithm,Log Source,Log,MRID,Epsilon,Detected Changepoints,Actual Changepoints for Log,F1-Score,Average Lag,Duration,Duration (Seconds),Seconds per Case
Zheng DBSCAN,with_noise_5,log_56_1687182007,400,40.0,"[402.4, 479.5, 561.0, 722.6923076923077, 906.5, 1164.6923076923076, 1487.6363636363637, 1628.0, 1698.0, 1828.909090909091, 1944.6666666666667, 2020.5, 2069.5, 2233.764705882353, 2397.5, 2491.0, 2590.25, 2681.0]","[999, 1336]",0.19999999999999998,122.06818181818187,00:00:00,0.42799654603004456,0.0001588702843467129
