Algorithm,Log Source,Log,MRID,Epsilon,Detected Changepoints,Actual Changepoints for Log,F1-Score,Average Lag,Duration,Duration (Seconds),Seconds per Case
Zheng DBSCAN,with_noise_10,log_63_1692952460,600,60.0,"[810.7142857142857, 1187.7692307692307, 1529.375, 1700.888888888889, 1964.4615384615386, 2120.6666666666665, 2194.4, 2374.0, 2628.6363636363635, 2744.0, 2879.4285714285716, 3051.4444444444443, 3212.0, 3334.5714285714284, 3491.0, 3619.25, 3770.0, 3993.4, 4201.0, 4468.833333333333, 4752.0, 4993.0, 5077.0, 5377.875, 5707.5]","[1145, 1912, 2997, 4472]",0.2758620689655173,38.21047008547015,00:00:00,0.8962748870253563,0.00015595526135816189
