Algorithm,Log Source,Log,MRID,Epsilon,Detected Changepoints,Actual Changepoints for Log,F1-Score,Average Lag,Duration,Duration (Seconds),Seconds per Case
Zheng DBSCAN,with_noise_20,log_59_1687182010,400,40.0,"[490.42857142857144, 690.0, 760.0, 873.1111111111111, 973.0, 1123.7333333333333, 1334.2857142857142, 1399.0, 1535.0, 1694.7142857142858, 1841.6666666666667, 1960.0, 2037.0, 2142.285714285714, 2287.0, 2435.5, 2603.8, 2724.75, 2802.0, 2913.5714285714284, 3038.0, 3180.5, 3241.5, 3315.5, 3419.6666666666665, 3496.0, 3665.25, 3764.0, 3819.0]","[788, 1187, 2051, 3036, 3241]",0.29411764705882354,21.55333333333333,00:00:02,2.1983120888471603,0.0005689213480453314
