Algorithm,Log Source,Log,MRID,Epsilon,Detected Changepoints,Actual Changepoints for Log,F1-Score,Average Lag,Duration,Duration (Seconds),Seconds per Case
Zheng DBSCAN,with_noise_5,log_94_1687182067,300,150.0,"[858.3333333333334, 2040.36, 2856.6666666666665, 3568.714285714286, 4193.0]","[517, 868, 1998, 2959, 3215]",0.6,51.45333333333334,00:00:00,0.14834811445325613,3.484804191995681e-05
