Algorithm,Log Source,Log,MRID,Epsilon,Detected Changepoints,Actual Changepoints for Log,F1-Score,Average Lag,Duration,Duration (Seconds),Seconds per Case
Zheng DBSCAN,without_noise,log_82_1692952560,300,60.0,"[397.7096774193548, 789.0, 1040.9166666666667, 1402.25, 1800.4583333333333, 2142.3333333333335, 2422.375, 2572.777777777778, 3220.6619718309857, 4026.181818181818, 4333.0, 4513.666666666667, 4847.090909090909, 5320.7, 5775.242424242424, 6180.176470588235, 6475.333333333333, 6681.5, 6814.5, 6964.5]","[1360, 1891, 3328, 4126, 5282, 6014]",0.4615384615384615,90.80405787368299,00:00:01,1.9623491894453764,0.0002785449523698192
