Algorithm,Log Source,Log,MRID,Epsilon,Detected Changepoints,Actual Changepoints for Log,F1-Score,Average Lag,Duration,Duration (Seconds),Seconds per Case
Zheng DBSCAN,with_noise_5,log_87_1687182053,600,60.0,"[715.6, 833.6666666666666, 936.1666666666666, 1127.5, 1235.5, 1458.4166666666667, 1710.0, 1907.3636363636363, 2108.5, 2342.722222222222, 2680.8333333333335, 3072.0555555555557, 3435.0, 3651.9523809523807, 3864.8, 3968.5, 4080.5, 4251.0, 4389.0, 4527.75]","[1385, 2862, 3527, 3777]",0.33333333333333337,108.59583333333336,00:00:00,0.6432306254282594,0.00014059685801710587
