Algorithm,Log Source,Log,MRID,Epsilon,Detected Changepoints,Actual Changepoints for Log,F1-Score,Average Lag,Duration,Duration (Seconds),Seconds per Case
Zheng DBSCAN,with_noise_5,log_88_1687182055,700,70.0,"[717.25, 945.0, 1119.6666666666667, 1497.1, 1951.5, 2201.5555555555557, 2509.0, 2678.777777777778, 2853.5, 2945.4, 3355.75, 3515.8333333333335, 3644.0, 3854.0, 4112.5]","[1401, 1950, 2206, 3218, 3462]",0.5,58.725555555555545,00:00:00,0.33189789671450853,7.79652094701688e-05
