Algorithm,Log Source,Log,MRID,Epsilon,Detected Changepoints,Actual Changepoints for Log,F1-Score,Average Lag,Duration,Duration (Seconds),Seconds per Case
Zheng DBSCAN,with_noise_5,log_36_1687181970,500,50.0,"[584.4285714285714, 951.983606557377, 1987.4037267080746, 3004.315789473684, 3532.1481481481483]","[754, 1601, 2593]",0.25,169.57142857142856,00:00:02,2.1788947051391006,0.00059160866281268
