Algorithm,Log Source,Log,MRID,Epsilon,Detected Changepoints,Actual Changepoints for Log,F1-Score,Average Lag,Duration,Duration (Seconds),Seconds per Case
Zheng DBSCAN,with_noise_10,log_15_1687181933,400,160.0,"[702.0, 1216.4285714285713, 1555.5, 1919.111111111111, 2321.0, 2526.0]","[957, 1345]",0.25,128.57142857142867,00:00:00,0.2469901703298092,9.394833409273838e-05
