Algorithm,Log Source,Log,MRID,Epsilon,Detected Changepoints,Actual Changepoints for Log,F1-Score,Average Lag,Duration,Duration (Seconds),Seconds per Case
Zheng DBSCAN,without_noise,log_68_1687182024,400,40.0,"[544.5, 667.0, 921.5, 1013.6666666666666, 1191.0, 1271.0, 1425.5, 1477.0, 1548.5, 1706.0, 1886.0, 1987.0, 2033.0, 2302.5, 2450.0, 2510.6666666666665, 2693.5, 2812.0, 3016.5, 3091.0, 3212.8571428571427, 3312.0, 3457.0, 3649.0, 3757.0, 3855.0, 4100.5]","[896, 1272, 1818, 2030, 2923, 3240]",0.3636363636363636,36.35714285714289,00:00:01,1.1487511526793242,0.0002543172797607536
