Algorithm,Log Source,Log,MRID,Epsilon,Detected Changepoints,Actual Changepoints for Log,F1-Score,Average Lag,Duration,Duration (Seconds),Seconds per Case
Zheng DBSCAN,with_noise_5,log_76_1692952523,600,60.0,"[1757.4158415841584, 3640.6936936936936, 4121.545454545455, 5688.929951690821, 7891.916129032258]","[1179, 1765, 3121, 4586, 5250, 6506, 7495]",0.16666666666666666,7.584158415841557,00:00:06,6.649202270433307,0.0007571398622675139
