Algorithm,Log Source,Log,MRID,Epsilon,Detected Changepoints,Actual Changepoints for Log,F1-Score,Average Lag,Duration,Duration (Seconds),Seconds per Case
Zheng DBSCAN,with_noise_10,log_12_1692952196,300,30.0,"[515.1222222222223, 976.0434782608696, 1518.9449541284403, 1949.2727272727273, 2039.5555555555557, 2196.695652173913, 2401.5555555555557, 2554.0, 2630.3333333333335, 2925.626506024096, 3252.764705882353, 3442.162162162162, 3922.9666666666667, 4457.622641509434, 5038.992248062015, 5765.185185185185, 6102.846153846154, 6205.375, 6436.459459459459, 6646.285714285715, 6786.083333333333, 6915.666666666667, 7103.5142857142855, 7266.0, 7352.0, 7461.5, 7520.0]","[1187, 2142, 3311, 3901, 5376, 6349]",0.24242424242424243,55.58926810442142,00:00:01,1.4788457229733467,0.00019592550648825474
