Algorithm,Log Source,Log,MRID,Epsilon,Detected Changepoints,Actual Changepoints for Log,F1-Score,Average Lag,Duration,Duration (Seconds),Seconds per Case
Zheng DBSCAN,without_noise,log_65_1687182020,400,160.0,"[656.3333333333334, 917.6428571428571, 1282.5, 1549.7142857142858, 2115.6666666666665, 2466.1666666666665, 3050.0]","[909, 1496, 2099, 2410]",0.7272727272727273,33.79761904761898,00:00:00,0.7309770779684186,0.00023895948936528887
