Algorithm,Log Source,Log,MRID,Epsilon,Detected Changepoints,Actual Changepoints for Log,F1-Score,Average Lag,Duration,Duration (Seconds),Seconds per Case
Zheng DBSCAN,with_noise_10,log_73_1687182035,400,160.0,"[486.1666666666667, 757.0, 1395.7272727272727, 1994.9, 2354.75, 2681.0, 3229.3333333333335, 3855.125, 4284.0]","[1478, 2417, 2951, 3283]",0.46153846153846156,66.06313131313125,00:00:00,0.5698396349325776,0.00012799632410884492
