Algorithm,Log Source,Log,MRID,Epsilon,Detected Changepoints,Actual Changepoints for Log,F1-Score,Average Lag,Duration,Duration (Seconds),Seconds per Case
Zheng DBSCAN,without_noise,log_89_1692952588,400,40.0,"[1231.0, 1296.0, 3372.5714285714284, 4786.0, 6029.333333333333, 6082.0, 6125.0, 6170.0, 6868.5, 6912.0, 6959.5, 8392.0, 8465.5, 8515.0, 8581.5, 10159.0, 10211.0, 10256.666666666666, 10387.0, 12508.666666666666, 12981.0, 13110.0, 13168.0, 14521.5, 15691.75]","[1231, 2194, 3370, 4789, 6034, 6961, 8392, 8969, 10160, 11100, 12512, 13171, 14519, 15691]",0.5641025641025641,2.02922077922085,00:00:05,5.6464931685477495,0.0003355814316265155
