Algorithm,Log Source,Log,MRID,Epsilon,Detected Changepoints,Actual Changepoints for Log,F1-Score,Average Lag,Duration,Duration (Seconds),Seconds per Case
Zheng DBSCAN,with_noise_15,log_77_1687182038,500,100.0,"[885.95, 1946.5897435897436, 3342.5714285714284]","[560, 1784, 3134]",0.3333333333333333,162.58974358974365,00:00:01,1.42141099460423,0.0003139851987197327
