Algorithm,Log Source,Log,MRID,Epsilon,Detected Changepoints,Actual Changepoints for Log,F1-Score,Average Lag,Duration,Duration (Seconds),Seconds per Case
Zheng DBSCAN,with_noise_10,log_66_1692952466,400,40.0,"[4602.268762677485, 12551.068035190616, 16329.42857142857, 16445.714285714286]","[1333, 1858, 3125, 4597, 5145, 6189, 7122, 8601, 9725, 10332, 11494, 12957, 13775, 14782, 15396]",0.10526315789473685,5.268762677485029,00:00:12,12.488200426101685,0.0007583773866582671
