Algorithm,Log Source,Log,MRID,Epsilon,Detected Changepoints,Actual Changepoints for Log,F1-Score,Average Lag,Duration,Duration (Seconds),Seconds per Case
Zheng DBSCAN,with_noise_10,log_48_1692952401,400,80.0,"[956.8214285714286, 1270.0, 1614.24, 2177.3571428571427, 2512.4545454545455, 2791.0, 2932.6666666666665, 3278.521739130435, 3612.0, 3908.823529411765, 4195.333333333333, 4315.0, 4443.333333333333, 4687.045454545455, 5018.166666666667, 5263.166666666667, 5549.909090909091, 5938.142857142857]","[1100, 2192, 3088, 4584]",0.3636363636363636,104.0500541125543,00:00:00,0.7637505251914263,0.00012653255884549806
