Algorithm,Log Source,Log,MRID,Epsilon,Detected Changepoints,Actual Changepoints for Log,F1-Score,Average Lag,Duration,Duration (Seconds),Seconds per Case
Zheng DBSCAN,with_noise_5,log_56_1687182007,400,80.0,"[549.5151515151515, 1408.746835443038, 2251.0, 2611.875]","[999, 1336]",0.3333333333333333,72.74683544303798,00:00:00,0.42799654603004456,0.0001588702843467129
