Algorithm,Log Source,Log,MRID,Epsilon,Detected Changepoints,Actual Changepoints for Log,F1-Score,Average Lag,Duration,Duration (Seconds),Seconds per Case
Zheng DBSCAN,without_noise,log_70_1692952508,600,120.0,"[780.0, 1167.5, 1565.7777777777778, 2002.0, 3162.2, 3353.0, 3607.3333333333335, 4042.230769230769, 4588.5, 4865.0, 4991.0, 5519.611111111111]","[1422, 2050, 3140, 3964, 5285, 5909]",0.4444444444444444,73.05213675213668,00:00:01,1.186795212328434,0.00016353799260416618
