Algorithm,Log Source,Log,MRID,Epsilon,Detected Changepoints,Actual Changepoints for Log,F1-Score,Average Lag,Duration,Duration (Seconds),Seconds per Case
Zheng DBSCAN,with_noise_10,log_30_1692952304,400,120.0,"[488.0, 1362.3333333333333, 1890.1666666666667, 2374.0, 2759.8888888888887, 3044.0, 3319.0]","[1241, 2080]",0.4444444444444445,155.58333333333326,00:00:00,0.24515727907419205,7.285506064611948e-05
