Algorithm,Log Source,Log,MRID,Epsilon,Detected Changepoints,Actual Changepoints for Log,F1-Score,Average Lag,Duration,Duration (Seconds),Seconds per Case
Zheng DBSCAN,with_noise_10,log_48_1692952401,400,40.0,"[427.7142857142857, 662.0, 742.0, 811.6666666666666, 871.0, 960.25, 1072.6666666666667, 1145.8, 1270.0, 1409.4, 1463.5, 1537.25, 1617.0, 1776.5, 2018.0, 2115.8333333333335, 2252.8571428571427, 2387.5, 2433.0, 2516.0, 2612.0, 2791.0, 2932.6666666666665, 3075.6666666666665, 3125.0, 3318.6315789473683, 3569.0, 3633.5, 3750.0, 3910.846153846154, 4054.5, 4176.5, 4233.0, 4315.0, 4443.333333333333, 4565.571428571428, 4682.25, 4814.0, 4992.5, 5069.5, 5163.0, 5296.555555555556, 5465.5, 5535.5, 5635.0, 5812.0, 5885.0, 5974.0]","[1100, 2192, 3088, 4584]",0.15384615384615385,29.73809523809524,00:00:00,0.7637505251914263,0.00012653255884549806
