Algorithm,Log Source,Log,MRID,Epsilon,Detected Changepoints,Actual Changepoints for Log,F1-Score,Average Lag,Duration,Duration (Seconds),Seconds per Case
Zheng DBSCAN,with_noise_15,log_27_1687181952,300,90.0,"[335.0, 687.3888888888889, 1228.9285714285713, 1661.2, 2119.076923076923, 2631.4285714285716, 2892.75, 3025.0, 3371.1428571428573, 3795.75, 4034.0, 4147.0]","[605, 944, 1861, 2203, 3080, 3444]",0.5555555555555556,98.79382173382173,00:00:00,0.6821571243926883,0.0001634300729258956
