Algorithm,Log Source,Log,MRID,Epsilon,Detected Changepoints,Actual Changepoints for Log,F1-Score,Average Lag,Duration,Duration (Seconds),Seconds per Case
Zheng DBSCAN,with_noise_15,log_71_1687182031,500,50.0,"[844.6666666666666, 1933.6484375, 2812.4166666666665, 3527.1666666666665, 4211.583333333333, 4436.7]","[940, 1158, 1961, 2167, 3303, 3626]",0.5,73.83940972222229,00:00:01,1.455006510950625,0.00032254633361796165
