Algorithm,Log Source,Log,MRID,Epsilon,Detected Changepoints,Actual Changepoints for Log,F1-Score,Average Lag,Duration,Duration (Seconds),Seconds per Case
Zheng DBSCAN,without_noise,log_36_1687181970,700,70.0,"[762.4285714285714, 893.3333333333334, 1387.5, 1624.2173913043478, 1982.875, 2145.5, 2248.0, 2357.6666666666665, 2588.294117647059, 2937.5, 3074.0, 3286.5, 3477.0]","[754, 1601, 2593]",0.375,12.11728169528673,00:00:02,2.0849078791216016,0.0005660895680482219
