Algorithm,Log Source,Log,MRID,Epsilon,Detected Changepoints,Actual Changepoints for Log,F1-Score,Average Lag,Duration,Duration (Seconds),Seconds per Case
Zheng DBSCAN,with_noise_10,log_91_1687182059,500,150.0,[2565.0714285714284],"[806, 1021, 2361, 2754, 3407, 3685]",0.2857142857142857,188.92857142857156,00:00:03,3.1631754618138075,0.0006151644227564776
