Algorithm,Log Source,Log,MRID,Epsilon,Detected Changepoints,Actual Changepoints for Log,F1-Score,Average Lag,Duration,Duration (Seconds),Seconds per Case
Zheng DBSCAN,with_noise_15,log_17_1687181934,300,90.0,[2461.1445086705203],"[975, 1309, 2437, 2652, 3899]",0.33333333333333337,24.14450867052028,00:00:00,0.9023399222642183,0.0001853615288135206
