Algorithm,Log Source,Log,MRID,Epsilon,Detected Changepoints,Actual Changepoints for Log,F1-Score,Average Lag,Duration,Duration (Seconds),Seconds per Case
Zheng DBSCAN,with_noise_15,log_10_1687181929,600,60.0,"[877.1219512195122, 1613.732142857143, 2348.4761904761904]","[1446, 1821]",0.4,167.7321428571429,00:00:01,1.4170935126021504,0.0005499004705479823
