Algorithm,Log Source,Log,MRID,Epsilon,Detected Changepoints,Actual Changepoints for Log,F1-Score,Average Lag,Duration,Duration (Seconds),Seconds per Case
Zheng DBSCAN,with_noise_10,log_49_1692952403,400,80.0,"[622.75, 799.5, 902.0, 1029.25, 1281.3333333333333, 1485.5, 1707.0, 1911.2, 2113.0, 2266.25, 2516.3333333333335, 2691.5, 2978.0, 3230.8333333333335, 3427.0, 3672.7272727272725, 3976.0, 4104.25, 4458.714285714285, 4644.5, 4750.0, 4901.666666666667, 5063.0, 5161.333333333333, 5434.0, 5899.5, 6274.5, 6469.666666666667, 6767.222222222223, 7023.333333333333, 7453.666666666667, 7679.0, 7803.5, 7974.0, 8143.5, 8497.5, 8684.0, 8946.5, 9188.666666666666, 9384.0, 9641.25, 9839.0, 10016.0, 10255.0, 10420.0, 10506.5, 10719.0, 10907.5, 11237.0, 11539.0, 11714.0, 12190.0]","[1207, 2115, 3260, 3826, 4852, 5704, 6865, 8311, 8890, 10017, 10880]",0.34920634920634924,77.35858585858583,00:00:01,1.1648407354950905,9.467940628262135e-05
