Algorithm,Log Source,Log,MRID,Epsilon,Detected Changepoints,Actual Changepoints for Log,F1-Score,Average Lag,Duration,Duration (Seconds),Seconds per Case
Zheng DBSCAN,with_noise_5,log_64_1692952462,300,90.0,"[708.0, 1969.8039215686274, 4222.433734939759]","[1238, 2404, 3563, 4310]",0.28571428571428575,87.56626506024077,00:00:00,0.6247514206916094,0.00011114595635858555
