Algorithm,Log Source,Log,MRID,Epsilon,Detected Changepoints,Actual Changepoints for Log,F1-Score,Average Lag,Duration,Duration (Seconds),Seconds per Case
Zheng DBSCAN,with_noise_5,log_53_1687182005,500,50.0,"[1009.6310679611651, 1600.5, 1803.0434782608695, 2000.1666666666667, 2125.0, 2187.0, 2243.0, 2299.0, 2369.0]","[1024, 1283]",0.1818181818181818,14.368932038834942,00:00:00,0.4753886889666319,0.00019915738959641052
