Algorithm,Log Source,Log,MRID,Epsilon,Detected Changepoints,Actual Changepoints for Log,F1-Score,Average Lag,Duration,Duration (Seconds),Seconds per Case
Zheng DBSCAN,with_noise_10,log_96_1687182073,500,100.0,"[715.8333333333334, 1012.0, 1216.5, 1415.5, 1565.0, 1892.1666666666667, 2351.0, 2496.0, 2655.5, 2815.0, 3096.0, 3396.25, 4029.0]","[805, 1076, 1645, 1910, 2579, 2949]",0.631578947368421,76.91666666666664,00:00:00,0.5230551194399595,0.00012686275028861498
