Algorithm,Log Source,Log,MRID,Epsilon,Detected Changepoints,Actual Changepoints for Log,F1-Score,Average Lag,Duration,Duration (Seconds),Seconds per Case
Zheng DBSCAN,with_noise_5,log_82_1692952560,500,50.0,"[516.96, 745.9166666666666, 1431.5922330097087, 2104.342857142857, 2719.878787878788, 3510.814814814815, 4067.5862068965516, 4481.681818181818, 4651.166666666667, 5401.492307692308, 6402.478873239436, 6969.875]","[1360, 1891, 3328, 4126, 5282, 6014]",0.4444444444444444,108.07828715506992,00:00:02,2.2092858105897903,0.00031359628255355436
