Algorithm,Log Source,Log,MRID,Epsilon,Detected Changepoints,Actual Changepoints for Log,F1-Score,Average Lag,Duration,Duration (Seconds),Seconds per Case
Zheng DBSCAN,with_noise_5,log_85_1692952576,300,120.0,"[474.3, 1620.8115942028985, 2749.0, 3526.160714285714, 4094.5, 4950.151515151515, 6282.731343283582, 7193.789473684211, 8132.492957746479, 9204.029411764706, 9766.25]","[1459, 1990, 3383, 4503, 5074, 6148, 6878, 8310]",0.5263157894736842,148.21183577484007,00:00:00,0.832320062443614,8.5026056026521e-05
