Algorithm,Log Source,Log,MRID,Epsilon,Detected Changepoints,Actual Changepoints for Log,F1-Score,Average Lag,Duration,Duration (Seconds),Seconds per Case
Zheng DBSCAN,with_noise_15,log_100_1687182078,300,30.0,"[311.0, 466.5, 592.0, 784.0, 863.5, 933.5, 1024.0, 1087.0, 1130.3333333333333, 1268.0, 1322.0, 1369.0, 1461.75, 1629.0, 1669.0, 1849.25, 1925.4, 2013.0, 2202.0, 2269.3333333333335]",[1133],0.09523809523809523,2.6666666666667425,00:00:00,0.13472963962703943,5.680001670617177e-05
