Algorithm,Log Source,Log,MRID,Epsilon,Detected Changepoints,Actual Changepoints for Log,F1-Score,Average Lag,Duration,Duration (Seconds),Seconds per Case
Zheng DBSCAN,without_noise,log_31_1692952304,500,50.0,"[1438.888888888889, 2924.5, 3238.5, 3335.5, 3390.0, 4549.444444444444, 5867.857142857143]","[1438, 2870, 3391, 4545, 5871]",0.8333333333333333,12.795238095238028,00:00:04,4.43963186442852,0.0006189365487841238
