Algorithm,Log Source,Log,MRID,Epsilon,Detected Changepoints,Actual Changepoints for Log,F1-Score,Average Lag,Duration,Duration (Seconds),Seconds per Case
Zheng DBSCAN,with_noise_5,log_10_1687181929,700,70.0,"[727.1923076923077, 1111.65, 1598.695652173913, 2277.5, 2473.0, 2554.0]","[1446, 1821]",0.25,152.695652173913,00:00:00,0.7270968118682504,0.00028214854942500985
