Algorithm,Log Source,Log,MRID,Epsilon,Detected Changepoints,Actual Changepoints for Log,F1-Score,Average Lag,Duration,Duration (Seconds),Seconds per Case
Zheng DBSCAN,with_noise_15,log_26_1687181951,500,50.0,"[639.6666666666666, 787.3333333333334, 939.6, 1062.0, 1252.0, 1508.388888888889, 1665.0, 1762.0, 1984.0, 2068.3333333333335, 2284.0, 2388.0, 2499.0, 2593.0]","[1394, 1683]",0.25,66.19444444444446,00:00:00,0.5620732847601175,0.00020725416104724098
