Algorithm,Log Source,Log,MRID,Epsilon,Detected Changepoints,Actual Changepoints for Log,F1-Score,Average Lag,Duration,Duration (Seconds),Seconds per Case
Zheng DBSCAN,with_noise_5,log_89_1692952588,600,60.0,"[904.7708333333334, 1258.2941176470588, 1453.2, 4146.328971962616, 7390.2192982456145, 8352.457627118643, 9166.01, 10143.578431372549, 11127.95744680851, 11953.6, 13031.722826086956, 14073.4, 14214.1, 14427.0625, 15205.44537815126, 16085.26923076923, 16649.14285714286]","[1231, 2194, 3370, 4789, 6034, 6961, 8392, 8969, 10160, 11100, 12512, 13171, 14519, 15691]",0.45161290322580644,77.06288283963156,00:00:05,5.172389106824994,0.00030740455882711246
