Algorithm,Log Source,Log,MRID,Epsilon,Detected Changepoints,Actual Changepoints for Log,F1-Score,Average Lag,Duration,Duration (Seconds),Seconds per Case
Zheng DBSCAN,with_noise_5,log_67_1687182023,300,90.0,"[1054.864, 2398.641025641026, 3025.810810810811, 3779.5849056603774]","[933, 1145, 2289, 3129]",0.75,100.98873827673833,00:00:00,0.47116856649518013,0.00010599967750172781
