Algorithm,Log Source,Log,MRID,Epsilon,Detected Changepoints,Actual Changepoints for Log,F1-Score,Average Lag,Duration,Duration (Seconds),Seconds per Case
Zheng DBSCAN,with_noise_10,log_43_1692952382,400,80.0,"[538.3125, 912.8947368421053, 1356.6666666666667, 1800.0, 2100.3333333333335, 2328.3846153846152, 2550.3333333333335, 2963.6944444444443, 3750.488888888889, 4471.551724137931, 4848.5, 5121.588235294118, 5680.125]","[1200, 1740, 3030, 4200, 5001]",0.4444444444444444,100.8901143790851,00:00:00,0.8835044130682945,0.0001460820788803397
