Algorithm,Log Source,Log,MRID,Epsilon,Detected Changepoints,Actual Changepoints for Log,F1-Score,Average Lag,Duration,Duration (Seconds),Seconds per Case
Zheng DBSCAN,with_noise_10,log_50_1687182000,400,80.0,[2571.6655913978493],"[1406, 1636, 2269, 2506, 3766]",0.33333333333333337,65.66559139784931,00:00:02,2.544062995351851,0.0004848604908236804
