Algorithm,Log Source,Log,MRID,Epsilon,Detected Changepoints,Actual Changepoints for Log,F1-Score,Average Lag,Duration,Duration (Seconds),Seconds per Case
Zheng DBSCAN,without_noise,log_16_1692952213,600,120.0,"[848.5, 1422.590909090909, 1920.0, 2247.0, 2657.470588235294, 2994.0, 3393.5555555555557, 3946.190476190476, 4585.454545454545, 5604.6, 6434.5, 6651.0, 6916.666666666667, 7219.0, 8152.5, 8562.0, 8994.666666666666, 9382.0, 9614.0, 10025.0, 10207.666666666666, 10568.0, 10916.5, 11176.5, 11351.0, 11889.709677419354, 12432.666666666666, 13097.675, 13819.0]","[1356, 2761, 3835, 4592, 5716, 6979, 8389, 9274, 10631, 11912, 13144]",0.5499999999999999,79.4731734095932,00:00:03,3.9312496427446604,0.00027473964936366345
