Algorithm,Log Source,Log,MRID,Epsilon,Detected Changepoints,Actual Changepoints for Log,F1-Score,Average Lag,Duration,Duration (Seconds),Seconds per Case
Zheng DBSCAN,with_noise_10,log_38_1692952364,400,120.0,"[1095.6222222222223, 3113.4583333333335, 7090.585858585859, 10264.0]","[1028, 1851, 3000, 4010, 4915, 6335, 7206, 8449, 9115]",0.46153846153846156,98.8315656565657,00:00:02,2.1215317957103252,0.0002053161517187966
