Algorithm,Log Source,Log,MRID,Epsilon,Detected Changepoints,Actual Changepoints for Log,F1-Score,Average Lag,Duration,Duration (Seconds),Seconds per Case
Zheng DBSCAN,without_noise,log_9_1687181928,300,30.0,"[555.0, 654.0, 852.0, 970.5, 1123.3333333333333, 1915.0, 2695.0, 2988.0]","[1135, 1916, 2696, 2989]",0.6666666666666666,3.6666666666666856,00:00:00,0.6535892076790333,0.0001456953204812825
