Algorithm,Log Source,Log,MRID,Epsilon,Detected Changepoints,Actual Changepoints for Log,F1-Score,Average Lag,Duration,Duration (Seconds),Seconds per Case
Zheng DBSCAN,with_noise_15,log_77_1687182038,500,50.0,"[630.5238095238095, 793.0, 942.2857142857143, 1116.6666666666667, 1339.9259259259259, 1814.2916666666667, 2158.266666666667, 2416.6666666666665, 2491.1666666666665, 2751.346153846154, 3005.0, 3162.75, 3381.866666666667, 3769.027027027027, 4083.0, 4182.5, 4292.666666666667, 4384.0, 4455.0, 4517.0]","[560, 1784, 3134]",0.2608695652173913,43.188492063492085,00:00:01,1.42141099460423,0.0003139851987197327
