Algorithm,Log Source,Log,MRID,Epsilon,Detected Changepoints,Actual Changepoints for Log,F1-Score,Average Lag,Duration,Duration (Seconds),Seconds per Case
Zheng DBSCAN,with_noise_20,log_69_1687182027,300,60.0,"[1491.7362637362637, 2915.8, 3144.0, 3287.375, 3684.705882352941, 4033.0, 4141.833333333333]","[1354, 1741, 2389, 2676, 3199]",0.3333333333333333,96.36813186813185,00:00:01,1.4290369180962443,0.00033831366432202753
