Algorithm,Log Source,Log,MRID,Epsilon,Detected Changepoints,Actual Changepoints for Log,F1-Score,Average Lag,Duration,Duration (Seconds),Seconds per Case
Zheng DBSCAN,with_noise_5,log_4_1687181921,800,160.0,"[832.5, 1340.2666666666667, 1891.6, 2411.1666666666665]","[1313, 1543]",0.3333333333333333,27.26666666666665,00:00:00,0.27584937307983637,0.00010468666910050716
