Algorithm,Log Source,Log,MRID,Epsilon,Detected Changepoints,Actual Changepoints for Log,F1-Score,Average Lag,Duration,Duration (Seconds),Seconds per Case
Zheng DBSCAN,with_noise_10,log_50_1687182000,700,70.0,"[2542.085416666667, 5147.166666666667]","[1406, 1636, 2269, 2506, 3766]",0.28571428571428575,36.08541666666679,00:00:02,2.7721750531345606,0.0005283352493109511
