Algorithm,Log Source,Log,MRID,Epsilon,Detected Changepoints,Actual Changepoints for Log,F1-Score,Average Lag,Duration,Duration (Seconds),Seconds per Case
Zheng DBSCAN,with_noise_10,log_27_1687181952,400,80.0,"[485.3333333333333, 886.3684210526316, 1190.3333333333333, 1324.0, 1465.5, 1736.7272727272727, 2034.8, 2371.8571428571427, 2628.0, 2901.0, 3431.285714285714, 3717.1666666666665, 3895.0, 4014.0, 4114.0]","[605, 944, 1861, 2203, 3080, 3444]",0.5714285714285715,110.2475431001747,00:00:00,0.6905755437910557,0.00016544694388860942
