Algorithm,Log Source,Log,MRID,Epsilon,Detected Changepoints,Actual Changepoints for Log,F1-Score,Average Lag,Duration,Duration (Seconds),Seconds per Case
Zheng DBSCAN,with_noise_5,log_23_1692952259,300,30.0,"[315.0, 419.0, 492.3333333333333, 733.0, 807.1666666666666, 948.5, 1119.2, 1189.0, 1264.0, 1413.6666666666667, 1530.0, 1585.0, 1643.0, 1730.3333333333333, 1791.5, 1837.0, 1886.0, 2142.0, 2207.3333333333335, 2312.3333333333335, 2402.0, 2456.0, 2609.3571428571427, 2788.8571428571427, 2854.0, 2902.5, 3021.6666666666665, 3150.8571428571427, 3318.0, 3402.6666666666665, 3469.75, 3553.0, 3620.0, 3689.0, 3790.0, 3840.0, 3920.0, 3977.0, 4052.0, 4228.5, 4314.75, 4403.0, 4454.5, 4551.5, 4607.666666666667, 4675.5, 4711.0, 4762.5, 4818.5, 4925.285714285715, 4983.0, 5142.0, 5185.0, 5318.0, 5352.5, 5397.0, 5468.0, 5530.0, 5598.5, 5714.0, 5821.0, 5904.2, 6040.5, 6128.5, 6213.0, 6265.0, 6339.0, 6400.0, 6437.666666666667, 6540.333333333333, 6617.0, 6726.5, 6827.0, 6875.333333333333, 6950.0, 7026.5, 7074.5, 7195.0, 7255.5, 7305.333333333333, 7407.5, 7463.8, 7515.5, 7595.0, 7698.5, 7771.833333333333, 7875.0, 8071.0, 8194.25, 8266.0, 8301.0, 8338.0, 8471.0, 8556.0, 8662.0, 8712.75, 8826.0, 8884.0, 8954.0, 9090.166666666666, 9178.0, 9295.8, 9355.5, 9439.75, 9553.0, 9668.2, 9783.0, 9853.5, 9899.666666666666, 9954.333333333334, 10012.333333333334, 10060.5, 10110.666666666666, 10331.0, 10404.833333333334, 10479.25, 10526.0, 10665.0, 10835.5, 10989.4, 11035.5, 11125.0, 11216.0, 11276.0, 11336.5, 11407.0, 11464.5, 11537.0, 11621.5, 11687.0, 11738.8, 11790.5, 11886.0, 12030.333333333334, 12111.5, 12181.714285714286, 12268.0, 12332.0, 12389.0, 12425.0, 12470.0, 12531.666666666666, 12648.0, 12691.0, 12765.666666666666, 12867.833333333334, 12925.666666666666, 13000.5, 13143.0, 13185.0, 13288.0, 13374.0, 13432.5, 13513.0, 13589.0, 13699.0, 13822.0]","[1464, 2335, 3773, 4539, 5637, 6477, 7514, 8662, 9652, 10998, 11610, 12811]",0.14201183431952663,21.95555555555565,00:00:01,1.5104824285954237,0.00010921781840892435
