Algorithm,Log Source,Log,P-Value,Min Adaptive Window,Max Adaptive Window,ADWIN Step Size,Detected Changepoints,Actual Changepoints for Log,F1-Score,Average Lag,Duration,Duration (Seconds),Seconds per Case
Martjushev ADWIN J,with_noise_5,log_36_1692952355,0.4,400,600,20,"[1324, 2557, 3801, 4402, 5761, 6144, 7685, 8526, 10262, 11730, 12838, 13980, 14731]","[1333, 2559, 3693, 4416, 5763, 6390, 7822, 8817, 10269, 11730, 12843, 13947, 14938]",0.7692307692307693,31.7,00:00:27,27.13317008689046,0.001698689669247509
