Algorithm,Log Source,Log,P-Value,Min Adaptive Window,Max Adaptive Window,ADWIN Step Size,Detected Changepoints,Actual Changepoints for Log,F1-Score,Average Lag,Duration,Duration (Seconds),Seconds per Case
Martjushev ADWIN J,without_noise,log_36_1692952355,0.4,200,500,50,"[1370, 2087, 2551, 3827, 4203, 5763, 6105, 7756, 8507, 10258, 11724, 12844, 14011, 14412, 14813]","[1333, 2559, 3693, 4416, 5763, 6390, 7822, 8817, 10269, 11730, 12843, 13947, 14938]",0.7142857142857142,45.2,00:00:26,26.413007268682122,0.001653603410047087
