Algorithm,Log Source,Log,P-Value,Min Adaptive Window,Max Adaptive Window,ADWIN Step Size,Detected Changepoints,Actual Changepoints for Log,F1-Score,Average Lag,Duration,Duration (Seconds),Seconds per Case
Martjushev ADWIN J,without_noise,log_89_1692952588,0.4,100,600,50,"[1799, 3300, 4651, 6002, 10403, 12454, 14455, 15506]","[1231, 2194, 3370, 4789, 6034, 6961, 8392, 8969, 10160, 11100, 12512, 13171, 14519, 15691]",0.5454545454545454,91.16666666666667,00:01:38,98.35393722169101,0.005845354642915191
