Algorithm,Log Source,Log,P-Value,Min Adaptive Window,Max Adaptive Window,ADWIN Step Size,Detected Changepoints,Actual Changepoints for Log,F1-Score,Average Lag,Duration,Duration (Seconds),Seconds per Case
Martjushev ADWIN J,with_noise_5,log_6_1692952173,0.4,100,400,10,"[1169, 1680, 3345, 4447, 4643, 4874, 6173, 7226, 7547, 7768, 7989, 9350]","[1350, 1920, 3342, 4346, 5008, 6173, 7280, 8196, 9350]",0.6666666666666666,67.57142857142857,00:00:28,28.61598751693964,0.002698603123061075
