Algorithm,Log Source,Log,P-Value,Min Adaptive Window,Max Adaptive Window,ADWIN Step Size,Detected Changepoints,Actual Changepoints for Log,F1-Score,Average Lag,Duration,Duration (Seconds),Seconds per Case
Martjushev ADWIN J,without_noise,log_42_1692952376,0.4,200,700,20,"[1494, 1860, 2361, 3802, 4928, 5184, 5685, 6808, 7871, 8028, 9746, 10150, 10551, 11877, 12353]","[1465, 2388, 3805, 4827, 5718, 6808, 7871, 8414, 9656, 10599, 11897, 12538]",0.8148148148148148,48.72727272727273,00:00:09,9.58369349502027,0.0006886816251092462
