Algorithm,Log Source,Log,P-Value,Min Adaptive Window,Max Adaptive Window,ADWIN Step Size,Detected Changepoints,Actual Changepoints for Log,F1-Score,Average Lag,Duration,Duration (Seconds),Seconds per Case
Martjushev ADWIN J,with_noise_5,log_42_1692952376,0.4,300,700,50,"[1524, 1950, 3801, 4952, 5403, 6805, 7867, 8381, 9744, 10058, 11996, 12260]","[1465, 2388, 3805, 4827, 5718, 6808, 7871, 8414, 9656, 10599, 11897, 12538]",0.6666666666666666,51.875,00:00:14,14.927170416340232,0.0010726624329074612
