Algorithm,Log Source,Log,P-Value,Min Adaptive Window,Max Adaptive Window,ADWIN Step Size,Detected Changepoints,Actual Changepoints for Log,F1-Score,Average Lag,Duration,Duration (Seconds),Seconds per Case
Martjushev ADWIN J,with_noise_5,log_42_1692952376,0.4,300,500,20,"[1601, 1950, 3803, 4867, 5193, 6805, 7870, 8076, 9702, 10378, 11993, 12335]","[1465, 2388, 3805, 4827, 5718, 6808, 7871, 8414, 9656, 10599, 11897, 12538]",0.5833333333333334,46.285714285714285,00:00:15,15.927797939628363,0.0011445672563688103
