Algorithm,Log Source,Log,P-Value,Min Adaptive Window,Max Adaptive Window,ADWIN Step Size,Detected Changepoints,Actual Changepoints for Log,F1-Score,Average Lag,Duration,Duration (Seconds),Seconds per Case
Martjushev ADWIN J,without_noise,log_23_1692952259,0.4,300,500,20,"[1444, 2180, 3826, 5587, 6303, 7504, 8680, 9186, 10999, 11318, 12815, 13190]","[1464, 2335, 3773, 4539, 5637, 6477, 7514, 8662, 9652, 10998, 11610, 12811]",0.75,53.888888888888886,00:00:08,8.370775977149606,0.0006052621820064791
