Algorithm,Log Source,Log,P-Value,Min Adaptive Window,Max Adaptive Window,ADWIN Step Size,Detected Changepoints,Actual Changepoints for Log,F1-Score,Average Lag,Duration,Duration (Seconds),Seconds per Case
Martjushev ADWIN J,with_noise_10,log_23_1692952259,0.4,100,700,50,"[1399, 3950, 5601, 7527, 8653, 9425, 11030, 11456, 12804, 13108]","[1464, 2335, 3773, 4539, 5637, 6477, 7514, 8662, 9652, 10998, 11610, 12811]",0.7272727272727272,61.625,00:00:15,15.652430130168796,0.0011317736898169772
