Algorithm,Log Source,Log,P-Value,Min Adaptive Window,Max Adaptive Window,ADWIN Step Size,Detected Changepoints,Actual Changepoints for Log,F1-Score,Average Lag,Duration,Duration (Seconds),Seconds per Case
Martjushev ADWIN J,with_noise_5,log_36_1692952355,0.4,300,600,10,"[1333, 2130, 3796, 4302, 5764, 6109, 7575, 8426, 10269, 11730, 12837, 13810, 14411]","[1333, 2559, 3693, 4416, 5763, 6390, 7822, 8817, 10269, 11730, 12843, 13947, 14938]",0.6153846153846154,45.125,00:00:33,33.76237924583256,0.002113715597936052
