Algorithm,Log Source,Log,P-Value,Min Adaptive Window,Max Adaptive Window,ADWIN Step Size,Detected Changepoints,Actual Changepoints for Log,F1-Score,Average Lag,Duration,Duration (Seconds),Seconds per Case
Martjushev ADWIN J,with_noise_5,log_16_1692952213,0.4,100,400,10,"[1409, 5685, 6961, 10607, 10963, 11434, 11875, 13056]","[1356, 2761, 3835, 4592, 5716, 6979, 8389, 9274, 10631, 11912, 13144]",0.631578947368421,41.833333333333336,00:02:00,120.21012273617089,0.008401014937184351
