Algorithm,Log Source,Log,P-Value,Min Adaptive Window,Max Adaptive Window,Detected Changepoints,Actual Changepoints for Log,F1-Score,Average Lag,Duration,Duration (Seconds),Seconds per Case
Process Graph Metrics,with_noise_10,log_42_1692952376,0.005,200,700,"[3865, 5235, 6892, 8287, 9916, 12235]","[1465, 2388, 3805, 4827, 5718, 6808, 7871, 8414, 9656, 10599, 11897, 12538]",0.3333333333333333,90.33333333333333,00:01:29,89.35931568033993,0.006421336280564812
