Algorithm,Log Source,Log,P-Value,Min Adaptive Window,Max Adaptive Window,Detected Changepoints,Actual Changepoints for Log,F1-Score,Average Lag,Duration,Duration (Seconds),Seconds per Case
Process Graph Metrics,without_noise,log_7_1692952178,0.1,200,400,"[1962, 2315, 3757, 4025, 5730, 10236, 14339, 16923]","[1311, 2256, 3605, 4597, 5681, 6939, 8352, 9584, 10457, 11681, 12486, 13960, 14957, 16422, 17190]",0.26086956521739135,86.66666666666667,00:01:02,62.94157237187028,0.003445455023640808
