Algorithm,Log Source,Log,P-Value,Min Adaptive Window,Max Adaptive Window,Detected Changepoints,Actual Changepoints for Log,F1-Score,Average Lag,Duration,Duration (Seconds),Seconds per Case
Process Graph Metrics,without_noise,log_29_1692952298,0.05,300,600,"[1719, 2178, 3737, 4615, 7936, 9569, 10189, 10809, 12307, 13686]","[1213, 1756, 2868, 4306, 5136, 6404, 7812, 9139, 10570, 11620, 12291, 13397]",0.2727272727272727,59.0,00:00:42,42.524619821459055,0.002938203539104474
