Algorithm,Log Source,Log,P-Value,Min Adaptive Window,Max Adaptive Window,Detected Changepoints,Actual Changepoints for Log,F1-Score,Average Lag,Duration,Duration (Seconds),Seconds per Case
Process Graph Metrics,with_noise_10,log_32_1692952308,0.005,100,500,"[2032, 3214, 4254, 5681, 6326, 7201, 7676, 8312, 9588, 11757, 12406]","[1486, 2272, 3660, 4340, 5709, 6587, 7907, 8621, 9625, 10324, 11599]",0.36363636363636365,77.25,00:00:19,19.330966105684638,0.001520327652826161
