Algorithm,Log Source,Log,P-Value,Min Adaptive Window,Max Adaptive Window,Detected Changepoints,Actual Changepoints for Log,F1-Score,Average Lag,Duration,Duration (Seconds),Seconds per Case
Process Graph Metrics,with_noise_10,log_10_1692952190,0.05,300,400,"[563, 1103, 1643, 2193, 2983, 3690, 3950, 4277, 5130, 5346, 5563, 5791, 6040, 6393, 6767, 7346]","[1029, 1562, 2818, 4306, 5516, 6341]",0.5454545454545454,74.66666666666667,00:00:14,14.666397985070944,0.0019806074253978317
