Algorithm,Log Source,Log,P-Value,Min Adaptive Window,Max Adaptive Window,Detected Changepoints,Actual Changepoints for Log,F1-Score,Average Lag,Duration,Duration (Seconds),Seconds per Case
Process Graph Metrics,without_noise,log_29_1692952298,0.1,200,600,"[1610, 3055, 5014, 6464, 7376, 9466, 10845, 12243, 12993, 13641]","[1213, 1756, 2868, 4306, 5136, 6404, 7812, 9139, 10570, 11620, 12291, 13397]",0.45454545454545453,112.6,00:00:24,24.439331395551562,0.0016886154491502496
