Algorithm,Log Source,Log,P-Value,Min Adaptive Window,Max Adaptive Window,Detected Changepoints,Actual Changepoints for Log,F1-Score,Average Lag,Duration,Duration (Seconds),Seconds per Case
Process Graph Metrics,with_noise_5,log_89_1692952588,0.1,200,500,"[1398, 3396, 6369, 6974, 8585, 10391, 11146, 12546, 12981, 14590, 15970]","[1231, 2194, 3370, 4789, 6034, 6961, 8392, 8969, 10160, 11100, 12512, 13171, 14519, 15691]",0.64,92.5,00:00:49,49.09439919143915,0.0029177700696207745
