Algorithm,Log Source,Log,P-Value,Min Adaptive Window,Max Adaptive Window,Detected Changepoints,Actual Changepoints for Log,F1-Score,Average Lag,Duration,Duration (Seconds),Seconds per Case
Process Graph Metrics,without_noise,log_26_1692952272,0.1,100,700,"[880, 1552, 2411, 2686, 3256, 4116, 4764, 5479, 6897, 7328, 7759, 8277, 8802, 9781, 10231, 10690, 11230, 11878, 13818]","[1263, 1769, 2996, 3623, 4914, 5584, 6650, 7268, 8328, 9041, 10411, 11880, 12742]",0.37499999999999994,91.33333333333333,00:00:55,55.58831317164004,0.003972580088018297
