Algorithm,Log Source,Log,P-Value,Min Adaptive Window,Max Adaptive Window,Detected Changepoints,Actual Changepoints for Log,F1-Score,Average Lag,Duration,Duration (Seconds),Seconds per Case
Process Graph Metrics,with_noise_10,log_35_1692952322,0.1,100,700,"[150, 300, 516, 887, 1375, 1825, 2370, 2930, 3470, 4386, 4646, 4928, 5923, 6295, 6918, 7277, 8241, 8740, 9046, 10600, 11304, 12649, 13461, 14430]","[1452, 2862, 3554, 4954, 6341, 7205, 8282, 8926, 10355, 11253, 12328, 13284]",0.5555555555555556,76.2,00:01:36,96.24162513203919,0.006622282056838863
