Algorithm,Log Source,Log,P-Value,Min Adaptive Window,Max Adaptive Window,Detected Changepoints,Actual Changepoints for Log,F1-Score,Average Lag,Duration,Duration (Seconds),Seconds per Case
Process Graph Metrics,with_noise_10,log_29_1692952298,0.1,100,700,"[1485, 3113, 4626, 6207, 9198, 10627, 11404, 12181, 13441]","[1213, 1756, 2868, 4306, 5136, 6404, 7812, 9139, 10570, 11620, 12291, 13397]",0.4761904761904762,93.4,00:00:50,50.13100455515087,0.0034637604197575392
