Algorithm,Log Source,Log,P-Value,Min Adaptive Window,Max Adaptive Window,Detected Changepoints,Actual Changepoints for Log,F1-Score,Average Lag,Duration,Duration (Seconds),Seconds per Case
Process Graph Metrics,with_noise_10,log_98_1692952636,0.05,100,400,"[1389, 1957, 3759, 5002, 5503, 6756, 7274, 8939]","[1161, 2070, 3547, 4627, 5403, 6514, 7405, 8737, 9638]",0.35294117647058826,114.66666666666667,00:00:12,12.901216896250844,0.0011632149397034393
