Algorithm,Log Source,Log,P-Value,Min Adaptive Window,Max Adaptive Window,Detected Changepoints,Actual Changepoints for Log,F1-Score,Average Lag,Duration,Duration (Seconds),Seconds per Case
Process Graph Metrics,without_noise,log_20_1692952238,0.05,400,400,"[1460, 2069, 4379, 7035, 8083, 9424, 12146, 12635, 13999]","[1357, 2105, 3482, 4422, 5484, 6787, 8017, 9381, 10872, 11904, 12802, 13833]",0.6666666666666666,89.14285714285714,00:00:45,45.24563437514007,0.0030069538363221952
