Algorithm,Log Source,Log,P-Value,Min Adaptive Window,Max Adaptive Window,Detected Changepoints,Actual Changepoints for Log,F1-Score,Average Lag,Duration,Duration (Seconds),Seconds per Case
Process Graph Metrics,with_noise_5,log_20_1692952238,0.05,100,400,"[1460, 2103, 4417, 6818, 8081, 9426, 12330, 13980]","[1357, 2105, 3482, 4422, 5484, 6787, 8017, 9381, 10872, 11904, 12802, 13833]",0.7000000000000001,56.714285714285715,00:00:25,25.05193020030856,0.0016649119558921088
