Algorithm,Log Source,Log,P-Value,Min Adaptive Window,Max Adaptive Window,Detected Changepoints,Actual Changepoints for Log,F1-Score,Average Lag,Duration,Duration (Seconds),Seconds per Case
Process Graph Metrics,with_noise_10,log_35_1692952322,0.1,200,400,"[434, 984, 1134, 1517, 1748, 1978, 2325, 2733, 3065, 3595, 3970, 4510, 5050, 5690, 5910, 6513, 6948, 7383, 8399, 8755, 9588, 10149, 10726, 12547, 13265, 13881, 14323]","[1452, 2862, 3554, 4954, 6341, 7205, 8282, 8926, 10355, 11253, 12328, 13284]",0.46153846153846156,109.77777777777777,00:01:13,73.57170867174864,0.00506238964231395
