Algorithm,Log Source,Log,P-Value,Min Adaptive Window,Max Adaptive Window,Detected Changepoints,Actual Changepoints for Log,F1-Score,Average Lag,Duration,Duration (Seconds),Seconds per Case
Process Graph Metrics,without_noise,log_26_1692952272,0.05,400,400,"[850, 1399, 3156, 3620, 5049, 5648, 6901, 7413, 7925, 8710, 9022, 9371, 10221, 10671, 11369, 11667, 11845, 12438]","[1263, 1769, 2996, 3623, 4914, 5584, 6650, 7268, 8328, 9041, 10411, 11880, 12742]",0.5806451612903226,98.55555555555556,00:01:21,81.26028838567436,0.0058072099182215646
