Algorithm,Log Source,Log,P-Value,Min Adaptive Window,Max Adaptive Window,Detected Changepoints,Actual Changepoints for Log,F1-Score,Average Lag,Duration,Duration (Seconds),Seconds per Case
Process Graph Metrics,without_noise,log_32_1692952308,0.005,100,700,"[952, 1877, 2595, 3910, 4437, 5512, 6151, 6765, 7305, 8322, 10487, 11727, 12370]","[1486, 2272, 3660, 4340, 5709, 6587, 7907, 8621, 9625, 10324, 11599]",0.41666666666666663,152.6,00:00:32,32.79444902949035,0.002579193789185242
