Algorithm,Log Source,Log,P-Value,Min Adaptive Window,Max Adaptive Window,Detected Changepoints,Actual Changepoints for Log,F1-Score,Average Lag,Duration,Duration (Seconds),Seconds per Case
Process Graph Metrics,with_noise_5,log_23_1692952259,0.0001,200,600,"[7601, 8842, 9425, 11228, 12831]","[1464, 2335, 3773, 4539, 5637, 6477, 7514, 8662, 9652, 10998, 11610, 12811]",0.35294117647058826,95.66666666666667,00:02:26,146.99016063846648,0.010628355794538429
