Algorithm,Log Source,Log,P-Value,Min Adaptive Window,Max Adaptive Window,Detected Changepoints,Actual Changepoints for Log,F1-Score,Average Lag,Duration,Duration (Seconds),Seconds per Case
Process Graph Metrics,with_noise_5,log_26_1692952272,0.05,400,700,"[1038, 2596, 3634, 4799, 5452, 6755, 7342, 7764, 8271, 8778, 10048, 10464, 11314, 11464, 11905, 14111]","[1263, 1769, 2996, 3623, 4914, 5584, 6650, 7268, 8328, 9041, 10411, 11880, 12742]",0.5517241379310345,71.5,00:02:40,160.86590536497533,0.01149616989673232
