Algorithm,Log Source,Log,MRID,Epsilon,Detected Changepoints,Actual Changepoints for Log,F1-Score,Average Lag,Duration,Duration (Seconds),Seconds per Case
Zheng DBSCAN,with_noise_5,log_80_1692952554,600,180.0,"[1415.6623376623377, 2776.875, 3307.0555555555557, 4319.179487179487, 5289.571428571428]","[1043, 2139, 2799, 3922, 4435]",0.4000000000000001,68.97275641025635,00:00:00,0.6321635730564594,0.00011521114872543456
