Algorithm,Log Source,Log,MRID,Epsilon,Detected Changepoints,Actual Changepoints for Log,F1-Score,Average Lag,Duration,Duration (Seconds),Seconds per Case
Zheng DBSCAN,with_noise_10,log_80_1692952554,500,50.0,"[536.5, 685.0, 794.0, 1065.388888888889, 1298.0, 1395.5, 1542.6666666666667, 1681.4545454545455, 1845.2, 1957.0, 2120.4166666666665, 2290.0, 2446.75, 2554.5, 2724.285714285714, 3041.5, 3122.0, 3184.0, 3353.4, 3487.4, 3578.3333333333335, 3688.0, 3892.5, 3995.0, 4074.0, 4208.5, 4345.0, 4417.0, 4526.333333333333, 4633.333333333333, 4895.0, 4977.0, 5095.0, 5169.5, 5329.0]","[1043, 2139, 2799, 3922, 4435]",0.25,32.637301587301636,00:00:00,0.6265690103173256,0.00011419154552894579
