Algorithm,Log Source,Log,MRID,Epsilon,Detected Changepoints,Actual Changepoints for Log,F1-Score,Average Lag,Duration,Duration (Seconds),Seconds per Case
Zheng DBSCAN,with_noise_5,log_72_1692952515,500,150.0,"[929.3181818181819, 2058.4, 2991.5, 4536.235294117647, 6893.0, 8447.875, 9368.766666666666, 10193.307692307691, 10533.666666666666, 10843.666666666666, 11246.0]","[1301, 2400, 3024, 4162, 5434, 6322, 7584, 8880, 10111]",0.19999999999999998,57.403846153845734,00:00:00,0.9588741436600685,8.45791782358709e-05
