Algorithm,Log Source,Log,MRID,Epsilon,Detected Changepoints,Actual Changepoints for Log,F1-Score,Average Lag,Duration,Duration (Seconds),Seconds per Case
Zheng DBSCAN,with_noise_5,log_84_1692952573,500,50.0,"[545.2, 693.5, 765.0, 897.0, 992.5, 1112.6, 1235.6, 1449.0666666666666, 1685.4285714285713, 1920.5, 2067.6666666666665, 2311.0, 2434.0, 2586.5555555555557, 2772.5, 2878.0, 2956.6666666666665, 3059.75, 3167.6666666666665, 3263.0, 3366.6666666666665, 3440.0, 3646.1304347826085, 3872.5, 4007.714285714286, 4165.166666666667, 4379.714285714285, 4593.181818181818, 4731.5, 4873.875, 5053.444444444444, 5214.0, 5284.0, 5403.666666666667, 5536.5, 5777.0, 5895.0]","[1146, 2011, 3360, 4613]",0.1951219512195122,29.137878787878776,00:00:00,0.466880789026618,7.838831246249462e-05
