Algorithm,Log Source,Log,MRID,Epsilon,Detected Changepoints,Actual Changepoints for Log,F1-Score,Average Lag,Duration,Duration (Seconds),Seconds per Case
Zheng DBSCAN,with_noise_5,log_91_1692952607,600,60.0,"[702.0, 819.5, 1003.75, 1227.0, 1436.0, 1527.5, 1614.0, 1762.4, 1925.0, 2046.0, 2255.0, 2363.8, 2498.5, 2661.0, 2889.0, 3060.0, 3245.0, 3343.0, 3548.0, 3644.0, 3762.0, 3988.0, 4167.666666666667, 4365.0, 4515.0, 4910.25, 5009.5, 5204.625, 5330.0, 5400.666666666667, 5542.0, 5628.0, 5795.0, 5899.0, 6019.25]","[1460, 2204, 3325, 3998, 5233]",0.25,26.275,00:00:00,0.5988850519061089,9.563798337689378e-05
