Algorithm,Log Source,Log,MRID,Epsilon,Detected Changepoints,Actual Changepoints for Log,F1-Score,Average Lag,Duration,Duration (Seconds),Seconds per Case
Zheng DBSCAN,without_noise,log_36_1687181970,500,50.0,"[554.6666666666666, 676.0, 763.4, 900.25, 1046.0, 1139.0, 1385.75, 1600.0, 1769.75, 1990.1, 2156.6666666666665, 2248.0, 2359.2, 2491.5, 2607.5714285714284, 2754.6666666666665, 2983.3333333333335, 3090.3333333333335, 3194.0, 3257.0, 3316.0, 3438.6666666666665]","[754, 1601, 2593]",0.24000000000000002,8.323809523809473,00:00:01,1.909691640175879,0.0005185152430561713
