Algorithm,Log Source,Log,MRID,Epsilon,Detected Changepoints,Actual Changepoints for Log,F1-Score,Average Lag,Duration,Duration (Seconds),Seconds per Case
Zheng DBSCAN,with_noise_10,log_71_1687182031,400,80.0,"[1582.0819672131147, 3644.663636363636, 4401.0]","[940, 1158, 1961, 2167, 3303, 3626]",0.2222222222222222,18.663636363636215,00:00:01,1.3055964978411794,0.00028942507156754145
