Algorithm,Log Source,Log,MRID,Epsilon,Detected Changepoints,Actual Changepoints for Log,F1-Score,Average Lag,Duration,Duration (Seconds),Seconds per Case
Zheng DBSCAN,with_noise_10,log_23_1687181942,600,60.0,"[1314.5696202531647, 3769.682151589242]","[859, 1255, 2629, 4001, 4377]",0.28571428571428575,59.56962025316466,00:00:03,3.368862741626799,0.0006075496378046527
