Algorithm,Log Source,Log,MRID,Epsilon,Detected Changepoints,Actual Changepoints for Log,F1-Score,Average Lag,Duration,Duration (Seconds),Seconds per Case
Zheng DBSCAN,with_noise_20,log_43_1687181986,300,60.0,[2258.4626556016597],"[979, 1204, 2415, 2632, 3669]",0.33333333333333337,156.53734439834034,00:00:02,2.472428590990603,0.0005757868167188177
