Algorithm,Log Source,Log,MRID,Epsilon,Detected Changepoints,Actual Changepoints for Log,F1-Score,Average Lag,Duration,Duration (Seconds),Seconds per Case
Zheng DBSCAN,without_noise,log_9_1692952188,400,80.0,"[441.0, 658.6666666666666, 1111.65, 1615.1, 2378.576923076923, 2761.0, 3088.32, 3594.2, 3817.5, 3957.5, 4477.804878048781, 5062.666666666667, 5239.666666666667, 5476.8, 5670.333333333333, 5805.0, 5960.0, 6140.8]","[1136, 2234, 3136, 4299, 4974]",0.4347826086956522,96.81569355847405,00:00:01,1.563323749229312,0.0002484621343339657
