Algorithm,Log Source,Log,MRID,Epsilon,Detected Changepoints,Actual Changepoints for Log,F1-Score,Average Lag,Duration,Duration (Seconds),Seconds per Case
Zheng DBSCAN,with_noise_10,log_56_1692952426,300,120.0,"[403.77777777777777, 1870.514563106796, 4233.067415730337, 5480.0, 5708.857142857143, 5927.0, 6161.666666666667, 6472.666666666667, 7029.55, 9351.99358974359]","[1162, 2602, 3692, 5083, 5750, 6960, 8196, 9356, 10281]",0.3157894736842105,38.233089133089074,00:00:01,1.0261506475508213,9.028247822900064e-05
