Algorithm,Log Source,Log,MRID,Epsilon,Detected Changepoints,Actual Changepoints for Log,F1-Score,Average Lag,Duration,Duration (Seconds),Seconds per Case
Zheng DBSCAN,with_noise_20,log_43_1687181986,300,30.0,"[441.24, 611.0, 673.0, 751.0, 902.7666666666667, 1191.875, 1450.6818181818182, 1555.3333333333333, 1811.392857142857, 2659.4301675977654, 3563.25, 3773.4666666666667, 3846.0, 3940.764705882353, 4084.1, 4162.0, 4197.0, 4269.0]","[979, 1204, 2415, 2632, 3669]",0.3478260869565218,55.063791899441355,00:00:02,2.472428590990603,0.0005757868167188177
