Algorithm,Log Source,Log,MRID,Epsilon,Detected Changepoints,Actual Changepoints for Log,F1-Score,Average Lag,Duration,Duration (Seconds),Seconds per Case
Zheng DBSCAN,without_noise,log_40_1692952371,300,150.0,"[479.7647058823529, 1645.8333333333333, 2348.3333333333335, 2741.6666666666665, 3238.75, 3615.0, 3863.5, 4027.0, 4880.0, 5940.0]","[1129, 1871, 3306, 4382, 5293]",0.13333333333333333,67.25,00:00:01,1.4976948648691177,0.00023548661397313172
