Algorithm,Log Source,Log,MRID,Epsilon,Detected Changepoints,Actual Changepoints for Log,F1-Score,Average Lag,Duration,Duration (Seconds),Seconds per Case
Zheng DBSCAN,with_noise_10,log_6_1687181923,500,50.0,"[547.25, 915.5, 1110.0, 1208.0833333333333, 1445.4347826086957, 2090.5421686746986, 2651.5384615384614, 2757.0, 3096.8478260869565, 3394.9, 3566.5555555555557, 3968.1555555555556]","[923, 1989, 3141]",0.4,51.0647808625807,00:00:00,0.7713464666157961,0.00017526618191679075
