Algorithm,Log Source,Log,MRID,Epsilon,Detected Changepoints,Actual Changepoints for Log,F1-Score,Average Lag,Duration,Duration (Seconds),Seconds per Case
Zheng DBSCAN,without_noise,log_65_1687182020,400,40.0,"[429.5, 594.0, 687.5, 911.6153846153846, 996.0, 1282.5, 1490.9, 1650.5, 1743.0, 2115.6666666666665, 2358.0, 2408.5, 2540.6666666666665, 3050.0]","[909, 1496, 2099, 2410]",0.4444444444444445,6.470512820512766,00:00:00,0.7309770779684186,0.00023895948936528887
