Algorithm,Log Source,Log,MRID,Epsilon,Detected Changepoints,Actual Changepoints for Log,F1-Score,Average Lag,Duration,Duration (Seconds),Seconds per Case
Zheng DBSCAN,with_noise_10,log_33_1692952312,300,30.0,"[349.6818181818182, 484.84615384615387, 755.1720430107526, 1448.2416666666666, 3737.2844243792324, 6528.674242424242, 7808.061224489796, 8159.025641025641]","[1422, 2484, 3325, 4734, 5708, 6899]",0.14285714285714288,26.24166666666656,00:00:04,4.048856595531106,0.0004889332925408895
