Algorithm,Log Source,Log,MRID,Epsilon,Detected Changepoints,Actual Changepoints for Log,F1-Score,Average Lag,Duration,Duration (Seconds),Seconds per Case
Zheng DBSCAN,without_noise,log_83_1692952563,300,120.0,"[1138.3333333333333, 2294.3333333333335, 3652.0, 5072.5, 6378.3, 6947.0, 7445.0, 7836.0]","[1140, 2294, 3652, 5073, 6291, 6948]",0.8571428571428571,15.133333333333402,00:00:03,3.418824715539813,0.0004096854062959632
