Algorithm,Log Source,Log,MRID,Epsilon,Detected Changepoints,Actual Changepoints for Log,F1-Score,Average Lag,Duration,Duration (Seconds),Seconds per Case
Zheng DBSCAN,with_noise_20,log_59_1687182010,300,150.0,[1946.966463414634],"[788, 1187, 2051, 3036, 3241]",0.33333333333333337,104.03353658536594,00:00:02,2.176411529071629,0.0005632535013125334
