Algorithm,Log Source,Log,MRID,Epsilon,Detected Changepoints,Actual Changepoints for Log,F1-Score,Average Lag,Duration,Duration (Seconds),Seconds per Case
Zheng DBSCAN,without_noise,log_35_1692952322,500,200.0,"[1452.5, 2861.0, 3511.0, 4950.5, 6341.0, 7204.0, 8282.0, 8924.5, 10426.0, 11195.0, 12329.666666666666, 13251.5]","[1452, 2862, 3554, 4954, 6341, 7205, 8282, 8926, 10355, 11253, 12328, 13284]",1.0,17.805555555555504,00:00:06,6.479033000767231,0.0004458152481089404
