Algorithm,Log Source,Log,MRID,Epsilon,Detected Changepoints,Actual Changepoints for Log,F1-Score,Average Lag,Duration,Duration (Seconds),Seconds per Case
Zheng DBSCAN,without_noise,log_38_1692952364,600,60.0,"[701.0, 1027.5, 1404.0, 1849.0, 2025.0, 2845.0, 2974.625, 4011.0, 4152.0, 4230.0, 4818.5, 4913.5, 6378.2, 6905.0, 7033.0, 7826.0, 8056.0, 8384.0, 8473.5, 8804.0, 9144.0, 9603.0, 10299.0]","[1028, 1851, 3000, 4010, 4915, 6335, 7206, 8449, 9115]",0.5625,33.34166666666665,00:00:01,1.527989162132144,0.00014787468906727417
