Algorithm,Log Source,Log,MRID,Epsilon,Detected Changepoints,Actual Changepoints for Log,F1-Score,Average Lag,Duration,Duration (Seconds),Seconds per Case
Zheng DBSCAN,without_noise,log_97_1692952631,300,30.0,"[1387.6666666666667, 2282.0, 2386.0, 2595.0, 3659.0, 4187.0, 4379.5, 5404.666666666667, 6484.0, 6551.333333333333, 6968.0, 7101.0, 7199.0]","[1365, 2387, 3660, 4381, 5395, 6560, 7200]",0.7000000000000001,6.500000000000098,00:00:00,0.8370141517370939,0.00010208734622967361
