Algorithm,Log Source,Log,MRID,Epsilon,Detected Changepoints,Actual Changepoints for Log,F1-Score,Average Lag,Duration,Duration (Seconds),Seconds per Case
Zheng DBSCAN,with_noise_5,log_72_1692952515,500,250.0,"[1719.3917525773195, 6462.894736842105, 10468.28, 11246.0]","[1301, 2400, 3024, 4162, 5434, 6322, 7584, 8880, 10111]",0.15384615384615383,140.89473684210498,00:00:00,0.9588741436600685,8.45791782358709e-05
