Algorithm,Log Source,Log,MRID,Epsilon,Detected Changepoints,Actual Changepoints for Log,F1-Score,Average Lag,Duration,Duration (Seconds),Seconds per Case
Zheng DBSCAN,with_noise_20,log_69_1687182027,400,80.0,"[604.2142857142857, 907.3076923076923, 1228.4, 1395.857142857143, 1561.3333333333333, 1789.5, 2116.285714285714, 2522.0625, 3003.2727272727275, 3277.6666666666665, 3566.1428571428573, 3760.0, 3915.3333333333335, 4143.0]","[1354, 1741, 2389, 2676, 3199]",0.4210526315789473,75.52157738095235,00:00:01,1.4026599992066622,0.00033206912860006207
