Algorithm,Log Source,Log,MRID,Epsilon,Detected Changepoints,Actual Changepoints for Log,F1-Score,Average Lag,Duration,Duration (Seconds),Seconds per Case
Zheng DBSCAN,with_noise_5,log_15_1692952210,500,50.0,"[1182.0355731225297, 2737.7295597484276, 4379.491582491582, 6236.365296803653, 7834.077319587629, 8974.704081632653, 9407.75, 9476.0, 9545.0, 9656.857142857143]","[1116, 1697, 3004, 4092, 4699, 5989, 7446, 8227]",0.11111111111111112,66.03557312252974,00:00:03,3.2878557052463293,0.0003384656892368056
