Algorithm,Log Source,Log,MRID,Epsilon,Detected Changepoints,Actual Changepoints for Log,F1-Score,Average Lag,Duration,Duration (Seconds),Seconds per Case
Zheng DBSCAN,with_noise_10,log_90_1692952603,300,90.0,"[316.5, 830.3695652173913, 1545.7, 2190.4146341463415, 2933.175, 3859.9310344827586, 4798.285714285715, 5218.625, 5900.292682926829, 7617.0]","[1042, 1748, 2855, 4089, 4623, 5847, 6623, 7991]",0.33333333333333326,102.25113240418129,00:00:01,1.1242973413318396,0.00012261940684173188
