Algorithm,Log Source,Log,MRID,Epsilon,Detected Changepoints,Actual Changepoints for Log,F1-Score,Average Lag,Duration,Duration (Seconds),Seconds per Case
Zheng DBSCAN,with_noise_10,log_98_1692952636,600,120.0,"[671.6666666666666, 1055.25, 1263.0, 1412.6666666666667, 2028.6896551724137, 2775.1111111111113, 3723.5945945945946, 4569.25, 5149.071428571428, 6206.372093023256, 7140.75, 7819.222222222223, 8299.75, 8686.3, 8964.0, 9118.333333333334, 9372.333333333334, 9916.875, 10294.666666666666, 10634.0, 10818.0, 11037.5]","[1161, 2070, 3547, 4627, 5403, 6514, 7405, 8737, 9638]",0.3225806451612903,85.67098788443631,00:00:00,0.7263512760400772,6.54901520187609e-05
