Algorithm,Log Source,Log,MRID,Epsilon,Detected Changepoints,Actual Changepoints for Log,F1-Score,Average Lag,Duration,Duration (Seconds),Seconds per Case
Zheng DBSCAN,with_noise_10,log_28_1692952287,300,30.0,"[605.9575971731449, 1351.6666666666667, 1971.9728260869565, 4635.624546114742]","[1456, 2546, 3808, 4591, 5837]",0.4444444444444445,74.47893972403756,00:00:04,4.312719479203224,0.0006041915773610569
