Algorithm,Log Source,Log,MRID,Epsilon,Detected Changepoints,Actual Changepoints for Log,F1-Score,Average Lag,Duration,Duration (Seconds),Seconds per Case
Zheng DBSCAN,with_noise_10,log_62_1692952457,300,90.0,"[410.85714285714283, 754.375, 939.6666666666666, 1151.3, 1594.2, 1884.0, 2636.728813559322, 3745.725, 4441.75, 4755.846153846154, 5195.625, 6307.7307692307695, 7334.333333333333, 7674.307692307692, 8375.07142857143, 8730.8, 8984.0, 9242.454545454546, 9515.25]","[1344, 2257, 3301, 4214, 5614, 6547, 7639, 8311]",0.22222222222222218,97.35970695970725,00:00:00,0.45592089369893074,4.741273852942291e-05
