Algorithm,Log Source,Log,MRID,Epsilon,Detected Changepoints,Actual Changepoints for Log,F1-Score,Average Lag,Duration,Duration (Seconds),Seconds per Case
Zheng DBSCAN,with_noise_5,log_83_1692952563,500,50.0,"[1446.7435158501441, 4336.17225950783, 6890.616935483871, 7959.125, 8095.0, 8188.0, 8283.444444444445]","[1140, 2294, 3652, 5073, 6291, 6948]",0.15384615384615383,57.3830645161288,00:00:03,3.4187877122312784,0.0004096809721068039
