Algorithm,Log Source,Log,MRID,Epsilon,Detected Changepoints,Actual Changepoints for Log,F1-Score,Average Lag,Duration,Duration (Seconds),Seconds per Case
Zheng DBSCAN,without_noise,log_99_1692952644,500,150.0,"[828.0, 1090.0, 1548.0, 2228.8, 2612.0, 3238.5, 4065.6666666666665, 4308.5, 4550.0, 4934.5, 5130.0, 5468.0, 5963.0, 6498.75, 7049.0, 7485.6]","[1091, 2218, 3016, 4029, 4956, 6397, 7026]",0.5217391304347825,32.45277777777778,00:00:00,0.8482100646942854,0.00010231725750232635
