Algorithm,Log Source,Log,MRID,Epsilon,Detected Changepoints,Actual Changepoints for Log,F1-Score,Average Lag,Duration,Duration (Seconds),Seconds per Case
Zheng DBSCAN,with_noise_20,log_6_1687181923,700,210.0,"[1257.6818181818182, 2388.9166666666665, 3201.4285714285716, 3849.6666666666665, 4174.0]","[923, 1989, 3141]",0.25,60.42857142857156,00:00:00,0.8043699795380235,0.00018276982039037117
