Algorithm,Log Source,Log,MRID,Epsilon,Detected Changepoints,Actual Changepoints for Log,F1-Score,Average Lag,Duration,Duration (Seconds),Seconds per Case
Zheng DBSCAN,without_noise,log_32_1692952308,400,80.0,"[469.5, 594.5, 866.5, 1015.0, 1573.090909090909, 1962.5, 2191.0, 2478.5, 2618.6666666666665, 2734.5, 3100.0, 3202.5, 3392.3333333333335, 3625.4285714285716, 4110.714285714285, 4331.75, 4474.0, 4725.0, 4942.666666666667, 5069.5, 5347.5, 5453.5, 5586.333333333333, 5776.6, 5953.0, 6283.0, 6375.0, 6472.0, 6622.5, 6930.0, 7279.333333333333, 7449.0, 7633.0, 7964.7692307692305, 8323.666666666666, 8535.833333333334, 8856.5, 9004.666666666666, 9189.5, 9516.5, 9730.666666666666, 10045.42857142857, 10283.666666666666, 10607.5, 10735.0, 11083.0, 11359.5, 11576.8, 11786.5, 11988.888888888889, 12354.0, 12475.666666666666]","[1486, 2272, 3660, 4340, 5709, 6587, 7907, 8621, 9625, 10324, 11599]",0.34920634920634924,56.83165773620319,00:00:04,4.1923641841858625,0.0003297179853862259
