Algorithm,Log Source,Log,MRID,Epsilon,Detected Changepoints,Actual Changepoints for Log,F1-Score,Average Lag,Duration,Duration (Seconds),Seconds per Case
Zheng DBSCAN,without_noise,log_39_1687181976,600,60.0,"[636.0, 705.0, 953.5, 1065.0, 1168.0, 1304.0, 1395.6666666666667, 1798.0, 1870.5, 1964.0, 2101.0, 2178.6666666666665, 2348.0, 2445.0, 2661.0, 2901.0, 3058.0, 3144.0, 3249.0, 3364.5, 3752.0, 3964.0]","[706, 972, 2184, 3059, 3368]",0.37037037037037035,5.866666666666697,00:00:03,3.2346612755209208,0.0007710753934495639
