Algorithm,Log Source,Log,MRID,Epsilon,Detected Changepoints,Actual Changepoints for Log,F1-Score,Average Lag,Duration,Duration (Seconds),Seconds per Case
Zheng DBSCAN,with_noise_10,log_58_1687182010,300,30.0,"[390.0, 534.0, 587.0, 681.0, 790.3333333333334, 842.0, 922.0, 989.0, 1094.5, 1260.0, 1431.5]",[566],0.16666666666666669,21.0,00:00:00,0.16418183967471123,9.914362299197537e-05
