Algorithm,Log Source,Log,MRID,Epsilon,Detected Changepoints,Actual Changepoints for Log,F1-Score,Average Lag,Duration,Duration (Seconds),Seconds per Case
Zheng DBSCAN,with_noise_10,log_87_1692952585,400,40.0,"[415.5, 489.0, 573.3333333333334, 705.0, 844.3333333333334, 1067.3333333333333, 1252.5, 1299.0, 1390.2857142857142, 1721.0, 1813.6666666666667, 1920.5, 1976.0, 2048.0, 2178.5, 2339.6666666666665, 2434.0, 2490.0, 2544.5, 2645.8, 2780.3333333333335, 2897.1428571428573, 3086.25, 3198.0, 3273.5, 3410.0, 3536.3333333333335, 3630.0, 3691.0, 3801.0, 3862.6666666666665, 3960.0, 4198.5, 4294.5, 4388.666666666667, 4525.75, 4727.454545454545, 4874.571428571428, 4996.0, 5141.5, 5257.6, 5392.0, 5494.666666666667, 5614.0, 5701.5, 5810.25, 5985.5, 6066.0, 6118.5, 6188.0, 6229.0, 6288.0, 6339.0, 6601.0, 6657.333333333333, 6834.0, 7136.0, 7294.25, 7495.25, 7608.0, 7829.0, 7926.333333333333, 8010.0, 8232.0, 8369.0, 8444.0, 8650.0]","[1372, 2863, 3391, 4735, 5393, 6760, 7388]",0.18918918918918917,35.38914656771807,00:00:00,0.7801355216652155,8.813098979498593e-05
