Algorithm,Log Source,Log,MRID,Epsilon,Detected Changepoints,Actual Changepoints for Log,F1-Score,Average Lag,Duration,Duration (Seconds),Seconds per Case
Zheng DBSCAN,with_noise_10,log_87_1687182053,400,40.0,"[589.6666666666666, 773.5, 825.5, 947.75, 1037.0, 1102.0, 1160.0, 1297.0, 1370.3333333333333, 1432.0, 1494.0, 1570.0, 1640.0, 1737.0, 1805.0, 1899.0, 1976.6, 2075.3333333333335, 2222.375, 2413.1666666666665, 2586.0, 2639.0, 2730.0, 2802.3333333333335, 2937.0, 3079.0, 3211.0, 3311.0, 3467.6666666666665, 3634.8, 3722.5, 3821.0, 3901.0, 4060.375, 4190.0, 4333.2, 4479.0, 4551.5]","[1385, 2862, 3527, 3777]",0.1904761904761905,44.416666666666686,00:00:01,1.2774850195273757,0.0002792316982573499
