Algorithm,Log Source,Log,MRID,Epsilon,Detected Changepoints,Actual Changepoints for Log,F1-Score,Average Lag,Duration,Duration (Seconds),Seconds per Case
Zheng DBSCAN,with_noise_10,log_67_1692952494,500,50.0,"[3242.874677002584, 7704.057569296375, 9732.527559055117, 10460.333333333334]","[1312, 2743, 3889, 5271, 5852, 7181, 7712, 9147]",0.16666666666666666,7.942430703625178,00:00:03,3.3836806192994118,0.0003211541969722297
