Algorithm,Log Source,Log,MRID,Epsilon,Detected Changepoints,Actual Changepoints for Log,F1-Score,Average Lag,Duration,Duration (Seconds),Seconds per Case
Zheng DBSCAN,without_noise,log_44_1692952384,600,60.0,"[1050.1363636363637, 2332.0, 2510.6923076923076, 2703.0, 3177.0, 4246.0, 4468.625, 6012.9047619047615, 6261.0, 6899.0, 7003.111111111111, 7605.0, 7765.0, 7874.0, 9289.416666666666, 10350.533333333333]","[1079, 2333, 3288, 4492, 5972, 6979, 7946, 9293, 10347]",0.72,34.26346400513065,00:00:04,4.582748390734196,0.00039811905053724225
