Algorithm,Log Source,Log,MRID,Epsilon,Detected Changepoints,Actual Changepoints for Log,F1-Score,Average Lag,Duration,Duration (Seconds),Seconds per Case
Zheng DBSCAN,without_noise,log_51_1692952412,500,200.0,"[633.3333333333334, 1170.3333333333333, 1806.5, 2183.5, 2634.0, 2896.5, 3207.2, 4073.1428571428573, 4906.8, 5707.818181818182]","[1211, 2415, 3134, 4190, 5042]",0.5333333333333333,91.48095238095226,00:00:00,0.9274840783327818,0.00014745374854257262
