Algorithm,Log Source,Log,MRID,Epsilon,Detected Changepoints,Actual Changepoints for Log,F1-Score,Average Lag,Duration,Duration (Seconds),Seconds per Case
Zheng DBSCAN,with_noise_10,log_46_1687181991,300,30.0,"[322.43589743589746, 595.1686746987951, 2229.3711484593837, 3791.787878787879, 4131.6349206349205, 4484.2, 4573.333333333333]","[808, 1008, 2422, 3892]",0.36363636363636365,146.42048637636867,00:00:01,1.8615635884925723,0.000402239323356217
