Algorithm,Log Source,Log,MRID,Epsilon,Detected Changepoints,Actual Changepoints for Log,F1-Score,Average Lag,Duration,Duration (Seconds),Seconds per Case
Zheng DBSCAN,without_noise,log_23_1692952259,500,50.0,"[750.0, 1280.0, 1726.0, 1793.0, 2145.0, 2231.0, 2334.0, 3772.0, 3993.1666666666665, 4716.0, 5081.0, 5759.0, 5906.0, 6065.0, 6305.0, 6390.0, 6476.0, 7517.2, 7622.333333333333, 7858.0, 8270.0, 8661.5, 8811.0, 9367.0, 9650.0, 10997.5, 11185.0, 11496.0, 11609.0, 12615.0, 12811.0, 13061.0, 13289.0, 13576.0]","[1464, 2335, 3773, 4539, 5637, 6477, 7514, 8662, 9652, 10998, 11610, 12811]",0.5217391304347826,41.09999999999999,00:00:01,1.0192576237022877,7.369903280566071e-05
