Algorithm,Log Source,Log,MRID,Epsilon,Detected Changepoints,Actual Changepoints for Log,F1-Score,Average Lag,Duration,Duration (Seconds),Seconds per Case
Zheng DBSCAN,without_noise,log_25_1692952268,300,120.0,"[978.0, 1359.0, 1905.0, 2238.0, 3769.5, 4034.0, 4304.666666666667, 5250.0, 5761.2, 6052.0, 6446.5, 6754.0, 7613.0, 7806.5, 8139.2, 8586.6, 8986.5, 9539.666666666666, 10656.25925925926, 11781.875]","[1268, 1983, 3460, 4362, 5712, 6676, 7809, 8764, 10077, 10808]",0.5333333333333333,85.64675925925917,00:00:00,0.9732547607272863,8.086869636288212e-05
