Algorithm,Log Source,Log,MRID,Epsilon,Detected Changepoints,Actual Changepoints for Log,F1-Score,Average Lag,Duration,Duration (Seconds),Seconds per Case
Zheng DBSCAN,with_noise_5,log_21_1692952246,500,150.0,"[885.9230769230769, 1848.3125, 2482.4545454545455, 2959.375, 4239.8, 5593.388888888889, 6297.888888888889, 6617.0, 6826.0]","[1096, 1828, 3150, 4136, 5287, 5888]",0.4,104.91250000000007,00:00:00,0.45524011366069317,6.574813888802617e-05
