Algorithm,Log Source,Log,MRID,Epsilon,Detected Changepoints,Actual Changepoints for Log,F1-Score,Average Lag,Duration,Duration (Seconds),Seconds per Case
Zheng DBSCAN,with_noise_20,log_95_1687182068,300,150.0,[2778.9790732436472],"[561, 936, 2338, 2712, 4212]",0.33333333333333337,66.97907324364724,00:00:03,3.4513894375413656,0.0006118399995641492
