Algorithm,Log Source,Log,MRID,Epsilon,Detected Changepoints,Actual Changepoints for Log,F1-Score,Average Lag,Duration,Duration (Seconds),Seconds per Case
Zheng DBSCAN,with_noise_5,log_81_1692952556,500,250.0,[3328.176056338028],"[1270, 2223, 3514, 4835, 5383]",0.33333333333333337,185.82394366197195,00:00:00,0.9101494867354631,0.00013230840045580218
