Algorithm,Log Source,Log,MRID,Epsilon,Detected Changepoints,Actual Changepoints for Log,F1-Score,Average Lag,Duration,Duration (Seconds),Seconds per Case
Zheng DBSCAN,without_noise,log_65_1687182020,400,120.0,"[429.5, 656.3333333333334, 917.6428571428571, 1282.5, 1490.9, 1696.75, 2115.6666666666665, 2391.6666666666665, 2540.6666666666665, 3050.0]","[909, 1496, 2099, 2410]",0.5714285714285715,12.185714285714255,00:00:00,0.7309770779684186,0.00023895948936528887
