Algorithm,Log Source,Log,MRID,Epsilon,Detected Changepoints,Actual Changepoints for Log,F1-Score,Average Lag,Duration,Duration (Seconds),Seconds per Case
Zheng DBSCAN,with_noise_20,log_95_1687182068,700,70.0,"[951.5833333333334, 1154.5, 1730.9722222222222, 2461.478260869565, 2790.0, 2990.714285714286, 3331.25, 3655.0, 3939.0, 4267.625, 4815.125, 5298.75, 5605.5]","[561, 936, 2338, 2712, 4212]",0.4444444444444444,68.1716485507246,00:00:03,3.2925415001809597,0.0005836804644887359
