Algorithm,Log Source,Log,MRID,Epsilon,Detected Changepoints,Actual Changepoints for Log,F1-Score,Average Lag,Duration,Duration (Seconds),Seconds per Case
Zheng DBSCAN,with_noise_20,log_43_1687181986,400,40.0,"[458.0, 647.0, 743.5, 958.0, 1229.5555555555557, 1322.3333333333333, 1395.25, 1499.875, 1600.0, 1742.9166666666667, 1908.375, 2189.72, 2604.4545454545455, 2910.0, 2982.1666666666665, 3140.6666666666665, 3295.4, 3382.0, 3436.2, 3628.315789473684, 3799.6, 3954.0, 4102.4, 4286.5]","[979, 1204, 2415, 2632, 3669]",0.27586206896551724,28.6963051568315,00:00:01,1.2812479184940457,0.000298380977758278
