Algorithm,Log Source,Log,MRID,Epsilon,Detected Changepoints,Actual Changepoints for Log,F1-Score,Average Lag,Duration,Duration (Seconds),Seconds per Case
Zheng DBSCAN,with_noise_5,log_23_1692952259,400,200.0,"[946.3333333333334, 1652.5882352941176, 6346.830985915493, 12072.655737704918]","[1464, 2335, 3773, 4539, 5637, 6477, 7514, 8662, 9652, 10998, 11610, 12811]",0.25,159.37862468931212,00:00:01,1.0211103949695826,7.383300035933352e-05
