Algorithm,Log Source,Log,MRID,Epsilon,Detected Changepoints,Actual Changepoints for Log,F1-Score,Average Lag,Duration,Duration (Seconds),Seconds per Case
Zheng DBSCAN,with_noise_5,log_71_1692952512,300,30.0,"[367.7857142857143, 592.125, 1071.8970588235295, 1423.1176470588234, 1565.2857142857142, 1658.5, 1690.0, 1842.921052631579, 2037.5714285714287, 2104.0, 2221.904761904762, 2354.0, 2397.5, 2590.4285714285716, 2792.6666666666665, 2864.4, 2951.714285714286, 3132.9583333333335, 3525.3513513513512, 3919.6875, 4098.15, 4315.0, 4520.5, 4702.909090909091, 4949.037037037037, 5094.333333333333, 5147.0, 5258.133333333333, 5400.090909090909, 5555.176470588235, 5782.964285714285, 5983.0, 6149.322580645161, 6288.5, 6330.6, 6386.857142857143, 6447.0, 6592.2, 6799.789473684211, 6975.857142857143, 7087.25, 7167.2, 7305.736842105263, 7498.0, 7574.0, 7626.75]","[1414, 2489, 3724, 4718, 5950, 6652]",0.23076923076923078,67.36600935828876,00:00:00,0.790899446234107,0.00010307564788662935
