Algorithm,Log Source,Log,MRID,Epsilon,Detected Changepoints,Actual Changepoints for Log,F1-Score,Average Lag,Duration,Duration (Seconds),Seconds per Case
Zheng DBSCAN,with_noise_20,log_70_1687182031,500,50.0,"[595.7272727272727, 816.5, 1055.6666666666667, 1234.0, 1319.0, 1379.5, 1449.0]",[608],0.25,12.272727272727252,00:00:00,0.4525590119883418,0.00030765398503626226
