Algorithm,Log Source,Log,MRID,Epsilon,Detected Changepoints,Actual Changepoints for Log,F1-Score,Average Lag,Duration,Duration (Seconds),Seconds per Case
Zheng DBSCAN,with_noise_5,log_80_1692952554,600,60.0,"[618.0, 743.4, 826.0, 1018.4444444444445, 1193.2857142857142, 1317.0, 1406.0, 1493.5, 1634.4444444444443, 1799.0, 1952.1818181818182, 2311.8, 2462.0, 2652.3333333333335, 2851.6, 3061.0, 3234.1666666666665, 3437.6666666666665, 3757.25, 3879.6666666666665, 4102.8, 4299.0, 4394.1, 4637.5, 4756.0, 4923.5, 5205.75, 5313.0, 5445.5]","[1043, 2139, 2799, 3922, 4435]",0.29411764705882354,66.63777777777776,00:00:00,0.6321635730564594,0.00011521114872543456
