Algorithm,Log Source,Log,MRID,Epsilon,Detected Changepoints,Actual Changepoints for Log,F1-Score,Average Lag,Duration,Duration (Seconds),Seconds per Case
Zheng DBSCAN,with_noise_10,log_17_1687181934,500,50.0,"[581.0, 777.0714285714286, 999.5, 1208.6666666666667, 1365.75, 1517.625, 1683.5, 1757.6666666666667, 1905.6666666666667, 2045.8, 2312.6153846153848, 2598.0, 2651.0, 2733.4, 2848.0, 3007.0, 3168.8, 3358.6153846153848, 3602.8571428571427, 3877.0, 4058.0, 4118.5, 4240.666666666667, 4356.0, 4522.25, 4654.0, 4726.0, 4807.0, 4864.0]","[975, 1309, 2437, 2652, 3899]",0.29411764705882354,45.72692307692305,00:00:01,1.7174683874472976,0.00035280780350190993
