Algorithm,Log Source,Log,MRID,Epsilon,Detected Changepoints,Actual Changepoints for Log,F1-Score,Average Lag,Duration,Duration (Seconds),Seconds per Case
Zheng DBSCAN,with_noise_10,log_97_1687182074,500,50.0,"[505.0, 635.5, 797.3333333333334, 1089.3225806451612, 1404.8333333333333, 1554.5, 1654.8, 1798.2, 1942.1666666666667, 2044.6666666666667, 2195.8, 2319.6, 2409.0, 2485.0, 2660.6666666666665, 2833.0, 2996.2, 3114.0, 3173.5, 3247.8571428571427, 3373.5, 3485.0, 3735.5, 3947.2, 4037.6666666666665, 4180.8, 4359.25, 4520.0, 4696.285714285715, 4909.5]","[1151, 2334, 3469, 3787]",0.23529411764705882,35.89435483870972,00:00:01,1.1206260873004794,0.00022479961630902294
