Algorithm,Log Source,Log,MRID,Epsilon,Detected Changepoints,Actual Changepoints for Log,F1-Score,Average Lag,Duration,Duration (Seconds),Seconds per Case
Zheng DBSCAN,without_noise,log_31_1687181960,700,350.0,"[1012.0416666666666, 2043.7083333333333, 3443.0555555555557]","[1043, 1868, 2070, 3338, 3677]",0.7499999999999999,54.101851851851926,00:00:02,2.8010085159912705,0.0006503386384934457
