Algorithm,Log Source,Log,MRID,Epsilon,Detected Changepoints,Actual Changepoints for Log,F1-Score,Average Lag,Duration,Duration (Seconds),Seconds per Case
Zheng DBSCAN,with_noise_20,log_30_1687181956,300,30.0,"[318.0, 394.77777777777777, 529.6, 619.0, 705.0, 827.0, 892.2307692307693, 1058.0, 1194.888888888889, 1307.5714285714287, 1392.4, 1488.6, 1606.909090909091, 1716.0, 1767.3333333333333, 1844.0, 1924.4, 2015.6666666666667, 2143.090909090909, 2219.5, 2279.3333333333335, 2374.2, 2429.0, 2569.705882352941, 2753.5, 2904.0666666666666, 3075.6666666666665, 3198.3333333333335, 3301.75, 3431.0, 3526.6363636363635, 3646.2, 3700.0, 3762.0, 3825.0, 3896.0, 3993.0]","[949, 1861, 2912]",0.15,27.234188034188037,00:00:00,0.5679910648614168,0.0001412210504379455
