Algorithm,Log Source,Log,MRID,Epsilon,Detected Changepoints,Actual Changepoints for Log,F1-Score,Average Lag,Duration,Duration (Seconds),Seconds per Case
Zheng DBSCAN,with_noise_10,log_46_1692952395,600,60.0,"[634.5, 815.0, 986.5, 1109.0, 1235.0, 1399.1666666666667, 1532.0, 1671.25, 1873.5, 1989.0, 2135.0, 2299.0, 2470.0, 2626.25, 2732.0, 2794.0, 2948.25, 3191.0, 3319.0, 3627.1428571428573, 3821.5, 3962.0, 4129.666666666667, 4292.0, 4368.0, 4563.0, 4748.0, 4853.0, 5041.666666666667, 5297.0]","[1416, 2620, 3913]",0.18181818181818182,24.027777777777754,00:00:00,0.32306052558124065,6.037386013478614e-05
