Algorithm,Log Source,Log,MRID,Epsilon,Detected Changepoints,Actual Changepoints for Log,F1-Score,Average Lag,Duration,Duration (Seconds),Seconds per Case
Zheng DBSCAN,with_noise_10,log_93_1687182065,300,30.0,"[472.0, 730.5, 1007.0909090909091, 1479.6103896103896, 1956.8, 2201.09375, 2382.0, 2497.56, 2618.6666666666665, 2832.285714285714, 3445.787401574803, 4031.8076923076924, 4247.0, 4296.0]","[761, 990, 1771, 2107, 2887, 3146]",0.5,76.43978896103897,00:00:00,0.6507699731737375,0.00015099071303334977
