Algorithm,Log Source,Log,MRID,Epsilon,Detected Changepoints,Actual Changepoints for Log,F1-Score,Average Lag,Duration,Duration (Seconds),Seconds per Case
Zheng DBSCAN,without_noise,log_39_1692952369,400,120.0,"[671.0, 895.0, 1028.0, 1352.5, 1659.0, 1845.0, 2130.5, 2307.3333333333335, 2589.8, 2902.0, 3268.8333333333335, 3544.0, 3687.5, 3990.0, 4218.5, 4743.9, 5045.666666666667, 5406.0, 5532.0, 5695.5, 6055.0]","[1365, 2662, 3350, 4753]",0.32,43.741666666666674,00:00:01,1.161739844828844,0.00018905449061494615
