Algorithm,Log Source,Log,MRID,Epsilon,Detected Changepoints,Actual Changepoints for Log,F1-Score,Average Lag,Duration,Duration (Seconds),Seconds per Case
Zheng DBSCAN,with_noise_10,log_41_1687181983,300,120.0,"[384.85714285714283, 945.0, 1202.4285714285713, 1788.1666666666667, 2205.0, 3431.688888888889, 4607.0, 4743.333333333333]","[601, 890, 2386, 2718, 3227, 3580]",0.42857142857142855,128.1037037037037,00:00:00,0.6798317357897758,0.00014198657806804006
