Algorithm,Log Source,Log,MRID,Epsilon,Detected Changepoints,Actual Changepoints for Log,F1-Score,Average Lag,Duration,Duration (Seconds),Seconds per Case
Zheng DBSCAN,with_noise_5,log_34_1692952321,400,40.0,"[472.0, 618.5, 697.5, 786.5, 890.8, 980.0, 1057.5, 1113.3333333333333, 1242.0, 1365.0, 1438.0, 1582.4285714285713, 1683.0, 1744.6666666666667, 1901.0, 1974.0, 2027.0, 2135.3333333333335, 2250.125, 2382.5, 2601.3333333333335, 2678.0, 2751.0, 2921.75, 3103.5, 3159.0, 3232.0, 3351.6, 3430.0, 3496.6666666666665, 3597.5, 3663.0, 3789.0, 3899.0, 3995.0, 4084.0]","[1165, 2205, 2867]",0.15384615384615385,50.513888888888914,00:00:00,0.2915299255400896,7.105286998296116e-05
