Algorithm,Log Source,Log,MRID,Epsilon,Detected Changepoints,Actual Changepoints for Log,F1-Score,Average Lag,Duration,Duration (Seconds),Seconds per Case
Zheng DBSCAN,with_noise_10,log_87_1687182053,400,160.0,"[589.6666666666666, 2685.694214876033]","[1385, 2862, 3527, 3777]",0.3333333333333333,176.30578512396687,00:00:01,1.2774850195273757,0.0002792316982573499
