Algorithm,Log Source,Log,MRID,Epsilon,Detected Changepoints,Actual Changepoints for Log,F1-Score,Average Lag,Duration,Duration (Seconds),Seconds per Case
Zheng DBSCAN,without_noise,log_29_1692952298,600,240.0,"[742.0, 1204.5, 1611.0, 1999.0, 2447.75, 2891.8333333333335, 3343.5, 4202.5, 4684.5, 5138.2, 5517.5, 6031.5, 6420.166666666667, 7129.2, 7755.888888888889, 8174.5, 8716.0, 9136.42857142857, 9673.0, 10041.5, 10534.5625, 11195.0, 11762.0, 12398.3, 13384.833333333334, 13887.5]","[1213, 1756, 2868, 4306, 5136, 6404, 7812, 9139, 10570, 11620, 12291, 13397]",0.631578947368421,54.56555886243385,00:00:05,5.220960581675172,0.000360737965983222
