Algorithm,Log Source,Log,MRID,Epsilon,Detected Changepoints,Actual Changepoints for Log,F1-Score,Average Lag,Duration,Duration (Seconds),Seconds per Case
Zheng DBSCAN,with_noise_5,log_63_1692952460,600,60.0,"[882.375, 1438.0, 1785.0, 2066.25, 2271.714285714286, 2447.285714285714, 2603.5555555555557, 2773.75, 2899.0, 3104.5, 3527.59375, 3934.3333333333335, 4211.75, 4705.625, 5172.857142857143, 5428.0, 5585.25, 5703.0]","[1145, 1912, 2997, 4472]",0.1818181818181818,112.5,00:00:00,0.9777647256851196,0.00017013480523492597
