Algorithm,Log Source,Log,MRID,Epsilon,Detected Changepoints,Actual Changepoints for Log,F1-Score,Average Lag,Duration,Duration (Seconds),Seconds per Case
Zheng DBSCAN,with_noise_5,log_90_1692952603,600,60.0,"[700.75, 909.5, 1260.235294117647, 1467.5, 1613.4444444444443, 1737.4285714285713, 1857.0, 1968.6666666666667, 2103.0, 2369.714285714286, 2648.375, 2845.875, 2961.5, 3060.0, 3212.5555555555557, 3470.4, 3643.5, 3861.5, 4117.0, 4326.454545454545, 4694.333333333333, 4798.5, 4981.375, 5198.0, 5396.25, 5613.8, 5871.75, 5985.5, 6101.0, 6260.285714285715, 6416.2, 6579.5, 6789.333333333333, 6910.4, 7134.142857142857, 7283.0, 7377.4, 7568.428571428572, 7739.0, 7824.0, 7885.0, 8126.875, 8519.0, 8635.333333333334, 8866.0, 9058.5]","[1042, 1748, 2855, 4089, 4623, 5847, 6623, 7991]",0.29629629629629634,53.22247023809521,00:00:00,0.5585780404508114,6.0920279250824666e-05
