Algorithm,Log Source,Log,MRID,Epsilon,Detected Changepoints,Actual Changepoints for Log,F1-Score,Average Lag,Duration,Duration (Seconds),Seconds per Case
Zheng DBSCAN,without_noise,log_90_1692952603,500,150.0,"[1636.0, 2873.1666666666665, 4130.4, 5007.0, 5709.0, 5866.0, 6124.0, 6528.166666666667, 7973.0]","[1042, 1748, 2855, 4089, 4623, 5847, 6623, 7991]",0.7058823529411765,50.56666666666653,00:00:00,0.5698614213615656,6.215088028809745e-05
