Algorithm,Log Source,Log,MRID,Epsilon,Detected Changepoints,Actual Changepoints for Log,F1-Score,Average Lag,Duration,Duration (Seconds),Seconds per Case
Zheng DBSCAN,with_noise_5,log_21_1692952246,600,60.0,"[637.0, 811.5, 1012.6666666666666, 1224.6666666666667, 1511.5, 1703.0, 1768.0, 1980.0, 2112.5, 2339.0, 2471.3333333333335, 2598.0, 2918.8, 3653.0, 3790.0, 3938.0, 4009.0, 4100.0, 4173.0, 4256.0, 4397.0, 4480.0, 4610.0, 4754.0, 4886.0, 5062.0, 5279.5, 5487.75, 5618.0, 5853.5, 5974.0, 6193.5, 6318.0, 6451.0, 6617.0, 6812.5]","[1096, 1828, 3150, 4136, 5287, 5888]",0.2380952380952381,44.26666666666667,00:00:00,0.45350560173392296,6.5497631677343e-05
