Algorithm,Log Source,Log,MRID,Epsilon,Detected Changepoints,Actual Changepoints for Log,F1-Score,Average Lag,Duration,Duration (Seconds),Seconds per Case
Zheng DBSCAN,with_noise_20,log_69_1687182027,300,30.0,"[359.14285714285717, 514.0, 609.5555555555555, 698.4545454545455, 768.5, 887.375, 1043.1, 1234.8333333333333, 1402.142857142857, 1541.0, 1765.423076923077, 1934.0, 1980.0, 2026.0, 2076.75, 2163.2, 2244.0, 2308.0, 2371.6, 2482.25, 2655.0833333333335, 2778.0, 2831.0, 2913.75, 2983.3333333333335, 3037.0, 3144.0, 3287.375, 3478.1, 3565.0, 3603.6666666666665, 3636.0, 3671.5, 3706.0, 3800.6, 3905.3333333333335, 4033.0, 4141.833333333333]","[1354, 1741, 2389, 2676, 3199]",0.23255813953488372,33.176520146520126,00:00:01,1.4290369180962443,0.00033831366432202753
