Algorithm,Log Source,Log,MRID,Epsilon,Detected Changepoints,Actual Changepoints for Log,F1-Score,Average Lag,Duration,Duration (Seconds),Seconds per Case
Zheng DBSCAN,with_noise_5,log_54_1692952418,300,30.0,"[320.0, 372.3333333333333, 452.0, 557.0, 613.0, 669.5, 780.5, 913.0, 999.8333333333334, 1105.8, 1202.0, 1299.0, 1395.0, 1465.8, 1545.5, 1601.0, 1640.0, 1695.5, 1744.6666666666667, 1802.0, 1890.8, 1982.0, 2022.6666666666667, 2095.0, 2157.0, 2202.75, 2338.0, 2408.75, 2469.0, 2542.0, 2576.0, 2623.0, 2660.5, 2694.5, 2795.3333333333335, 2882.5, 2987.6666666666665, 3108.0, 3139.0, 3201.4285714285716, 3291.5, 3340.5, 3411.0, 3446.0, 3486.5, 3599.4444444444443, 3662.5, 3709.0, 3763.0, 3901.5, 3968.3333333333335, 4039.0, 4086.0, 4142.5, 4187.0, 4271.714285714285, 4356.0, 4442.0, 4547.75, 4635.0, 4703.0, 4777.0, 4886.428571428572, 4981.0, 5111.0, 5143.0, 5200.666666666667, 5323.0, 5369.0, 5423.0, 5472.0, 5547.5, 5591.0, 5720.0, 5754.0, 5799.0, 5864.0, 5928.5, 5992.0, 6040.0, 6128.0, 6182.5, 6225.0, 6323.0, 6409.0, 6469.666666666667, 6564.0, 6606.0, 6712.5, 6768.0, 6802.0, 6864.5, 6902.0, 6993.333333333333, 7053.5, 7184.0, 7290.8, 7410.0, 7543.0, 7589.5, 7658.0, 7725.0, 7781.0, 7838.0, 7947.0, 8020.0, 8090.0, 8130.0, 8162.5, 8349.5, 8395.0, 8486.25, 8545.0]","[1215, 1983, 3203, 4514, 5254, 6354, 7395]",0.11666666666666665,21.23639455782307,00:00:00,0.3192682433873415,3.723244820843633e-05
