Algorithm,Log Source,Log,MRID,Epsilon,Detected Changepoints,Actual Changepoints for Log,F1-Score,Average Lag,Duration,Duration (Seconds),Seconds per Case
Zheng DBSCAN,with_noise_10,log_7_1687181925,500,150.0,"[2343.5, 2812.0, 3030.6666666666665, 3288.0, 3618.5, 4171.5, 4520.0]","[920, 1720, 2103, 3052, 3413]",0.3333333333333333,73.16666666666674,00:00:00,0.5306335957720876,0.00011168882251569934
