Algorithm,Log Source,Log,MRID,Epsilon,Detected Changepoints,Actual Changepoints for Log,F1-Score,Average Lag,Duration,Duration (Seconds),Seconds per Case
Zheng DBSCAN,without_noise,log_20_1692952238,600,240.0,"[2080.0, 4207.857142857143, 5485.8, 7266.096153846154, 9420.133333333333, 10593.357142857143, 12196.916666666666, 12922.0, 13999.1875, 14900.0]","[1357, 2105, 3482, 4422, 5484, 6787, 8017, 9381, 10872, 11904, 12802, 13833]",0.45454545454545453,70.42416666666668,00:00:04,4.193903103470802,0.0002787202168851467
