Algorithm,Log Source,Log,MRID,Epsilon,Detected Changepoints,Actual Changepoints for Log,F1-Score,Average Lag,Duration,Duration (Seconds),Seconds per Case
Zheng DBSCAN,without_noise,log_32_1692952308,400,40.0,"[469.5, 567.0, 622.0, 866.5, 949.0, 1031.5, 1471.0, 1611.375, 1939.0, 1986.0, 2092.5, 2159.0, 2201.0, 2270.0, 2331.0, 2478.5, 2618.6666666666665, 2734.5, 3100.0, 3202.5, 3392.3333333333335, 3521.5, 3564.0, 3621.0, 3681.0, 3734.5, 3988.0, 4056.0, 4146.2, 4331.75, 4474.0, 4725.0, 4942.666666666667, 5069.5, 5347.5, 5453.5, 5538.0, 5610.5, 5708.0, 5793.75, 5953.0, 6283.0, 6375.0, 6472.0, 6576.0, 6669.0, 6930.0, 7279.333333333333, 7449.0, 7633.0, 7835.333333333333, 7905.666666666667, 8029.0, 8145.0, 8240.0, 8306.333333333334, 8370.0, 8413.0, 8511.0, 8585.5, 8856.5, 8967.0, 9023.5, 9189.5, 9516.5, 9717.4, 9797.0, 9913.0, 9968.0, 10049.0, 10113.0, 10242.0, 10304.5, 10607.5, 10735.0, 11083.0, 11332.5, 11386.5, 11576.8, 11786.5, 11945.4, 12043.25, 12354.0, 12443.0, 12492.0]","[1486, 2272, 3660, 4340, 5709, 6587, 7907, 8621, 9625, 10324, 11599]",0.22916666666666669,20.83484848484849,00:00:04,4.1923641841858625,0.0003297179853862259
