Algorithm,Log Source,Log,MRID,Epsilon,Detected Changepoints,Actual Changepoints for Log,F1-Score,Average Lag,Duration,Duration (Seconds),Seconds per Case
Zheng DBSCAN,with_noise_10,log_73_1692952519,300,30.0,"[422.0, 725.0, 849.0, 908.0, 997.0, 1077.0, 1173.0, 1235.0, 1283.0, 1376.5, 1422.0, 1570.0, 1629.0, 1784.0, 2204.0, 2446.5, 2718.0, 2905.0, 2990.0, 3264.0, 3295.0, 3328.0, 3364.0, 3418.0, 3743.6666666666665, 3820.0, 4181.0, 4411.0, 4524.0, 4667.0, 5020.0, 5164.0, 5449.0, 5667.0, 5829.4, 5929.0, 6056.0, 6172.5, 6216.0, 6383.0, 6486.0]","[1205, 1799, 2891, 3554, 4661, 5644]",0.2553191489361702,37.333333333333336,00:00:00,0.5284147802740335,7.68268072512407e-05
