Algorithm,Log Source,Log,MRID,Epsilon,Detected Changepoints,Actual Changepoints for Log,F1-Score,Average Lag,Duration,Duration (Seconds),Seconds per Case
Zheng DBSCAN,without_noise,log_42_1687181985,400,40.0,"[516.0, 700.0, 1018.0, 1373.0, 1529.4285714285713, 1722.0, 1796.0, 1840.0, 2002.5]","[1494, 1841]",0.3636363636363636,18.214285714285666,00:00:00,0.4440178880468011,0.00017303892753187884
