Algorithm,Log Source,Log,MRID,Epsilon,Detected Changepoints,Actual Changepoints for Log,F1-Score,Average Lag,Duration,Duration (Seconds),Seconds per Case
Zheng DBSCAN,without_noise,log_51_1692952412,500,50.0,"[551.0, 674.5, 1096.5, 1207.25, 1806.5, 2039.5, 2125.0, 2241.5, 2414.0, 2634.0, 2896.5, 3122.6666666666665, 3299.0, 3369.0, 3710.6666666666665, 3855.0, 3908.0, 3993.0, 4112.5, 4207.333333333333, 4429.666666666667, 4677.0, 4901.5, 5027.0, 5441.5, 5566.666666666667, 5681.0, 5880.0, 6072.0, 6208.0]","[1211, 2415, 3134, 4190, 5042]",0.2857142857142857,9.683333333333303,00:00:00,0.9274840783327818,0.00014745374854257262
