Algorithm,Log Source,Log,MRID,Epsilon,Detected Changepoints,Actual Changepoints for Log,F1-Score,Average Lag,Duration,Duration (Seconds),Seconds per Case
Zheng DBSCAN,with_noise_10,log_77_1687182038,700,70.0,"[747.6666666666666, 897.0, 1013.0, 1176.3333333333333, 1322.5, 1446.0, 1652.5, 1768.0, 2238.3333333333335, 2426.0, 2807.0, 2909.0, 3115.0, 3264.0, 3496.5, 4010.0, 4200.0]","[560, 1784, 3134]",0.3,74.22222222222221,00:00:01,1.3374912226572633,0.00029544758618450703
