Algorithm,Log Source,Log,MRID,Epsilon,Detected Changepoints,Actual Changepoints for Log,F1-Score,Average Lag,Duration,Duration (Seconds),Seconds per Case
Zheng DBSCAN,with_noise_10,log_50_1687182000,500,100.0,[2595.171965317919],"[1406, 1636, 2269, 2506, 3766]",0.33333333333333337,89.17196531791888,00:00:02,2.6762552727013826,0.0005100543687252492
