Algorithm,Log Source,Log,MRID,Epsilon,Detected Changepoints,Actual Changepoints for Log,F1-Score,Average Lag,Duration,Duration (Seconds),Seconds per Case
Zheng DBSCAN,without_noise,log_51_1692952412,300,60.0,"[413.0, 551.0, 674.0, 1128.5, 1389.5, 1787.3333333333333, 2039.5, 2206.4, 2405.0, 2701.0, 2833.0, 2896.5, 3039.0, 3127.8, 3298.5, 3382.6666666666665, 3711.25, 3888.0, 3996.0, 4096.4, 4207.333333333333, 4412.142857142857, 4675.666666666667, 4902.5, 5027.0, 5360.0, 5441.5, 5566.666666666667, 5682.25, 5874.0, 5946.0, 6052.0, 6208.0]","[1211, 2415, 3134, 4190, 5042]",0.2631578947368421,26.20666666666657,00:00:00,0.9652047641575336,0.00015345067792647593
