Algorithm,Log Source,Log,MRID,Epsilon,Detected Changepoints,Actual Changepoints for Log,F1-Score,Average Lag,Duration,Duration (Seconds),Seconds per Case
Zheng DBSCAN,with_noise_10,log_64_1692952462,500,50.0,"[527.0, 679.6666666666666, 778.0, 947.0, 1017.0, 1095.2, 1245.2307692307693, 1396.0, 1594.0, 1837.0, 1898.5, 2033.5, 2135.3333333333335, 2222.0, 2276.0, 2328.0, 2589.590909090909, 2889.0, 3013.7272727272725, 3211.0, 3310.5, 3519.0, 3591.0, 3666.3333333333335, 3798.5, 3917.0, 4090.0, 4327.0, 4400.0, 4567.4, 4727.0, 4832.0, 4954.2, 5103.6, 5190.0, 5260.0, 5471.666666666667]","[1238, 2404, 3563, 4310]",0.1951219512195122,32.05769230769232,00:00:00,0.6375778373330832,0.00011342783087227952
