Algorithm,Log Source,Log,MRID,Epsilon,Detected Changepoints,Actual Changepoints for Log,F1-Score,Average Lag,Duration,Duration (Seconds),Seconds per Case
Zheng DBSCAN,with_noise_5,log_48_1692952401,400,40.0,"[428.5, 501.6, 578.5, 710.4, 793.0, 890.6666666666666, 1004.0, 1097.3333333333333, 1235.0, 1460.4444444444443, 1548.5, 1593.0, 1690.0, 1805.0, 1899.0, 1941.0, 2136.8571428571427, 2248.5, 2311.5, 2398.0, 2505.5, 2751.5555555555557, 3104.6923076923076, 3306.5454545454545, 3415.0, 3652.3333333333335, 3769.3333333333335, 3905.0, 4025.5, 4165.6, 4325.25, 4560.5, 4874.7692307692305, 5032.714285714285, 5161.5, 5219.0, 5284.5, 5403.833333333333, 5552.5, 5671.0, 5826.0, 5939.0]","[1100, 2192, 3088, 4584]",0.17391304347826084,24.500457875457926,00:00:00,0.6886712443083525,0.00011409397685691724
