Algorithm,Log Source,Log,MRID,Epsilon,Detected Changepoints,Actual Changepoints for Log,F1-Score,Average Lag,Duration,Duration (Seconds),Seconds per Case
Zheng DBSCAN,with_noise_20,log_23_1687181942,800,240.0,"[2595.8252427184466, 5135.4]","[859, 1255, 2629, 4001, 4377]",0.28571428571428575,33.17475728155341,00:00:01,1.7904483452439308,0.000322894201126047
