Algorithm,Log Source,Log,MRID,Epsilon,Detected Changepoints,Actual Changepoints for Log,F1-Score,Average Lag,Duration,Duration (Seconds),Seconds per Case
Zheng DBSCAN,with_noise_10,log_9_1687181928,400,200.0,"[541.0, 974.0, 1429.0, 2790.032258064516, 4031.0]","[1135, 1916, 2696, 2989]",0.4444444444444445,127.51612903225805,00:00:00,0.6097563561052084,0.00013592428803058592
