Algorithm,Log Source,Log,MRID,Epsilon,Detected Changepoints,Actual Changepoints for Log,F1-Score,Average Lag,Duration,Duration (Seconds),Seconds per Case
Zheng DBSCAN,with_noise_10,log_54_1692952418,400,120.0,"[607.6666666666666, 849.5, 1128.75, 1432.0, 1676.5, 2002.1666666666667, 2232.3333333333335, 2908.8571428571427, 3360.0, 3947.235294117647, 4537.0, 4805.5, 5089.0, 5415.833333333333, 5788.0, 6005.0, 6291.666666666667, 6704.0, 7026.0, 7413.0, 7684.0, 7922.0, 8122.0, 8574.0]","[1215, 1983, 3203, 4514, 5254, 6354, 7395]",0.45161290322580644,75.36904761904755,00:00:00,0.3159229625016451,3.684232798853004e-05
