Algorithm,Log Source,Log,MRID,Epsilon,Detected Changepoints,Actual Changepoints for Log,F1-Score,Average Lag,Duration,Duration (Seconds),Seconds per Case
Zheng DBSCAN,with_noise_5,log_72_1692952515,600,180.0,"[1420.6612903225807, 3005.3076923076924, 4840.492307692308, 7223.085714285714, 8466.833333333334, 9206.2, 9793.333333333334, 10276.083333333334, 10870.666666666666, 11218.0]","[1301, 2400, 3024, 4162, 5434, 6322, 7584, 8880, 10111]",0.3157894736842105,101.14564378274076,00:00:00,0.9930419642478228,8.759301087129071e-05
