Algorithm,Log Source,Log,MRID,Epsilon,Detected Changepoints,Actual Changepoints for Log,F1-Score,Average Lag,Duration,Duration (Seconds),Seconds per Case
Zheng DBSCAN,with_noise_10,log_84_1692952573,400,160.0,"[1190.1203703703704, 4210.571428571428]","[1146, 2011, 3360, 4613]",0.3333333333333333,44.12037037037044,00:00:00,0.9116769004613161,0.00015306865353615113
