Algorithm,Log Source,Log,MRID,Epsilon,Detected Changepoints,Actual Changepoints for Log,F1-Score,Average Lag,Duration,Duration (Seconds),Seconds per Case
Zheng DBSCAN,with_noise_5,log_53_1692952417,600,120.0,"[741.9714285714285, 1411.7931034482758, 2117.8846153846152, 2775.7272727272725, 3390.0]","[1168, 2007]",0.28571428571428575,110.88461538461524,00:00:00,0.6753802504390478,0.00019335249082137068
