Algorithm,Log Source,Log,MRID,Epsilon,Detected Changepoints,Actual Changepoints for Log,F1-Score,Average Lag,Duration,Duration (Seconds),Seconds per Case
Zheng DBSCAN,with_noise_5,log_28_1692952287,400,40.0,"[1359.247807017544, 3112.617486338798, 4490.733146067416, 5564.911764705882, 5846.222222222223, 6410.26618705036, 7012.1875]","[1456, 2546, 3808, 4591, 5837]",0.5,68.74708971242096,00:00:04,4.135222889482975,0.0005793251456266426
