Algorithm,Log Source,Log,MRID,Epsilon,Detected Changepoints,Actual Changepoints for Log,F1-Score,Average Lag,Duration,Duration (Seconds),Seconds per Case
Zheng DBSCAN,without_noise,log_42_1692952376,300,60.0,"[1464.0, 1900.0, 2262.0, 2386.0, 3672.0, 3791.5555555555557, 4826.0, 4938.333333333333, 5105.0, 5199.5, 6233.0, 6612.0, 6699.0, 6801.375, 7877.375, 8054.0, 8241.0, 8367.857142857143, 9723.0, 9842.0, 10066.0, 10398.0, 12292.0, 12492.42857142857]","[1465, 2388, 3805, 4827, 5718, 6808, 7871, 8414, 9656, 10599, 11897, 12538]",0.5,21.017636684303397,00:00:01,1.0377862323075533,7.457503825147695e-05
