Algorithm,Log Source,Log,MRID,Epsilon,Detected Changepoints,Actual Changepoints for Log,F1-Score,Average Lag,Duration,Duration (Seconds),Seconds per Case
Zheng DBSCAN,without_noise,log_82_1692952560,500,100.0,"[528.75, 801.2, 1277.5454545454545, 1768.2222222222222, 2115.1666666666665, 2619.125, 3661.4634146341464, 4775.941176470588, 5542.1, 6197.25, 6474.0, 6814.5, 6984.0]","[1360, 1891, 3328, 4126, 5282, 6014]",0.3157894736842105,129.49410774410777,00:00:01,1.8553868997842073,0.00026336222850024233
