Algorithm,Log Source,Log,MRID,Epsilon,Detected Changepoints,Actual Changepoints for Log,F1-Score,Average Lag,Duration,Duration (Seconds),Seconds per Case
Zheng DBSCAN,with_noise_10,log_14_1692952206,400,120.0,"[1578.7395833333333, 2937.25, 3243.375, 3920.766666666667, 4671.454545454545, 6016.023809523809, 8565.845528455284, 10198.066666666668]","[1181, 2047, 3186, 3975, 5113, 6441, 7617, 8917]",0.25,55.80416666666656,00:00:01,1.1943671740591526,0.00011518634140796148
