Algorithm,Log Source,Log,MRID,Epsilon,Detected Changepoints,Actual Changepoints for Log,F1-Score,Average Lag,Duration,Duration (Seconds),Seconds per Case
Zheng DBSCAN,with_noise_20,log_99_1687182077,600,240.0,"[890.4, 2137.5263157894738, 3252.3333333333335]","[555, 837, 2088, 2767]",0.5714285714285715,51.46315789473687,00:00:00,0.9955587079748511,0.00029246730551552616
