Algorithm,Log Source,Log,MRID,Epsilon,Detected Changepoints,Actual Changepoints for Log,F1-Score,Average Lag,Duration,Duration (Seconds),Seconds per Case
Zheng DBSCAN,with_noise_20,log_48_1687181998,300,30.0,"[422.0, 468.0, 537.0, 785.5, 864.0, 957.0, 1063.0, 1130.8333333333333, 1193.5, 1273.0, 1305.0, 1361.0, 1467.25, 1632.6363636363637, 1718.0, 1760.0, 1798.0, 1856.3333333333333, 1919.0, 1996.5, 2061.625, 2174.6666666666665, 2287.0, 2359.6666666666665, 2404.0, 2444.0, 2522.0, 3121.0, 3533.5, 3590.5, 3717.25, 3843.3333333333335, 3924.0, 3971.0, 4039.5, 4098.0, 4148.0, 4189.0, 4268.5]","[1144, 2359, 2666, 3482, 3756]",0.22727272727272727,49.61666666666665,00:00:00,0.845699985511601,0.00019704100314808968
