Algorithm,Log Source,Log,Complete-Window Size,Detection-Window Size,Stable Period,Detected Changepoints,Actual Changepoints for Log,F1-Score,Average Lag,Duration,Duration (Seconds),Seconds per Case
LCDD,with_noise_10,log_17_1692952221,100,100,150,"[103, 203, 303, 404, 505, 606, 707, 807, 913, 1016, 1117, 1221, 1346, 1449, 1560, 1664, 1765, 1871, 1990, 2093, 2199, 2299, 2402, 2505, 2617, 2717, 2821, 2926, 3033, 3133, 3248, 3351, 3452, 3554, 3657, 3758, 3861, 3971, 4089, 4201, 4307, 4411, 4515, 4624, 4731, 4831, 4934, 5040, 5151, 5253, 5353, 5469, 5569, 5676, 5776, 5876, 5987, 6087, 6188, 6291, 6395, 6498, 6599, 6700, 6803, 6914, 7022, 7128, 7232, 7334, 7448, 7548, 7648, 7749, 7850, 7951]","[1444, 2772, 3489, 4826, 6062, 6751]",0.14634146341463414,28.666666666666668,00:00:00,0.10280000604689121,1.2830754623925513e-05
