Algorithm,Log Source,Log,Complete-Window Size,Detection-Window Size,Stable Period,Detected Changepoints,Actual Changepoints for Log,F1-Score,Average Lag,Duration,Duration (Seconds),Seconds per Case
LCDD,without_noise,log_36_1692952355,800,800,20,"[1332, 3692, 4492, 5762, 6562, 7821, 11729, 12842, 13946]","[1333, 2559, 3693, 4416, 5763, 6390, 7822, 8817, 10269, 11730, 12843, 13947, 14938]",0.8181818181818181,28.333333333333332,00:00:00,0.2859560064971447,1.79024608086862e-05
