Algorithm,Log Source,Log,Complete-Window Size,Detection-Window Size,Stable Period,Detected Changepoints,Actual Changepoints for Log,F1-Score,Average Lag,Duration,Duration (Seconds),Seconds per Case
LCDD,with_noise_10,log_56_1692952426,100,100,10,"[118, 234, 346, 516, 642, 782, 886, 1009, 1118, 1232, 1355, 1459, 1566, 1669, 1775, 1876, 1992, 2139, 2251, 2351, 2476, 2589, 2690, 2799, 2915, 3066, 3174, 3295, 3423, 3523, 3677, 3781, 3884, 3993, 4099, 4213, 4336, 4438, 4614, 4723, 4824, 4987, 5094, 5204, 5315, 5431, 5576, 5687, 5787, 5893, 5994, 6127, 6236, 6342, 6459, 6573, 6688, 6788, 6896, 7017, 7129, 7229, 7336, 7441, 7547, 7655, 7757, 7866, 8001, 8113, 8221, 8326, 8426, 8538, 8671, 8772, 8878, 8980, 9089, 9193, 9294, 9401, 9509, 9630, 9730, 9859, 9965, 10076, 10182, 10292, 10398, 10505, 10612, 10712, 10849, 10957, 11063, 11168, 11300]","[1162, 2602, 3692, 5083, 5750, 6960, 8196, 9356, 10281]",0.16666666666666669,28.666666666666668,00:00:00,0.1287208590656519,1.1325079981141289e-05
