Algorithm,Log Source,Log,Complete-Window Size,Detection-Window Size,Stable Period,Detected Changepoints,Actual Changepoints for Log,F1-Score,Average Lag,Duration,Duration (Seconds),Seconds per Case
LCDD,with_noise_10,log_61_1692952452,300,300,20,"[331, 691, 1080, 1382, 1695, 1999, 2414, 2718, 3091, 3460, 3789, 4096, 4417, 4753, 5198, 5498, 5833, 6162, 6489, 6825, 7130, 7464, 7774, 8075, 8455, 8768, 9301, 9617, 9966, 10278, 10685, 10992, 11328, 11683, 11983, 12287, 12617, 12922, 13242, 13598, 13903, 14233, 14582, 14911, 15239, 15549, 15865, 16212, 16551]","[1461, 2278, 3644, 4850, 6300, 7761, 9161, 9996, 11400, 11926, 13119, 13979, 15446]",0.41935483870967744,93.0,00:00:00,0.1127504613250494,6.804083116592203e-06
