Algorithm,Log Source,Log,Complete-Window Size,Detection-Window Size,Stable Period,Detected Changepoints,Actual Changepoints for Log,F1-Score,Average Lag,Duration,Duration (Seconds),Seconds per Case
LCDD,without_noise,log_33_1692952312,400,400,150,"[443, 843, 1342, 2043, 2484, 2887, 3429, 4210, 4727, 5157, 5588, 5988, 6388, 6898, 7298, 7911]","[1422, 2484, 3325, 4734, 5708, 6899]",0.5454545454545454,52.0,00:00:00,0.40749084763228893,4.9207927500578305e-05
