Algorithm,Log Source,Log,Complete-Window Size,Detection-Window Size,Stable Period,Detected Changepoints,Actual Changepoints for Log,F1-Score,Average Lag,Duration,Duration (Seconds),Seconds per Case
LCDD,with_noise_10,log_67_1692952494,100,100,10,"[100, 201, 308, 408, 512, 617, 717, 823, 927, 1027, 1130, 1230, 1333, 1434, 1536, 1638, 1738, 1838, 1941, 2046, 2146, 2257, 2366, 2473, 2586, 2686, 2806, 2908, 3010, 3111, 3212, 3313, 3420, 3521, 3623, 3724, 3824, 3932, 4040, 4156, 4260, 4361, 4472, 4573, 4699, 4805, 4906, 5009, 5109, 5214, 5315, 5415, 5519, 5630, 5732, 5835, 5944, 6054, 6157, 6263, 6363, 6467, 6568, 6672, 6773, 6873, 6973, 7074, 7181, 7282, 7384, 7488, 7588, 7697, 7809, 7914, 8018, 8118, 8224, 8329, 8434, 8544, 8646, 8746, 8863, 8963, 9064, 9176, 9280, 9386, 9486, 9601, 9707, 9807, 9910, 10015, 10123, 10226, 10328, 10431, 10535]","[1312, 2743, 3889, 5271, 5852, 7181, 7712, 9147]",0.14678899082568805,28.25,00:00:00,0.1802791692316532,1.711077916017969e-05
