Algorithm,Log Source,Log,Complete-Window Size,Detection-Window Size,Stable Period,Detected Changepoints,Actual Changepoints for Log,F1-Score,Average Lag,Duration,Duration (Seconds),Seconds per Case
LCDD,with_noise_10,log_7_1692952178,800,800,50,"[4214, 6446, 7265, 8065, 8865, 9723, 10523, 11682, 12603, 13517, 14520]","[1311, 2256, 3605, 4597, 5681, 6939, 8352, 9584, 10457, 11681, 12486, 13960, 14957, 16422, 17190]",0.30769230769230765,80.75,00:00:00,0.3994611892849207,2.1866717171278778e-05
