Algorithm,Log Source,Log,Complete-Window Size,Detection-Window Size,Stable Period,Detected Changepoints,Actual Changepoints for Log,F1-Score,Average Lag,Duration,Duration (Seconds),Seconds per Case
LCDD,with_noise_5,log_98_1692952636,100,100,20,"[100, 215, 324, 456, 566, 688, 794, 923, 1024, 1129, 1252, 1380, 1482, 1582, 1690, 1808, 1922, 2022, 2159, 2268, 2369, 2477, 2583, 2684, 2811, 2919, 3036, 3136, 3243, 3351, 3461, 3572, 3679, 3786, 3910, 4012, 4128, 4232, 4332, 4436, 4539, 4644, 4747, 4847, 4950, 5066, 5167, 5269, 5379, 5534, 5641, 5749, 5851, 5956, 6058, 6172, 6295, 6402, 6513, 6614, 6715, 6815, 6925, 7048, 7166, 7268, 7370, 7494, 7624, 7737, 7840, 7940, 8044, 8144, 8255, 8356, 8457, 8557, 8698, 8816, 8917, 9026, 9139, 9258, 9358, 9460, 9572, 9683, 9790, 9896, 9996, 10104, 10224, 10348, 10450, 10550, 10666, 10771, 10879, 10984, 11090]","[1161, 2070, 3547, 4627, 5403, 6514, 7405, 8737, 9638]",0.1636363636363636,29.555555555555557,00:00:00,0.4111569430679083,3.707122379117377e-05
