Algorithm,Log Source,Log,Complete-Window Size,Detection-Window Size,Stable Period,Detected Changepoints,Actual Changepoints for Log,F1-Score,Average Lag,Duration,Duration (Seconds),Seconds per Case
LCDD,with_noise_10,log_38_1692952364,600,600,200,"[611, 1300, 2499, 3271, 3892, 4533, 5301, 5943, 6605, 7240, 7858, 8553, 9155, 9786]","[1028, 1851, 3000, 4010, 4915, 6335, 7206, 8449, 9115]",0.34782608695652173,74.0,00:00:00,0.1444425731897354,1.3978764462376406e-05
