Algorithm,Log Source,Log,Complete-Window Size,Detection-Window Size,Stable Period,Detected Changepoints,Actual Changepoints for Log,F1-Score,Average Lag,Duration,Duration (Seconds),Seconds per Case
LCDD,without_noise,log_51_1692952412,200,200,20,"[234, 551, 751, 963, 1210, 1416, 1749, 2039, 2241, 2634, 2856, 3083, 3298, 3520, 3855, 4075, 4385, 4677, 4877, 5077, 5360, 5587, 5815, 6032]","[1211, 2415, 3134, 4190, 5042]",0.3448275862068966,75.2,00:00:00,0.1239196415990591,1.9701055898101608e-05
