Algorithm,Log Source,Log,Complete-Window Size,Detection-Window Size,Stable Period,Detected Changepoints,Actual Changepoints for Log,F1-Score,Average Lag,Duration,Duration (Seconds),Seconds per Case
LCDD,with_noise_10,log_36_1692952355,300,300,5,"[401, 831, 1332, 1710, 2495, 3014, 3320, 3626, 4015, 4316, 4747, 5282, 5614, 5970, 6285, 6883, 7215, 7535, 7877, 8189, 8503, 8803, 9126, 9444, 9847, 10150, 10499, 10804, 11158, 11591, 11947, 12247, 12620, 13214, 13542, 13946, 14283, 14613, 14944, 15304, 15689]","[1333, 2559, 3693, 4416, 5763, 6390, 7822, 8817, 10269, 11730, 12843, 13947, 14938]",0.4444444444444444,68.33333333333333,00:00:00,0.26635601185262203,1.667539046219383e-05
