Algorithm,Log Source,Log,Complete-Window Size,Detection-Window Size,Stable Period,Detected Changepoints,Actual Changepoints for Log,F1-Score,Average Lag,Duration,Duration (Seconds),Seconds per Case
LCDD,with_noise_10,log_58_1692952437,100,100,100,"[101, 203, 306, 430, 542, 644, 754, 903, 1039, 1152, 1271, 1393, 1493, 1622, 1724, 1831, 1982, 2085, 2196, 2299, 2405, 2535, 2650, 2751, 2874, 2993, 3131, 3243, 3344, 3447]","[1394, 2035]",0.125,25.5,00:00:00,0.042186278849840164,1.2046338906293594e-05
