Algorithm,Log Source,Log,Complete-Window Size,Detection-Window Size,Stable Period,Detected Changepoints,Actual Changepoints for Log,F1-Score,Average Lag,Duration,Duration (Seconds),Seconds per Case
LCDD,without_noise,log_86_1692952579,800,800,100,"[895, 1745, 2576, 3885, 4802, 5602, 6454, 7325, 8141, 9020, 9829]","[1451, 2814, 3789, 5069, 6015, 7177, 8153, 9456]",0.3157894736842105,85.33333333333333,00:00:00,0.31192982755601406,2.9165949280599724e-05
