Algorithm,Log Source,Log,Complete-Window Size,Detection-Window Size,Stable Period,Detected Changepoints,Actual Changepoints for Log,F1-Score,Average Lag,Duration,Duration (Seconds),Seconds per Case
LCDD,with_noise_5,log_82_1692952560,600,600,100,"[642, 1276, 1980, 2585, 3233, 3844, 4459, 5081, 5688, 6292, 6908]","[1360, 1891, 3328, 4126, 5282, 6014]",0.3529411764705882,89.33333333333333,00:00:00,0.12669803760945797,1.7984107538602978e-05
