Algorithm,Log Source,Log,Complete-Window Size,Detection-Window Size,Stable Period,Detected Changepoints,Actual Changepoints for Log,F1-Score,Average Lag,Duration,Duration (Seconds),Seconds per Case
LCDD,with_noise_10,log_51_1692952412,100,100,5,"[105, 211, 313, 420, 521, 621, 732, 836, 945, 1049, 1152, 1258, 1362, 1465, 1566, 1667, 1768, 1872, 1972, 2072, 2178, 2283, 2389, 2494, 2594, 2694, 2798, 2898, 2999, 3099, 3211, 3322, 3429, 3529, 3629, 3730, 3834, 3934, 4035, 4139, 4244, 4345, 4460, 4562, 4667, 4771, 4879, 4985, 5100, 5201, 5302, 5404, 5505, 5607, 5708, 5815, 5917, 6020, 6125, 6227]","[1211, 2415, 3134, 4190, 5042]",0.15384615384615385,43.2,00:00:00,0.1424563955515623,2.2648075604381924e-05
