Algorithm,Log Source,Log,Complete-Window Size,Detection-Window Size,Stable Period,Detected Changepoints,Actual Changepoints for Log,F1-Score,Average Lag,Duration,Duration (Seconds),Seconds per Case
LCDD,with_noise_5,log_54_1692952418,100,100,150,"[102, 206, 319, 433, 537, 666, 769, 870, 975, 1079, 1202, 1304, 1414, 1529, 1632, 1747, 1869, 1984, 2089, 2195, 2306, 2407, 2533, 2634, 2752, 2858, 2972, 3108, 3223, 3323, 3427, 3555, 3662, 3763, 3896, 4039, 4155, 4270, 4370, 4513, 4635, 4735, 4843, 4994, 5111, 5255, 5369, 5478, 5581, 5707, 5855, 6039, 6141, 6242, 6353, 6467, 6605, 6710, 6849, 6982, 7082, 7183, 7290, 7403, 7523, 7629, 7748, 7849, 7952, 8053, 8162, 8262, 8389, 8493]","[1215, 1983, 3203, 4514, 5254, 6354, 7395]",0.17283950617283952,6.428571428571429,00:00:00,0.11571810208261013,1.3494822400304388e-05
