Algorithm,Log Source,Log,Complete-Window Size,Detection-Window Size,Stable Period,Detected Changepoints,Actual Changepoints for Log,F1-Score,Average Lag,Duration,Duration (Seconds),Seconds per Case
LCDD,with_noise_5,log_96_1692952629,200,200,150,"[231, 437, 654, 854, 1075, 1296, 1503, 1714, 1928, 2133, 2336, 2543, 2767, 2988, 3196, 3396, 3602, 3812, 4035, 4256, 4456, 4685, 4886, 5095, 5301, 5501, 5701, 5903, 6103, 6314, 6527, 6744, 6947, 7165, 7393, 7597, 7827]","[1087, 2286, 3016, 4084, 4958, 5962, 6779]",0.3181818181818182,43.57142857142857,00:00:00,0.06095159612596035,7.747755958556038e-06
