Algorithm,Log Source,Log,Complete-Window Size,Detection-Window Size,Stable Period,Detected Changepoints,Actual Changepoints for Log,F1-Score,Average Lag,Duration,Duration (Seconds),Seconds per Case
LCDD,with_noise_5,log_87_1692952585,200,200,50,"[212, 589, 798, 1011, 1222, 1425, 1640, 1918, 2143, 2391, 2598, 2868, 3091, 3315, 3624, 3824, 4132, 4365, 4618, 4875, 5164, 5433, 5693, 5962, 6164, 6387, 6591, 6792, 6992, 7217, 7434, 7649, 7881, 8120, 8358, 8598, 8811]","[1372, 2863, 3391, 4735, 5393, 6760, 7388]",0.3181818181818182,52.714285714285715,00:00:00,0.09081568941473961,1.0259341325659693e-05
