Algorithm,Log Source,Log,Complete-Window Size,Detection-Window Size,Stable Period,Detected Changepoints,Actual Changepoints for Log,F1-Score,Average Lag,Duration,Duration (Seconds),Seconds per Case
LCDD,with_noise_10,log_66_1692952466,1200,1200,150,"[1236, 2470, 3688, 4892, 6095, 7356, 8601, 9813, 11025, 12248, 13452, 14737, 15970]","[1333, 1858, 3125, 4597, 5145, 6189, 7122, 8601, 9725, 10332, 11494, 12957, 13775, 14782, 15396]",0.3571428571428571,64.8,00:00:00,0.6321954969316721,3.8391661925771064e-05
