Algorithm,Log Source,Log,Complete-Window Size,Detection-Window Size,Stable Period,Detected Changepoints,Actual Changepoints for Log,F1-Score,Average Lag,Duration,Duration (Seconds),Seconds per Case
LCDD,with_noise_5,log_89_1692952588,800,800,10,"[809, 1634, 2459, 3270, 4084, 4958, 5775, 6630, 7439, 8280, 9125, 9950, 10756, 11627, 12462, 13310, 14187, 15027, 15870, 16688]","[1231, 2194, 3370, 4789, 6034, 6961, 8392, 8969, 10160, 11100, 12512, 13171, 14519, 15691]",0.4117647058823529,129.28571428571428,00:00:00,0.4571716710925102,2.7170549809373006e-05
