Algorithm,Log Source,Log,Complete-Window Size,Detection-Window Size,Stable Period,Detected Changepoints,Actual Changepoints for Log,F1-Score,Average Lag,Duration,Duration (Seconds),Seconds per Case
LCDD,with_noise_5,log_80_1692952554,200,200,5,"[213, 441, 659, 864, 1067, 1316, 1518, 1758, 1960, 2180, 2388, 2588, 2842, 3047, 3255, 3456, 3658, 3883, 4103, 4360, 4576, 4777, 4977, 5178, 5390]","[1043, 2139, 2799, 3922, 4435]",0.33333333333333337,44.4,00:00:00,0.07038316130638123,1.2827257391357977e-05
