Algorithm,Log Source,Log,Complete-Window Size,Detection-Window Size,Stable Period,Detected Changepoints,Actual Changepoints for Log,F1-Score,Average Lag,Duration,Duration (Seconds),Seconds per Case
LCDD,with_noise_10,log_60_1692952441,100,100,200,"[117, 219, 319, 425, 527, 627, 730, 834, 939, 1041, 1145, 1248, 1352, 1452, 1557, 1659, 1761, 1872, 1974, 2081, 2191, 2291, 2395, 2498, 2614, 2714, 2815, 2915, 3018, 3119, 3221, 3324, 3430, 3535, 3635, 3738, 3840, 3941, 4043, 4146, 4249, 4353, 4459, 4562, 4668, 4769, 4871, 4974, 5075, 5177, 5277, 5379, 5485, 5585, 5689, 5789, 5891, 5998, 6099, 6200, 6300, 6401, 6504, 6609, 6710, 6819, 6922, 7024, 7132, 7244, 7345, 7447, 7564, 7667, 7773, 7877, 7977, 8079, 8181, 8292, 8392, 8492, 8593, 8694, 8801, 8914, 9015, 9134, 9235, 9337, 9439, 9545, 9648, 9749, 9849, 9949, 10053, 10154, 10259, 10365, 10467, 10572, 10675, 10776, 10879, 10994, 11097, 11208, 11322]","[1176, 1816, 2868, 3524, 5017, 6406, 7452, 8819, 10127]",0.15254237288135594,26.88888888888889,00:00:00,0.3943465445190668,3.476869551393641e-05
