Algorithm,Log Source,Log,Complete-Window Size,Detection-Window Size,Stable Period,Detected Changepoints,Actual Changepoints for Log,F1-Score,Average Lag,Duration,Duration (Seconds),Seconds per Case
LCDD,with_noise_10,log_99_1692952644,100,100,10,"[108, 226, 327, 437, 545, 656, 765, 878, 984, 1085, 1202, 1322, 1447, 1552, 1663, 1772, 1873, 1979, 2080, 2187, 2297, 2412, 2514, 2617, 2748, 2853, 2953, 3055, 3186, 3293, 3396, 3502, 3606, 3727, 3842, 3942, 4042, 4146, 4253, 4377, 4502, 4610, 4718, 4819, 4919, 5025, 5136, 5247, 5349, 5449, 5552, 5654, 5760, 5881, 6013, 6141, 6251, 6362, 6467, 6574, 6675, 6800, 6914, 7019, 7120, 7222, 7329, 7446, 7567, 7669, 7773, 7899, 8004, 8133, 8234]","[1091, 2218, 3016, 4029, 4956, 6397, 7026]",0.17073170731707318,24.0,00:00:00,0.16285987198352814,1.9645340408145735e-05
