Algorithm,Log Source,Log,Complete-Window Size,Detection-Window Size,Stable Period,Detected Changepoints,Actual Changepoints for Log,F1-Score,Average Lag,Duration,Duration (Seconds),Seconds per Case
LCDD,with_noise_10,log_89_1692952588,200,200,100,"[215, 420, 622, 823, 1024, 1225, 1436, 1636, 1843, 2050, 2271, 2485, 2702, 2909, 3125, 3336, 3539, 3744, 3945, 4146, 4347, 4553, 4757, 4959, 5165, 5371, 5586, 5788, 6006, 6214, 6424, 6630, 6839, 7044, 7248, 7449, 7649, 7850, 8057, 8265, 8467, 8668, 8870, 9072, 9274, 9481, 9687, 9905, 10114, 10314, 10524, 10726, 10936, 11138, 11344, 11545, 11747, 11953, 12166, 12369, 12576, 12778, 12982, 13184, 13384, 13599, 13808, 14012, 14225, 14437, 14641, 14844, 15060, 15262, 15477, 15681, 15889, 16100, 16300, 16503, 16705]","[1231, 2194, 3370, 4789, 6034, 6961, 8392, 8969, 10160, 11100, 12512, 13171, 14519, 15691]",0.2947368421052632,49.07142857142857,00:00:00,0.39651231840252876,2.3565453369935146e-05
