Algorithm,Log Source,Log,Complete-Window Size,Detection-Window Size,Stable Period,Detected Changepoints,Actual Changepoints for Log,F1-Score,Average Lag,Duration,Duration (Seconds),Seconds per Case
LCDD,with_noise_5,log_92_1692952610,100,100,100,"[119, 226, 343, 463, 566, 666, 801, 904, 1006, 1129, 1250, 1362, 1464, 1573, 1675, 1775, 1878, 1978, 2087, 2191, 2295, 2413, 2526, 2627, 2737, 2841, 2962, 3067, 3169, 3280, 3391, 3495, 3608, 3710, 3827, 3935, 4041, 4152, 4252, 4370, 4471, 4584, 4685, 4785, 4902, 5008, 5108, 5208, 5313, 5416, 5522, 5627, 5729, 5829, 5930, 6037, 6146, 6252, 6363, 6472, 6573, 6678, 6842, 6957, 7057, 7162, 7267, 7385, 7495, 7598, 7703, 7825, 7927, 8030, 8153, 8262, 8378, 8497, 8615, 8733, 8860, 8961, 9063, 9163, 9267, 9371, 9471, 9573, 9674, 9778, 9888, 9994, 10099, 10212, 10324, 10428, 10535]","[1496, 2990, 3497, 4700, 5462, 6515, 7455, 8576, 9153]",0.16981132075471697,28.333333333333332,00:00:00,0.07341276854276657,6.959875667687388e-06
