Algorithm,Log Source,Log,Window Size,SW Step Size,Detected Changepoints,Actual Changepoints for Log,F1-Score,Average Lag,Duration,Duration (Seconds),Seconds per Case
Bose J,with_noise_5,log_55_1692952420,450,2,"[1618, 2302, 3256, 4156, 5004, 5524]","[1163, 1887, 3254, 4677, 5533]",0.3636363636363636,5.5,00:12:18,738.3066864553839,0.10831964296587206
Bose WC,with_noise_5,log_55_1692952420,450,2,"[2306, 3256, 4192, 5524]","[1163, 1887, 3254, 4677, 5533]",0.4444444444444445,5.5,00:14:33,873.1928831990808,0.1281092845069074
