Algorithm,Log Source,Log,Window Size,SW Step Size,Detected Changepoints,Actual Changepoints for Log,F1-Score,Average Lag,Duration,Duration (Seconds),Seconds per Case
Bose J,with_noise_10,log_27_1692952285,400,2,"[1524, 2278, 3070, 4036, 5044, 5488]","[1464, 2463, 3948, 5054, 5848]",0.7272727272727272,85.75,00:01:48,108.58051585406065,0.015147951430533015
Bose WC,with_noise_10,log_27_1692952285,400,2,"[2278, 3108, 3992, 5044, 5384]","[1464, 2463, 3948, 5054, 5848]",0.6,79.66666666666667,00:02:11,131.1280976589769,0.01829354041001352
