Algorithm,Log Source,Log,Window Size,SW Step Size,Detected Changepoints,Actual Changepoints for Log,F1-Score,Average Lag,Duration,Duration (Seconds),Seconds per Case
Bose J,with_noise_10,log_72_1692952515,300,2,"[1312, 3336, 4146, 5554, 7096, 7442, 9010, 10182]","[1301, 2400, 3024, 4162, 5434, 6322, 7584, 8880, 10111]",0.7058823529411765,81.66666666666667,00:02:20,140.7470766529441,0.012414843137774021
Bose WC,with_noise_10,log_72_1692952515,300,2,"[838, 4056, 5656, 7570, 8904, 10130]","[1301, 2400, 3024, 4162, 5434, 6322, 7584, 8880, 10111]",0.5333333333333333,40.75,00:02:49,169.85053246840835,0.014981964582200613
