Algorithm,Log Source,Log,Window Size,SW Step Size,Detected Changepoints,Actual Changepoints for Log,F1-Score,Average Lag,Duration,Duration (Seconds),Seconds per Case
Bose J,with_noise_10,log_56_1692952426,200,2,"[730, 1172, 2548, 3718, 5146, 5626, 6490, 6960, 8224, 9358]","[1162, 2602, 3692, 5083, 5750, 6960, 8196, 9356, 10281]",0.8421052631578948,38.375,00:02:01,121.82356966473162,0.01071824473559138
Bose WC,with_noise_10,log_56_1692952426,200,2,"[1016, 2652, 3606, 5118, 6986, 8196, 9386]","[1162, 2602, 3692, 5083, 5750, 6960, 8196, 9356, 10281]",0.8750000000000001,53.285714285714285,00:02:15,135.63123391009867,0.011933066506255382
