Algorithm,Log Source,Log,Window Size,SW Step Size,Detected Changepoints,Actual Changepoints for Log,F1-Score,Average Lag,Duration,Duration (Seconds),Seconds per Case
Bose J,without_noise,log_19_1692952228,600,2,"[1840, 2534, 3648, 5034, 5802, 7040]","[1474, 2389, 3492, 4788, 5647, 7050]",0.6666666666666666,116.5,00:16:24,984.9998215548694,0.1210668413907165
Bose WC,without_noise,log_19_1692952228,600,2,"[1834, 2534, 5026, 5428, 5796, 7154]","[1474, 2389, 3492, 4788, 5647, 7050]",0.5,132.66666666666666,00:16:11,971.7926683668047,0.1194435433095876
