Algorithm,Log Source,Log,Window Size,SW Step Size,Detected Changepoints,Actual Changepoints for Log,F1-Score,Average Lag,Duration,Duration (Seconds),Seconds per Case
Bose J,with_noise_10,log_7_1692952178,550,2,"[1672, 2932, 4056, 5694, 6828, 8598, 10230, 11758, 14554, 16866]","[1311, 2256, 3605, 4597, 5681, 6939, 8352, 9584, 10457, 11681, 12486, 13960, 14957, 16422, 17190]",0.24,67.0,00:05:37,337.94004304148257,0.018499017026575575
Bose WC,with_noise_10,log_7_1692952178,550,2,"[1798, 3904, 5534, 7070, 8366, 10362, 11876, 14634, 17120]","[1311, 2256, 3605, 4597, 5681, 6939, 8352, 9584, 10457, 11681, 12486, 13960, 14957, 16422, 17190]",0.5,108.66666666666667,00:06:47,407.7710498627275,0.02232160334260606
