Algorithm,Log Source,Log,Window Size,SW Step Size,Detected Changepoints,Actual Changepoints for Log,F1-Score,Average Lag,Duration,Duration (Seconds),Seconds per Case
Bose J,with_noise_10,log_22_1692952248,400,2,"[592, 1274, 2074, 3442, 4438, 5988, 7726, 8564, 9610]","[1244, 2280, 3281, 4625, 6029, 7290, 8171, 9596, 10320]",0.5555555555555556,86.6,00:20:40,1240.179468749091,0.10676476142812423
Bose WC,with_noise_10,log_22_1692952248,400,2,"[596, 1248, 2192, 3442, 4558, 6000, 7896, 8532, 10234]","[1244, 2280, 3281, 4625, 6029, 7290, 8171, 9596, 10320]",0.6666666666666666,72.5,00:23:52,1432.6540437433869,0.12333454233328055
