Algorithm,Log Source,Log,Window Size,SW Step Size,Detected Changepoints,Actual Changepoints for Log,F1-Score,Average Lag,Duration,Duration (Seconds),Seconds per Case
Bose J,without_noise,log_99_1692952644,250,2,"[1084, 1458, 2260, 2420, 2752, 3300, 4290, 4334, 4602, 5140, 5390, 6486]","[1091, 2218, 3016, 4029, 4956, 6397, 7026]",0.4210526315789474,80.5,00:01:33,93.64907993748784,0.011296632079310958
Bose WC,without_noise,log_99_1692952644,250,2,"[1062, 2214, 3300, 5148, 5448, 6492]","[1091, 2218, 3016, 4029, 4956, 6397, 7026]",0.6153846153846153,80.0,00:01:17,77.71929741464555,0.009375066033129742
