Algorithm,Log Source,Log,Window Size,SW Step Size,Detected Changepoints,Actual Changepoints for Log,F1-Score,Average Lag,Duration,Duration (Seconds),Seconds per Case
Bose J,without_noise,log_88_1692952587,400,2,"[2110, 3342, 3606, 4214]","[1366, 2110, 3182, 3771]",0.75,108.33333333333333,00:00:42,42.24234629608691,0.008053831514983205
Bose WC,without_noise,log_88_1692952587,400,2,"[2110, 3386, 4214]","[1366, 2110, 3182, 3771]",0.28571428571428575,0.0,00:00:33,33.954932706430554,0.006473771726678847
