Algorithm,Log Source,Log,Window Size,SW Step Size,Detected Changepoints,Actual Changepoints for Log,F1-Score,Average Lag,Duration,Duration (Seconds),Seconds per Case
Bose J,with_noise_10,log_83_1692952563,100,2,"[1080, 2346, 3666, 5006, 5398, 5758, 5876, 6304, 6892, 7016]","[1140, 2294, 3652, 5073, 6291, 6948]",0.7499999999999999,43.666666666666664,00:05:41,341.5899108108133,0.040933482421906926
Bose WC,with_noise_10,log_83_1692952563,100,2,[6304],"[1140, 2294, 3652, 5073, 6291, 6948]",0.2857142857142857,13.0,00:05:31,331.27312825620174,0.03969719931170782
