Algorithm,Log Source,Log,Window Size,SW Step Size,Detected Changepoints,Actual Changepoints for Log,F1-Score,Average Lag,Duration,Duration (Seconds),Seconds per Case
Bose J,without_noise,log_10_1692952190,100,2,"[2814, 4280, 5506]","[1029, 1562, 2818, 4306, 5516, 6341]",0.6666666666666666,13.333333333333334,00:06:45,405.97876751981676,0.05482495172448572
Bose WC,without_noise,log_10_1692952190,100,2,"[2814, 4294, 5506]","[1029, 1562, 2818, 4306, 5516, 6341]",0.6666666666666666,8.666666666666666,00:06:05,365.48088471777737,0.049355960123940223
