Algorithm,Log Source,Log,Window Size,SW Step Size,Detected Changepoints,Actual Changepoints for Log,F1-Score,Average Lag,Duration,Duration (Seconds),Seconds per Case
Bose J,without_noise,log_56_1692952426,150,2,"[1162, 1174, 2590, 2594, 2600, 3660, 3694, 5136, 5628, 6958, 8198, 9346]","[1162, 2602, 3692, 5083, 5750, 6960, 8196, 9356, 10281]",0.761904761904762,24.125,00:01:38,98.32534351758659,0.00865083085672942
Bose WC,without_noise,log_56_1692952426,150,2,"[1204, 2534, 3792, 5138, 8230, 9356]","[1162, 2602, 3692, 5083, 5750, 6960, 8196, 9356, 10281]",0.8,49.833333333333336,00:01:46,106.12579304352403,0.009337127665275736
