Algorithm,Log Source,Log,Window Size,SW Step Size,Detected Changepoints,Actual Changepoints for Log,F1-Score,Average Lag,Duration,Duration (Seconds),Seconds per Case
Bose J,without_noise,log_50_1692952409,250,2,"[1116, 1694, 2316, 3372, 4430, 4434, 4726, 6418, 7346, 7916]","[1116, 2317, 3370, 4443, 5099, 6419, 7919]",0.7058823529411764,2.6666666666666665,00:01:24,84.99224713630974,0.009415337004133127
Bose WC,without_noise,log_50_1692952409,250,2,"[1224, 1694, 2214, 3314, 4362, 6494, 7346, 7736]","[1116, 2317, 3370, 4443, 5099, 6419, 7919]",0.7999999999999999,101.0,00:01:30,90.61163781024516,0.010037846218039787
