Algorithm,Log Source,Log,Window Size,SW Step Size,Detected Changepoints,Actual Changepoints for Log,F1-Score,Average Lag,Duration,Duration (Seconds),Seconds per Case
Bose J,with_noise_5,log_52_1692952415,600,2,"[1428, 2552, 3142]","[1490, 2522, 3523]",0.6666666666666666,46.0,00:03:39,219.9880314283073,0.04669667404549083
Bose WC,with_noise_5,log_52_1692952415,600,2,"[1428, 2552, 3522]","[1490, 2522, 3523]",1.0,31.0,00:04:29,269.4705007839948,0.05720027611632239
