Algorithm,Log Source,Log,Window Size,SW Step Size,Detected Changepoints,Actual Changepoints for Log,F1-Score,Average Lag,Duration,Duration (Seconds),Seconds per Case
Bose J,with_noise_5,log_26_1692952272,500,2,"[1640, 2622, 3242, 4096, 5500, 6958, 8842, 9592, 10414, 12014]","[1263, 1769, 2996, 3623, 4914, 5584, 6650, 7268, 8328, 9041, 10411, 11880, 12742]",0.4347826086956522,109.8,00:24:32,1472.8309755027294,0.10525483995588719
Bose WC,with_noise_5,log_26_1692952272,500,2,"[1666, 2622, 3364, 5278, 6720, 8842, 10594, 12040]","[1263, 1769, 2996, 3623, 4914, 5584, 6650, 7268, 8328, 9041, 10411, 11880, 12742]",0.4761904761904762,143.0,00:27:59,1679.1018244046718,0.1199958425215945
