Algorithm,Log Source,Log,Window Size,SW Step Size,Detected Changepoints,Actual Changepoints for Log,F1-Score,Average Lag,Duration,Duration (Seconds),Seconds per Case
Bose J,with_noise_10,log_64_1692952462,300,2,"[1120, 2506, 3934]","[1238, 2404, 3563, 4310]",0.5714285714285715,110.0,00:01:34,94.72278926707804,0.016851590333940233
Bose WC,with_noise_10,log_64_1692952462,300,2,"[1228, 2506, 3934]","[1238, 2404, 3563, 4310]",0.5714285714285715,56.0,00:01:52,112.2310182005167,0.019966379327613717
