Algorithm,Log Source,Log,Window Size,SW Step Size,Detected Changepoints,Actual Changepoints for Log,F1-Score,Average Lag,Duration,Duration (Seconds),Seconds per Case
Bose J,with_noise_10,log_72_1692952515,500,2,"[1312, 2546, 3386, 4156, 5532, 7420, 9006, 10420]","[1301, 2400, 3024, 4162, 5434, 6322, 7584, 8880, 10111]",0.7058823529411765,91.83333333333333,00:03:08,188.76323288306594,0.016650192545035365
Bose WC,with_noise_10,log_72_1692952515,500,2,"[874, 1296, 4214, 5710, 7568, 8964, 10276]","[1301, 2400, 3024, 4162, 5434, 6322, 7584, 8880, 10111]",0.6250000000000001,64.4,00:03:49,229.60080785304308,0.020252342582080186
