Algorithm,Log Source,Log,Window Size,SW Step Size,Detected Changepoints,Actual Changepoints for Log,F1-Score,Average Lag,Duration,Duration (Seconds),Seconds per Case
Bose J,with_noise_5,log_59_1692952438,100,2,[2680],"[1470, 2681]",0.6666666666666666,1.0,00:03:18,198.4651402682066,0.049628692240111676
Bose WC,with_noise_5,log_59_1692952438,100,2,"[1486, 2680]","[1470, 2681]",1.0,8.5,00:03:03,183.9961490444839,0.046010539896095
