Algorithm,Log Source,Log,Window Size,SW Step Size,Detected Changepoints,Actual Changepoints for Log,F1-Score,Average Lag,Duration,Duration (Seconds),Seconds per Case
Bose J,without_noise,log_25_1692952268,100,2,"[7866, 10042]","[1268, 1983, 3460, 4362, 5712, 6676, 7809, 8764, 10077, 10808]",0.33333333333333337,46.0,00:02:54,174.77712745405734,0.01452240361064041
Bose WC,without_noise,log_25_1692952268,100,2,[],"[1268, 1983, 3460, 4362, 5712, 6676, 7809, 8764, 10077, 10808]",,,00:02:49,169.99312880076468,0.014124896452078494
