Algorithm,Log Source,Log,Window Size,SW Step Size,Detected Changepoints,Actual Changepoints for Log,F1-Score,Average Lag,Duration,Duration (Seconds),Seconds per Case
Bose J,with_noise_10,log_38_1692952364,350,2,"[1592, 2998, 4034, 4382, 5620, 5972, 6640, 8628]","[1028, 1851, 3000, 4010, 4915, 6335, 7206, 8449, 9115]",0.35294117647058826,68.33333333333333,00:04:21,261.4056412335485,0.025298136188284963
Bose WC,with_noise_10,log_38_1692952364,350,2,"[1638, 3000, 4022, 6640, 8522]","[1028, 1851, 3000, 4010, 4915, 6335, 7206, 8449, 9115]",0.42857142857142855,28.333333333333332,00:04:55,295.9425473809242,0.028640525247355483
