Algorithm,Log Source,Log,Window Size,SW Step Size,Detected Changepoints,Actual Changepoints for Log,F1-Score,Average Lag,Duration,Duration (Seconds),Seconds per Case
Bose J,with_noise_10,log_21_1692952246,450,2,"[1674, 3678, 5536]","[1096, 1828, 3150, 4136, 5287, 5888]",0.2222222222222222,154.0,00:01:20,80.5402539074421,0.011632041292236004
Bose WC,with_noise_10,log_21_1692952246,450,2,"[1440, 3270, 5628]","[1096, 1828, 3150, 4136, 5287, 5888]",0.2222222222222222,120.0,00:01:38,98.42242108657956,0.014214676644508891
