Algorithm,Log Source,Log,Window Size,SW Step Size,Detected Changepoints,Actual Changepoints for Log,F1-Score,Average Lag,Duration,Duration (Seconds),Seconds per Case
Bose J,with_noise_5,log_40_1692952371,200,2,"[1640, 3304, 4548, 4900]","[1129, 1871, 3306, 4382, 5293]",0.4444444444444445,84.0,00:03:18,198.48817952163517,0.031208833258118737
Bose WC,with_noise_5,log_40_1692952371,200,2,"[3324, 4544, 5058]","[1129, 1871, 3306, 4382, 5293]",0.5,90.0,00:03:34,214.46172709204257,0.03372039734151613
