Algorithm,Log Source,Log,Window Size,SW Step Size,Detected Changepoints,Actual Changepoints for Log,F1-Score,Average Lag,Duration,Duration (Seconds),Seconds per Case
Bose J,without_noise,log_29_1692952298,300,2,"[2030, 2864, 4440, 6400, 7812, 9300, 10562, 11166, 11986, 13344]","[1213, 1756, 2868, 4306, 5136, 6404, 7812, 9139, 10570, 11620, 12291, 13397]",0.6363636363636365,52.0,00:12:44,764.7183475028723,0.05283758360415065
Bose WC,without_noise,log_29_1692952298,300,2,"[6484, 10566]","[1213, 1756, 2868, 4306, 5136, 6404, 7812, 9139, 10570, 11620, 12291, 13397]",0.2857142857142857,42.0,00:12:19,739.2430014628917,0.051077385577481635
