Algorithm,Log Source,Log,Window Size,SW Step Size,Detected Changepoints,Actual Changepoints for Log,F1-Score,Average Lag,Duration,Duration (Seconds),Seconds per Case
Bose J,with_noise_5,log_85_1692952576,600,2,"[1950, 3518, 4994, 6098, 8368]","[1459, 1990, 3383, 4503, 5074, 6148, 6878, 8310]",0.7692307692307693,72.6,00:03:16,196.81246095709503,0.020105471545315664
Bose WC,with_noise_5,log_85_1692952576,600,2,"[3378, 4530, 6466, 8364]","[1459, 1990, 3383, 4503, 5074, 6148, 6878, 8310]",0.5,28.666666666666668,00:03:52,232.1685846745968,0.02371729335729868
