Algorithm,Log Source,Log,Window Size,SW Step Size,Detected Changepoints,Actual Changepoints for Log,F1-Score,Average Lag,Duration,Duration (Seconds),Seconds per Case
Bose J,without_noise,log_14_1692952206,300,2,"[728, 1404, 1978, 3332, 3516, 5108, 6436, 7612, 8908]","[1181, 2047, 3186, 3975, 5113, 6441, 7617, 8917]",0.7058823529411765,39.833333333333336,00:02:15,135.31938676908612,0.013050379667189325
Bose WC,without_noise,log_14_1692952206,300,2,"[6358, 7630, 8868]","[1181, 2047, 3186, 3975, 5113, 6441, 7617, 8917]",0.5454545454545454,48.333333333333336,00:02:10,130.2139048613608,0.012558000275953399
