Algorithm,Log Source,Log,Window Size,SW Step Size,Detected Changepoints,Actual Changepoints for Log,F1-Score,Average Lag,Duration,Duration (Seconds),Seconds per Case
Bose J,with_noise_10,log_75_1692952522,200,2,[1568],"[1388, 2031]",0.6666666666666666,180.0,00:02:52,172.00695091113448,0.049215150475288835
Bose WC,with_noise_10,log_75_1692952522,200,2,[1568],"[1388, 2031]",0.6666666666666666,180.0,00:03:02,182.5126772299409,0.052221080752486666
