Algorithm,Log Source,Log,Window Size,SW Step Size,Detected Changepoints,Actual Changepoints for Log,F1-Score,Average Lag,Duration,Duration (Seconds),Seconds per Case
Bose J,without_noise,log_91_1692952607,450,2,"[1804, 3692, 5234]","[1460, 2204, 3325, 3998, 5233]",0.25,1.0,00:01:18,78.83721351064742,0.012589781780684673
Bose WC,without_noise,log_91_1692952607,450,2,"[1500, 3346, 4988, 4992]","[1460, 2204, 3325, 3998, 5233]",0.4444444444444445,30.5,00:01:06,66.92823958583176,0.010687997378765851
