Algorithm,Log Source,Log,Window Size,SW Step Size,Detected Changepoints,Actual Changepoints for Log,F1-Score,Average Lag,Duration,Duration (Seconds),Seconds per Case
Bose J,without_noise,log_58_1692952437,550,2,"[1296, 1720, 2218, 2698]","[1394, 2035]",0.6666666666666666,140.5,00:00:34,34.561363043263555,0.009869035706243163
Bose WC,without_noise,log_58_1692952437,550,2,"[1720, 2698]","[1394, 2035]",,,00:00:34,34.4883018322289,0.009848172996067647
