Algorithm,Log Source,Log,Window Size,SW Step Size,Detected Changepoints,Actual Changepoints for Log,F1-Score,Average Lag,Duration,Duration (Seconds),Seconds per Case
Bose J,without_noise,log_58_1692952437,500,2,"[638, 642, 1720, 2222, 2698]","[1394, 2035]",0.28571428571428575,187.0,00:00:30,30.26339413970709,0.008641745899402366
Bose WC,without_noise,log_58_1692952437,500,2,[1720],"[1394, 2035]",,,00:00:29,29.49220610782504,0.008421532298065403
