Algorithm,Log Source,Log,Window Size,SW Step Size,Detected Changepoints,Actual Changepoints for Log,F1-Score,Average Lag,Duration,Duration (Seconds),Seconds per Case
Bose J,without_noise,log_42_1692952376,550,2,"[1992, 3804, 5228, 6806, 7868, 8360, 10108, 12262]","[1465, 2388, 3805, 4827, 5718, 6808, 7871, 8414, 9656, 10599, 11897, 12538]",0.4,15.0,00:02:58,178.18345867283642,0.012804215196380886
Bose WC,without_noise,log_42_1692952376,550,2,"[1608, 3752, 5394, 6988, 7874, 9620, 12488]","[1465, 2388, 3805, 4827, 5718, 6808, 7871, 8414, 9656, 10599, 11897, 12538]",0.631578947368421,77.5,00:02:53,173.6395357195288,0.012477690120690485
