Algorithm,Log Source,Log,Window Size,SW Step Size,Detected Changepoints,Actual Changepoints for Log,F1-Score,Average Lag,Duration,Duration (Seconds),Seconds per Case
Bose J,with_noise_10,log_80_1692952554,600,2,"[2930, 3918]","[1043, 2139, 2799, 3922, 4435]",0.5714285714285715,67.5,00:02:09,129.9165128581226,0.023677148324789975
Bose WC,with_noise_10,log_80_1692952554,600,2,"[2716, 4258]","[1043, 2139, 2799, 3922, 4435]",0.5714285714285715,130.0,00:02:36,156.67435861937702,0.028553737674389835
