Algorithm,Log Source,Log,Window Size,SW Step Size,Detected Changepoints,Actual Changepoints for Log,F1-Score,Average Lag,Duration,Duration (Seconds),Seconds per Case
Bose J,without_noise,log_90_1692952603,350,2,"[1276, 2904, 4236, 6422, 7990]","[1042, 1748, 2855, 4089, 4623, 5847, 6623, 7991]",0.4615384615384615,65.66666666666667,00:02:22,142.36412682011724,0.015526679770980175
Bose WC,without_noise,log_90_1692952603,350,2,"[1278, 2834, 4488, 5816, 7894]","[1042, 1748, 2855, 4089, 4623, 5847, 6623, 7991]",0.6153846153846154,71.0,00:02:04,124.55027341283858,0.013583844848166493
