Algorithm,Log Source,Log,Window Size,SW Step Size,Detected Changepoints,Actual Changepoints for Log,F1-Score,Average Lag,Duration,Duration (Seconds),Seconds per Case
Bose J,with_noise_5,log_73_1692952519,200,2,[1264],"[1205, 1799, 2891, 3554, 4661, 5644]",0.2857142857142857,59.0,00:00:53,53.01869260519743,0.007708446147891455
Bose WC,with_noise_5,log_73_1692952519,200,2,[1258],"[1205, 1799, 2891, 3554, 4661, 5644]",0.2857142857142857,53.0,00:01:01,61.98510714061558,0.009012083038763533
