Algorithm,Log Source,Log,Window Size,SW Step Size,Detected Changepoints,Actual Changepoints for Log,F1-Score,Average Lag,Duration,Duration (Seconds),Seconds per Case
Bose J,without_noise,log_56_1692952426,250,2,"[1158, 2596, 2668, 3674, 5198, 6490, 6958, 8204, 9348, 9746]","[1162, 2602, 3692, 5083, 5750, 6960, 8196, 9356, 10281]",0.7368421052631577,23.0,00:01:44,104.52818229980767,0.00919656715641454
Bose WC,without_noise,log_56_1692952426,250,2,"[980, 2610, 3604, 5078, 6490, 6988, 8226, 9382]","[1162, 2602, 3692, 5083, 5750, 6960, 8196, 9356, 10281]",0.823529411764706,52.42857142857143,00:01:47,107.0351824592799,0.009417137291859924
