Algorithm,Log Source,Log,P-Value,Min Adaptive Window,Max Adaptive Window,ADWIN Step Size,Detected Changepoints,Actual Changepoints for Log,F1-Score,Average Lag,Duration,Duration (Seconds),Seconds per Case
Martjushev ADWIN J,without_noise,log_7_1692952178,0.4,100,500,10,"[6940, 8349, 11682, 11834, 12023, 12261, 12425, 14103, 14255, 14488, 14689, 14890, 16441, 16702, 16863, 17057]","[1311, 2256, 3605, 4597, 5681, 6939, 8352, 9584, 10457, 11681, 12486, 13960, 14957, 16422, 17190]",0.5161290322580646,53.5,00:00:39,39.65569930896163,0.0021707739932648146
