Algorithm,Log Source,Log,P-Value,Min Adaptive Window,Max Adaptive Window,ADWIN Step Size,Detected Changepoints,Actual Changepoints for Log,F1-Score,Average Lag,Duration,Duration (Seconds),Seconds per Case
Martjushev ADWIN J,with_noise_5,log_23_1692952259,0.4,300,500,20,"[1484, 3882, 5666, 6342, 7505, 8709, 9225, 11008, 11242, 12810, 13189]","[1464, 2335, 3773, 4539, 5637, 6477, 7514, 8662, 9652, 10998, 11610, 12811]",0.6956521739130435,45.0,00:00:17,17.490474171936512,0.0012646763681805142
