Algorithm,Log Source,Log,P-Value,Min Adaptive Window,Max Adaptive Window,ADWIN Step Size,Detected Changepoints,Actual Changepoints for Log,F1-Score,Average Lag,Duration,Duration (Seconds),Seconds per Case
Martjushev ADWIN J,with_noise_5,log_42_1692952376,0.4,200,400,10,"[1479, 1960, 2361, 3803, 4823, 5224, 5525, 6807, 7869, 8195, 9709, 10110, 10411, 11992, 12353]","[1465, 2388, 3805, 4827, 5718, 6808, 7871, 8414, 9656, 10599, 11897, 12538]",0.8148148148148148,69.45454545454545,00:00:21,21.673069067299366,0.0015574208872735963
