Algorithm,Log Source,Log,P-Value,Min Adaptive Window,Max Adaptive Window,ADWIN Step Size,Detected Changepoints,Actual Changepoints for Log,F1-Score,Average Lag,Duration,Duration (Seconds),Seconds per Case
Martjushev ADWIN J,with_noise_5,log_98_1692952636,0.4,100,500,20,"[1264, 1720, 3552, 4552, 5183, 6516, 6825, 7346, 8759, 9048, 9439]","[1161, 2070, 3547, 4627, 5403, 6514, 7405, 8737, 9638]",0.7000000000000001,66.42857142857143,00:00:30,30.604726746678352,0.002759419957323808
