Algorithm,Log Source,Log,P-Value,Min Adaptive Window,Max Adaptive Window,ADWIN Step Size,Detected Changepoints,Actual Changepoints for Log,F1-Score,Average Lag,Duration,Duration (Seconds),Seconds per Case
Martjushev ADWIN J,without_noise,log_36_1692952355,0.4,200,700,50,"[1333, 2557, 3826, 4202, 5759, 6054, 7555, 8356, 10269, 11731, 12840, 13560, 14411, 14812]","[1333, 2559, 3693, 4416, 5763, 6390, 7822, 8817, 10269, 11730, 12843, 13947, 14938]",0.5925925925925927,33.625,00:00:27,27.56471449881792,0.0017257067863781332
