Algorithm,Log Source,Log,P-Value,Min Adaptive Window,Max Adaptive Window,ADWIN Step Size,Detected Changepoints,Actual Changepoints for Log,F1-Score,Average Lag,Duration,Duration (Seconds),Seconds per Case
Martjushev ADWIN J,with_noise_5,log_42_1692952376,0.4,400,400,20,"[1479, 2160, 3803, 4842, 5443, 6806, 7871, 8426, 9727, 10328, 11992, 12350]","[1465, 2388, 3805, 4827, 5718, 6808, 7871, 8414, 9656, 10599, 11897, 12538]",0.75,44.333333333333336,00:00:16,16.946241702884436,0.0012177523500204394
