Algorithm,Log Source,Log,Window Size,SW Step Size,Detected Changepoints,Actual Changepoints for Log,F1-Score,Average Lag,Duration,Duration (Seconds),Seconds per Case
Earth Mover's Distance,with_noise_5,log_50_1692952409,250,2,"[1116, 1694, 1922, 2316, 3368, 3876, 4442, 6414, 6862, 7346, 7918]","[1116, 2317, 3370, 4443, 5099, 6419, 7919]",0.6666666666666665,1.6666666666666667,00:01:38,98.2048125024885,0.010879008807188268
