Algorithm,Log Source,Log,Window Size,SW Step Size,Detected Changepoints,Actual Changepoints for Log,F1-Score,Average Lag,Duration,Duration (Seconds),Seconds per Case
Earth Mover's Distance,with_noise_10,log_61_1692952452,550,2,"[1922, 3642, 4848, 6298, 7766, 9572, 11400, 13592, 15446]","[1461, 2278, 3644, 4850, 6300, 7761, 9161, 9996, 11400, 11926, 13119, 13979, 15446]",0.5454545454545455,1.8333333333333333,00:02:12,132.97309665195644,0.008024446119845298
