Algorithm,Log Source,Log,Window Size,SW Step Size,Detected Changepoints,Actual Changepoints for Log,F1-Score,Average Lag,Duration,Duration (Seconds),Seconds per Case
Earth Mover's Distance,with_noise_5,log_92_1692952610,450,2,"[586, 1460, 2344, 3292, 4270, 5090, 6508, 7152, 8014, 8958]","[1496, 2990, 3497, 4700, 5462, 6515, 7455, 8576, 9153]",0.3157894736842105,79.33333333333333,00:01:10,70.44117741286755,0.006678154855220662
