Algorithm,Log Source,Log,Window Size,SW Step Size,Detected Changepoints,Actual Changepoints for Log,F1-Score,Average Lag,Duration,Duration (Seconds),Seconds per Case
Earth Mover's Distance,with_noise_10,log_76_1692952523,350,2,"[888, 1238, 1558, 1972, 2362, 3120, 3878, 4248, 4870, 5788, 6848, 7320, 7814]","[1179, 1765, 3121, 4586, 5250, 6506, 7495]",0.3,78.33333333333333,00:05:27,327.4059123508632,0.03728147487484209
