Algorithm,Log Source,Log,Window Size,SW Step Size,Detected Changepoints,Actual Changepoints for Log,F1-Score,Average Lag,Duration,Duration (Seconds),Seconds per Case
Earth Mover's Distance,with_noise_10,log_89_1692952588,200,2,"[1880, 3368, 4756, 6024, 9538, 10556, 10720, 10994, 12512, 12862, 13756, 14588, 15104, 15708]","[1231, 2194, 3370, 4789, 6034, 6961, 8392, 8969, 10160, 11100, 12512, 13171, 14519, 15691]",0.5,33.857142857142854,00:10:24,624.8921003434807,0.03713848213143235
