Algorithm,Log Source,Log,Window Size,SW Step Size,Detected Changepoints,Actual Changepoints for Log,F1-Score,Average Lag,Duration,Duration (Seconds),Seconds per Case
Earth Mover's Distance,with_noise_10,log_89_1692952588,500,2,"[1880, 3384, 4778, 6032, 8614, 9112, 9492, 10006, 10374, 10704, 11588, 12510, 13264, 13794, 14554, 15104, 15700]","[1231, 2194, 3370, 4789, 6034, 6961, 8392, 8969, 10160, 11100, 12512, 13171, 14519, 15691]",0.5806451612903226,51.44444444444444,00:33:02,1982.2967377752066,0.11781152607721422
