Algorithm,Log Source,Log,Window Size,SW Step Size,Detected Changepoints,Actual Changepoints for Log,F1-Score,Average Lag,Duration,Duration (Seconds),Seconds per Case
Earth Mover's Distance,with_noise_5,log_76_1692952523,400,2,"[838, 1214, 1614, 1972, 2364, 3122, 3870, 4322, 4876, 5788, 6426, 6920, 7322, 7772]","[1179, 1765, 3121, 4586, 5250, 6506, 7495]",0.4761904761904762,88.0,00:05:26,326.5670188218355,0.037185950674315134
