Algorithm,Log Source,Log,Window Size,SW Step Size,Detected Changepoints,Actual Changepoints for Log,F1-Score,Average Lag,Duration,Duration (Seconds),Seconds per Case
Earth Mover's Distance,with_noise_5,log_35_1692952322,150,2,"[530, 928, 1372, 3420, 3588, 4138, 4826, 5466, 5974, 6332, 7132, 8766, 9574, 12322, 13116, 13264]","[1452, 2862, 3554, 4954, 6341, 7205, 8282, 8926, 10355, 11253, 12328, 13284]",0.5714285714285715,63.75,01:25:06,5106.4419521950185,0.3513687437002008
