Algorithm,Log Source,Log,Window Size,SW Step Size,Detected Changepoints,Actual Changepoints for Log,F1-Score,Average Lag,Duration,Duration (Seconds),Seconds per Case
Earth Mover's Distance,without_noise,log_76_1692952523,450,2,"[898, 1234, 1686, 1920, 2392, 3122, 3868, 4332, 4852, 5340, 5788, 6848, 7322, 7772]","[1179, 1765, 3121, 4586, 5250, 6506, 7495]",0.4761904761904762,79.6,00:05:15,315.2142567690462,0.03589321985527741
