Algorithm,Log Source,Log,Window Size,SW Step Size,Detected Changepoints,Actual Changepoints for Log,F1-Score,Average Lag,Duration,Duration (Seconds),Seconds per Case
Earth Mover's Distance,with_noise_10,log_56_1692952426,300,2,"[468, 1162, 1702, 2598, 3692, 4100, 4620, 5082, 6396, 6958, 8196, 8572, 9356]","[1162, 2602, 3692, 5083, 5750, 6960, 8196, 9356, 10281]",0.6363636363636364,1.0,00:02:39,159.37304996699095,0.014021911839432601
