Algorithm,Log Source,Log,Window Size,SW Step Size,Detected Changepoints,Actual Changepoints for Log,F1-Score,Average Lag,Duration,Duration (Seconds),Seconds per Case
Earth Mover's Distance,with_noise_5,log_50_1692952409,450,2,"[1116, 2318, 3370, 4438, 5760, 6418, 7276, 7918]","[1116, 2317, 3370, 4443, 5099, 6419, 7919]",0.7999999999999999,1.3333333333333333,00:03:13,193.7833047620952,0.021467077075672452
