Algorithm,Log Source,Log,Window Size,SW Step Size,Detected Changepoints,Actual Changepoints for Log,F1-Score,Average Lag,Duration,Duration (Seconds),Seconds per Case
Earth Mover's Distance,without_noise,log_56_1692952426,200,2,"[1168, 1486, 2608, 2612, 3690, 4382, 5082, 6986, 8196, 9354, 10238]","[1162, 2602, 3692, 5083, 5750, 6960, 8196, 9356, 10281]",0.7999999999999999,10.75,00:00:07,7.839643158018589,0.0006897451309184048
