Algorithm,Log Source,Log,Complete-Window Size,Detection-Window Size,Stable Period,Detected Changepoints,Actual Changepoints for Log,F1-Score,Average Lag,Duration,Duration (Seconds),Seconds per Case
LCDD,with_noise_5,log_23_1692952259,800,800,20,"[831, 2285, 3085, 3901, 4711, 5598, 6400, 7255, 8301]","[1464, 2335, 3773, 4539, 5637, 6477, 7514, 8662, 9652, 10998, 11610, 12811]",0.4761904761904762,93.2,00:00:00,0.2051707971841097,1.4835198639487323e-05
