Algorithm,Log Source,Log,Complete-Window Size,Detection-Window Size,Stable Period,Detected Changepoints,Actual Changepoints for Log,F1-Score,Average Lag,Duration,Duration (Seconds),Seconds per Case
LCDD,without_noise,log_67_1692952494,200,200,20,"[320, 573, 814, 1154, 1354, 1565, 1911, 2159, 2477, 2702, 2951, 3153, 3431, 3698, 3898, 4189, 4439, 4639, 4840, 5070, 5273, 5560, 5760, 5975, 6289, 6598, 6798, 7019, 7230, 7433, 7681, 7895, 8194, 8499, 8707, 8937, 9139, 9498, 9698, 9970, 10199]","[1312, 2743, 3889, 5271, 5852, 7181, 7712, 9147]",0.326530612244898,34.25,00:00:00,0.24071068316698074,2.2846496124428697e-05
