Algorithm,Log Source,Log,Complete-Window Size,Detection-Window Size,Stable Period,Detected Changepoints,Actual Changepoints for Log,F1-Score,Average Lag,Duration,Duration (Seconds),Seconds per Case
LCDD,without_noise,log_56_1692952426,100,100,20,"[126, 2601, 2782, 5082, 5182, 5344, 5444, 5612, 5803, 5920, 6020, 6175, 6296, 6396, 6530, 6669, 6841, 6989, 9355, 9503, 9603, 9718, 9971, 10071, 10190, 10290]","[1162, 2602, 3692, 5083, 5750, 6960, 8196, 9356, 10281]",0.3428571428571429,15.666666666666666,00:00:00,0.41888196766376495,3.6853947533324387e-05
