Algorithm,Log Source,Log,Complete-Window Size,Detection-Window Size,Stable Period,Detected Changepoints,Actual Changepoints for Log,F1-Score,Average Lag,Duration,Duration (Seconds),Seconds per Case
LCDD,with_noise_10,log_71_1687182031,200,200,10,"[209, 414, 617, 837, 1092, 1296, 1497, 1698, 1902, 2109, 2310, 2511, 2717, 2917, 3121, 3324, 3524, 3727, 3949, 4173, 4388]","[940, 1158, 1961, 2167, 3303, 3626]",0.4444444444444445,68.0,00:00:00,0.11606913432478905,2.5730244807091343e-05
