Algorithm,Log Source,Log,Complete-Window Size,Detection-Window Size,Stable Period,Detected Changepoints,Actual Changepoints for Log,F1-Score,Average Lag,Duration,Duration (Seconds),Seconds per Case
LCDD,with_noise_10,log_7_1692952178,100,100,10,"[120, 228, 328, 442, 545, 646, 786, 894, 1011, 1129, 1243, 1363, 1465, 1570, 1671, 1780, 1888, 2015, 2147, 2254, 2366, 2468, 2574, 2695, 2825, 2929, 3042, 3148, 3286, 3394, 3542, 3684, 3790, 3890, 4000, 4118, 4238, 4360, 4470, 4585, 4699, 4808, 4913, 5045, 5163, 5264, 5370, 5525, 5637, 5740, 5842, 5960, 6064, 6172, 6280, 6405, 6526, 6628, 6734, 6864, 6964, 7064, 7202, 7306, 7417, 7521, 7625, 7730, 7846, 7987, 8097, 8237, 8429, 8546, 8648, 8754, 8862, 8975, 9111, 9217, 9345, 9484, 9585, 9689, 9819, 9925, 10040, 10166, 10295, 10395, 10504, 10655, 10756, 10857, 10960, 11095, 11207, 11327, 11441, 11612, 11749, 11903, 12007, 12132, 12232, 12335, 12435, 12593, 12785, 12919, 13067, 13196, 13300, 13412, 13517, 13627, 13737, 13853, 13959, 14061, 14161, 14293, 14418, 14520, 14632, 14732, 14845, 14979, 15141, 15281, 15435, 15566, 15666, 15810, 15984, 16090, 16223, 16334, 16444, 16552, 16657, 16757, 16888, 17024, 17141, 17271, 17382, 17483, 17663, 17806, 17930, 18040, 18140, 18250]","[1311, 2256, 3605, 4597, 5681, 6939, 8352, 9584, 10457, 11681, 12486, 13960, 14957, 16422, 17190]",0.1775147928994083,35.733333333333334,00:00:00,0.1125447265803814,6.160757969147218e-06
