Algorithm,Log Source,Log,Complete-Window Size,Detection-Window Size,Stable Period,Detected Changepoints,Actual Changepoints for Log,F1-Score,Average Lag,Duration,Duration (Seconds),Seconds per Case
LCDD,with_noise_5,log_33_1692952312,300,300,150,"[304, 642, 944, 1247, 1583, 1887, 2189, 2493, 2793, 3096, 3408, 3712, 4015, 4317, 4637, 4941, 5246, 5549, 5854, 6155, 6464, 6784, 7088, 7393, 7711, 8027]","[1422, 2484, 3325, 4734, 5708, 6899]",0.375,101.83333333333333,00:00:00,0.18418733961880207,2.224216152865621e-05
