Algorithm,Log Source,Log,Complete-Window Size,Detection-Window Size,Stable Period,Detected Changepoints,Actual Changepoints for Log,F1-Score,Average Lag,Duration,Duration (Seconds),Seconds per Case
LCDD,with_noise_5,log_36_1692952355,300,300,10,"[394, 706, 1006, 1317, 1627, 1934, 2242, 2647, 3027, 3539, 3856, 4165, 4538, 4885, 5278, 5650, 5965, 6461, 6791, 7099, 7399, 7704, 8025, 8371, 8789, 9102, 9405, 9916, 10219, 10524, 10878, 11238, 11549, 11976, 12395, 12731, 13075, 13461, 13794, 14255, 14562, 14936, 15287, 15633, 15938]","[1333, 2559, 3693, 4416, 5763, 6390, 7822, 8817, 10269, 11730, 12843, 13947, 14938]",0.4482758620689655,92.92307692307692,00:00:00,0.24020151607692242,1.5037971331429438e-05
