Algorithm,Log Source,Log,Complete-Window Size,Detection-Window Size,Stable Period,Detected Changepoints,Actual Changepoints for Log,F1-Score,Average Lag,Duration,Duration (Seconds),Seconds per Case
LCDD,without_noise,log_18_1692952223,200,200,5,"[315, 891, 1105, 1331, 1547, 2150, 2350, 2609, 2948, 3298, 3513, 4583, 4783, 5009, 5364, 5727, 6124, 7035, 7332, 7593, 7941, 8220, 8555, 8761, 9008, 9762, 9995, 10195, 10399, 10735, 11027, 11315]","[1389, 2280, 3635, 4421, 5728, 7035, 7597, 8723, 9996]",0.43902439024390244,50.666666666666664,00:00:00,0.2265764120966196,1.9714296710747377e-05
