Algorithm,Log Source,Log,Complete-Window Size,Detection-Window Size,Stable Period,Detected Changepoints,Actual Changepoints for Log,F1-Score,Average Lag,Duration,Duration (Seconds),Seconds per Case
LCDD,with_noise_5,log_89_1692952588,600,600,10,"[605, 1224, 1832, 2433, 3034, 3642, 4267, 4882, 5497, 6121, 6793, 7439, 8109, 8736, 9363, 9991, 10640, 11262, 11901, 12502, 13129, 13748, 14371, 14975, 15613, 16213, 16813]","[1231, 2194, 3370, 4789, 6034, 6961, 8392, 8969, 10160, 11100, 12512, 13171, 14519, 15691]",0.4878048780487805,96.4,00:00:00,0.3416468873620033,2.0304700306787313e-05
