Algorithm,Log Source,Log,Complete-Window Size,Detection-Window Size,Stable Period,Detected Changepoints,Actual Changepoints for Log,F1-Score,Average Lag,Duration,Duration (Seconds),Seconds per Case
LCDD,with_noise_5,log_23_1692952259,100,100,150,"[154, 254, 360, 488, 611, 733, 921, 1104, 1255, 1357, 1463, 1571, 1672, 1791, 1944, 2048, 2179, 2285, 2387, 2528, 2641, 2754, 2861, 2978, 3096, 3197, 3311, 3412, 3553, 3657, 3772, 3901, 4041, 4146, 4264, 4393, 4495, 4604, 4711, 4813, 4916, 5051, 5180, 5318, 5468, 5584, 5687, 5791, 5906, 6034, 6200, 6315, 6440, 6564, 6669, 6827, 6930, 7031, 7195, 7301, 7445, 7577, 7697, 7875, 7976, 8090, 8213, 8313, 8448, 8575, 8723, 8826, 8931, 9036, 9159, 9264, 9365, 9475, 9660, 9760, 9901, 10022, 10123, 10224, 10343, 10466, 10606, 10715, 10820, 10940, 11061, 11173, 11283, 11391, 11495, 11609, 11721, 11821, 12015, 12117, 12243, 12348, 12450, 12550, 12691, 12791, 12918, 13055, 13185, 13295, 13427, 13575, 13699, 13822]","[1464, 2335, 3773, 4539, 5637, 6477, 7514, 8662, 9652, 10998, 11610, 12811]",0.1904761904761905,32.833333333333336,00:00:00,0.08183909580111504,5.917505119386481e-06
