Algorithm,Log Source,Log,Complete-Window Size,Detection-Window Size,Stable Period,Detected Changepoints,Actual Changepoints for Log,F1-Score,Average Lag,Duration,Duration (Seconds),Seconds per Case
LCDD,with_noise_10,log_73_1692952519,100,100,150,"[102, 263, 367, 469, 571, 725, 849, 962, 1152, 1283, 1388, 1496, 1617, 1717, 1879, 2009, 2204, 2306, 2460, 2608, 2776, 2893, 3006, 3118, 3271, 3373, 3478, 3596, 3707, 3816, 3918, 4057, 4181, 4281, 4407, 4517, 4647, 4786, 4895, 4999, 5164, 5265, 5386, 5486, 5666, 5801, 5922, 6027, 6161, 6383, 6486, 6612, 6712, 6838]","[1205, 1799, 2891, 3554, 4661, 5644]",0.19999999999999998,35.5,00:00:00,0.10066658444702625,1.4636025653827604e-05
