Algorithm,Log Source,Log,Complete-Window Size,Detection-Window Size,Stable Period,Detected Changepoints,Actual Changepoints for Log,F1-Score,Average Lag,Duration,Duration (Seconds),Seconds per Case
LCDD,with_noise_5,log_49_1692952403,300,300,10,"[322, 661, 996, 1326, 1627, 2113, 2480, 2807, 3117, 3459, 3821, 4353, 4657, 4985, 5290, 5631, 6033, 6363, 6793, 7135, 7471, 7786, 8099, 8399, 8878, 9262, 9591, 9893, 10193, 10494, 10861, 11198, 11529, 11832, 12226]","[1207, 2115, 3260, 3826, 4852, 5704, 6865, 8311, 8890, 10017, 10880]",0.4782608695652174,71.81818181818181,00:00:00,0.08838088437914848,7.183685635954522e-06
