Algorithm,Log Source,Log,Complete-Window Size,Detection-Window Size,Stable Period,Detected Changepoints,Actual Changepoints for Log,F1-Score,Average Lag,Duration,Duration (Seconds),Seconds per Case
LCDD,with_noise_5,log_20_1692952238,400,400,200,"[409, 843, 1273, 1679, 2079, 2515, 2982, 3405, 3816, 4236, 4688, 5088, 5521, 6013, 6429, 6842, 7281, 7696, 8115, 8563, 8964, 9383, 9793, 10206, 10634, 11041, 11469, 11874, 12296, 12710, 13150, 13569, 14007, 14475, 14879]","[1357, 2105, 3482, 4422, 5484, 6787, 8017, 9381, 10872, 11904, 12802, 13833]",0.5106382978723404,85.83333333333333,00:00:00,0.24477477744221687,1.6267347474062397e-05
