Algorithm,Log Source,Log,Complete-Window Size,Detection-Window Size,Stable Period,Detected Changepoints,Actual Changepoints for Log,F1-Score,Average Lag,Duration,Duration (Seconds),Seconds per Case
LCDD,with_noise_5,log_22_1692952248,100,100,200,"[105, 207, 308, 428, 528, 633, 734, 840, 946, 1066, 1174, 1274, 1374, 1484, 1588, 1690, 1799, 1900, 2000, 2120, 2224, 2333, 2433, 2537, 2639, 2739, 2843, 2961, 3065, 3179, 3280, 3380, 3484, 3587, 3694, 3800, 3911, 4023, 4141, 4247, 4351, 4460, 4565, 4665, 4775, 4875, 4978, 5081, 5183, 5283, 5391, 5500, 5613, 5717, 5829, 5936, 6042, 6144, 6254, 6358, 6458, 6568, 6674, 6780, 6901, 7012, 7117, 7217, 7317, 7420, 7533, 7647, 7749, 7859, 7969, 8077, 8188, 8297, 8417, 8536, 8638, 8746, 8847, 8950, 9052, 9173, 9299, 9399, 9499, 9599, 9710, 9819, 9925, 10043, 10149, 10250, 10353, 10458, 10558, 10661, 10765, 10867, 10968, 11069, 11187, 11291, 11393, 11501]","[1244, 2280, 3281, 4625, 6029, 7290, 8171, 9596, 10320]",0.15384615384615385,24.11111111111111,00:00:00,0.3777927402406931,3.2523479703916414e-05
