Algorithm,Log Source,Log,Complete-Window Size,Detection-Window Size,Stable Period,Detected Changepoints,Actual Changepoints for Log,F1-Score,Average Lag,Duration,Duration (Seconds),Seconds per Case
LCDD,with_noise_10,log_7_1687181925,100,100,150,"[153, 261, 370, 477, 578, 689, 798, 905, 1009, 1122, 1223, 1332, 1444, 1563, 1676, 1777, 1877, 1984, 2084, 2191, 2295, 2397, 2525, 2636, 2749, 2852, 2966, 3068, 3168, 3277, 3379, 3479, 3579, 3705, 3806, 3934, 4043, 4198, 4312, 4434, 4541, 4653]","[920, 1720, 2103, 3052, 3413]",0.21276595744680848,25.6,00:00:00,0.15240818914026022,3.207918104404551e-05
