Algorithm,Log Source,Log,Complete-Window Size,Detection-Window Size,Stable Period,Detected Changepoints,Actual Changepoints for Log,F1-Score,Average Lag,Duration,Duration (Seconds),Seconds per Case
LCDD,with_noise_5,log_18_1692952223,800,800,100,"[818, 1622, 2443, 3298, 4117, 4925, 5727, 6545, 7396, 8220, 9059, 9871, 10676]","[1389, 2280, 3635, 4421, 5728, 7035, 7597, 8723, 9996]",0.27272727272727276,96.33333333333333,00:00:00,0.09656752087175846,8.402290165471022e-06
