Algorithm,Log Source,Log,Complete-Window Size,Detection-Window Size,Stable Period,Detected Changepoints,Actual Changepoints for Log,F1-Score,Average Lag,Duration,Duration (Seconds),Seconds per Case
LCDD,with_noise_5,log_1_1692952162,100,100,5,"[101, 219, 319, 432, 532, 636, 744, 846, 952, 1054, 1164, 1269, 1369, 1471, 1575, 1679, 1784, 1884, 2004, 2109, 2209, 2325, 2446, 2550, 2655, 2760, 2868, 2981, 3085]","[1086, 1956]",0.12903225806451613,40.0,00:00:00,0.20555658638477325,6.459980716051957e-05
