Algorithm,Log Source,Log,Complete-Window Size,Detection-Window Size,Stable Period,Detected Changepoints,Actual Changepoints for Log,F1-Score,Average Lag,Duration,Duration (Seconds),Seconds per Case
LCDD,with_noise_10,log_86_1692952579,200,200,100,"[201, 413, 616, 819, 1028, 1229, 1432, 1632, 1838, 2038, 2247, 2447, 2649, 2853, 3053, 3259, 3464, 3664, 3866, 4073, 4277, 4477, 4678, 4881, 5088, 5295, 5495, 5696, 5896, 6105, 6308, 6517, 6719, 6924, 7134, 7335, 7543, 7750, 7952, 8161, 8363, 8566, 8767, 8967, 9167, 9368, 9570, 9771, 9985, 10188, 10389, 10595]","[1451, 2814, 3789, 5069, 6015, 7177, 8153, 9456]",0.2666666666666667,47.875,00:00:00,0.47002887912094593,4.3948469296021125e-05
