Algorithm,Log Source,Log,Complete-Window Size,Detection-Window Size,Stable Period,Detected Changepoints,Actual Changepoints for Log,F1-Score,Average Lag,Duration,Duration (Seconds),Seconds per Case
LCDD,with_noise_10,log_24_1692952266,100,100,150,"[131, 261, 372, 484, 591, 716, 817, 926, 1027, 1127, 1227, 1349, 1460, 1561, 1666, 1766, 1867, 1977, 2081, 2185, 2289, 2389, 2491, 2598, 2710, 2811, 2918, 3019, 3119, 3219, 3333, 3433, 3554, 3662, 3762, 3863, 3973, 4076, 4191, 4294, 4402, 4511, 4625, 4729, 4830, 4930, 5031, 5149, 5252, 5365, 5474, 5590, 5694, 5794, 5902, 6003]","[1144, 2334, 3230, 4730]",0.13333333333333333,18.5,00:00:00,0.1045026145875454,1.7310355240607155e-05
