Algorithm,Log Source,Log,Complete-Window Size,Detection-Window Size,Stable Period,Detected Changepoints,Actual Changepoints for Log,F1-Score,Average Lag,Duration,Duration (Seconds),Seconds per Case
LCDD,with_noise_10,log_3_1687181920,100,100,100,"[103, 203, 304, 405, 506, 607, 707, 815, 917, 1017, 1122, 1225, 1328, 1428, 1528, 1634, 1736, 1839, 1940, 2041, 2147, 2248]","[1041, 1298]",0.16666666666666669,27.0,00:00:00,0.0636001592501998,2.804239825846552e-05
