Algorithm,Log Source,Log,Complete-Window Size,Detection-Window Size,Stable Period,Detected Changepoints,Actual Changepoints for Log,F1-Score,Average Lag,Duration,Duration (Seconds),Seconds per Case
LCDD,with_noise_10,log_32_1692952308,300,300,10,"[302, 668, 975, 1280, 1589, 1913, 2221, 2526, 2833, 3142, 3444, 3747, 4047, 4364, 4674, 4979, 5282, 5591, 5897, 6202, 6517, 6818, 7144, 7449, 7759, 8067, 8369, 8674, 8976, 9280, 9580, 9890, 10191, 10502, 10803, 11106, 11415, 11716, 12023, 12333, 12640]","[1486, 2272, 3660, 4340, 5709, 6587, 7907, 8621, 9625, 10324, 11599]",0.4230769230769231,86.27272727272727,00:00:00,0.17888899520039558,1.4069130570223797e-05
