Algorithm,Log Source,Log,Complete-Window Size,Detection-Window Size,Stable Period,Detected Changepoints,Actual Changepoints for Log,F1-Score,Average Lag,Duration,Duration (Seconds),Seconds per Case
LCDD,with_noise_5,log_10_1692952190,100,100,200,"[100, 202, 305, 413, 516, 643, 748, 853, 958, 1058, 1158, 1262, 1365, 1467, 1573, 1674, 1782, 1882, 1989, 2093, 2193, 2308, 2409, 2514, 2626, 2731, 2835, 2937, 3046, 3153, 3254, 3356, 3457, 3560, 3663, 3766, 3872, 3976, 4079, 4186, 4291, 4393, 4498, 4612, 4717, 4817, 4922, 5023, 5131, 5240, 5342, 5447, 5555, 5658, 5759, 5875, 5976, 6081, 6182, 6283, 6383, 6486, 6595, 6698, 6798, 6899, 7014, 7116, 7226, 7326]","[1029, 1562, 2818, 4306, 5516, 6341]",0.15789473684210528,25.5,00:00:00,0.21242172829806805,2.8686256353554093e-05
