Algorithm,Log Source,Log,Complete-Window Size,Detection-Window Size,Stable Period,Detected Changepoints,Actual Changepoints for Log,F1-Score,Average Lag,Duration,Duration (Seconds),Seconds per Case
LCDD,with_noise_5,log_64_1692952462,200,200,20,"[215, 421, 635, 846, 1114, 1347, 1566, 1799, 2008, 2217, 2444, 2672, 2887, 3093, 3295, 3504, 3707, 3918, 4146, 4399, 4624, 4867, 5073, 5283, 5487]","[1238, 2404, 3563, 4310]",0.2758620689655173,74.25,00:00:00,0.03573040850460529,6.356592866857373e-06
