Algorithm,Log Source,Log,Complete-Window Size,Detection-Window Size,Stable Period,Detected Changepoints,Actual Changepoints for Log,F1-Score,Average Lag,Duration,Duration (Seconds),Seconds per Case
LCDD,with_noise_10,log_38_1692952364,100,100,200,"[107, 266, 380, 480, 609, 710, 812, 918, 1026, 1137, 1237, 1343, 1444, 1559, 1671, 1797, 1904, 2007, 2113, 2214, 2314, 2414, 2519, 2650, 2770, 2873, 2973, 3073, 3178, 3302, 3405, 3518, 3620, 3731, 3845, 3946, 4048, 4152, 4256, 4368, 4474, 4575, 4677, 4795, 4898, 5001, 5139, 5276, 5407, 5507, 5610, 5716, 5857, 5960, 6064, 6165, 6270, 6387, 6490, 6605, 6712, 6815, 6924, 7024, 7125, 7240, 7346, 7456, 7559, 7676, 7778, 7880, 7981, 8108, 8210, 8324, 8426, 8547, 8652, 8753, 8853, 8956, 9064, 9170, 9284, 9394, 9497, 9597, 9699, 9802, 9946, 10057, 10166, 10270]","[1028, 1851, 3000, 4010, 4915, 6335, 7206, 8449, 9115]",0.17475728155339806,33.0,00:00:00,0.1674832832068205,1.6208582522676906e-05
