Algorithm,Log Source,Log,Complete-Window Size,Detection-Window Size,Stable Period,Detected Changepoints,Actual Changepoints for Log,F1-Score,Average Lag,Duration,Duration (Seconds),Seconds per Case
LCDD,without_noise,log_66_1692952466,400,400,5,"[412, 843, 1250, 1676, 2081, 2513, 2943, 3352, 3823, 4234, 4682, 5086, 5557, 6013, 6416, 6834, 7308, 7831, 8257, 8657, 9103, 9505, 9976, 10431, 10832, 11260, 11660, 12233, 12670, 13163, 13623, 14214, 14726, 15136, 15546, 15970, 16373]","[1333, 1858, 3125, 4597, 5145, 6189, 7122, 8601, 9725, 10332, 11494, 12957, 13775, 14782, 15396]",0.5000000000000001,125.53846153846153,00:00:00,0.7226670701056719,4.3885775800429456e-05
