Algorithm,Log Source,Log,Complete-Window Size,Detection-Window Size,Stable Period,Detected Changepoints,Actual Changepoints for Log,F1-Score,Average Lag,Duration,Duration (Seconds),Seconds per Case
LCDD,with_noise_5,log_43_1692952382,200,200,150,"[221, 427, 633, 877, 1090, 1300, 1515, 1724, 2009, 2270, 2484, 2691, 2907, 3185, 3406, 3668, 3890, 4096, 4299, 4504, 4736, 4989, 5191, 5433, 5686, 5911]","[1200, 1740, 3030, 4200, 5001]",0.32258064516129037,70.0,00:00:00,0.0945251639932394,1.562916071316789e-05
