Algorithm,Log Source,Log,Complete-Window Size,Detection-Window Size,Stable Period,Detected Changepoints,Actual Changepoints for Log,F1-Score,Average Lag,Duration,Duration (Seconds),Seconds per Case
LCDD,with_noise_10,log_86_1692952579,100,100,100,"[104, 204, 305, 413, 514, 616, 716, 819, 919, 1024, 1125, 1225, 1325, 1425, 1529, 1629, 1740, 1840, 1943, 2043, 2143, 2246, 2351, 2452, 2556, 2659, 2761, 2863, 2964, 3067, 3168, 3268, 3368, 3475, 3575, 3679, 3780, 3880, 3980, 4087, 4189, 4290, 4393, 4493, 4594, 4696, 4798, 4900, 5001, 5101, 5210, 5311, 5415, 5524, 5625, 5725, 5825, 5931, 6031, 6133, 6236, 6337, 6440, 6541, 6641, 6745, 6846, 6946, 7046, 7154, 7254, 7356, 7459, 7560, 7661, 7771, 7871, 7974, 8076, 8178, 8281, 8382, 8483, 8587, 8689, 8794, 8901, 9004, 9108, 9215, 9319, 9421, 9522, 9622, 9722, 9823, 9923, 10023, 10126, 10226, 10331, 10431, 10531, 10640]","[1451, 2814, 3789, 5069, 6015, 7177, 8153, 9456]",0.14285714285714288,26.875,00:00:00,0.23365654051303864,2.1847268865174254e-05
