Algorithm,Log Source,Log,Complete-Window Size,Detection-Window Size,Stable Period,Detected Changepoints,Actual Changepoints for Log,F1-Score,Average Lag,Duration,Duration (Seconds),Seconds per Case
LCDD,with_noise_10,log_54_1692952418,100,100,5,"[139, 250, 367, 503, 603, 752, 861, 978, 1085, 1192, 1297, 1403, 1503, 1611, 1716, 1816, 1966, 2077, 2180, 2295, 2437, 2592, 2727, 2860, 2976, 3076, 3187, 3287, 3414, 3545, 3651, 3756, 3862, 4000, 4105, 4255, 4364, 4484, 4631, 4798, 4912, 5046, 5234, 5334, 5485, 5600, 5738, 5862, 5962, 6073, 6173, 6287, 6410, 6511, 6629, 6756, 6861, 6992, 7093, 7193, 7297, 7397, 7506, 7610, 7721, 7837, 7939, 8047, 8148, 8256, 8364, 8464, 8574]","[1215, 1983, 3203, 4514, 5254, 6354, 7395]",0.175,23.428571428571427,00:00:00,0.09836800955235958,1.1471487994444266e-05
