Algorithm,Log Source,Log,Complete-Window Size,Detection-Window Size,Stable Period,Detected Changepoints,Actual Changepoints for Log,F1-Score,Average Lag,Duration,Duration (Seconds),Seconds per Case
LCDD,with_noise_20,log_31_1687181960,200,200,200,"[200, 403, 607, 818, 1021, 1228, 1429, 1635, 1843, 2053, 2256, 2461, 2662, 2873, 3075, 3284, 3485, 3686, 3888, 4093, 4293]","[1043, 1868, 2070, 3338, 3677]",0.3846153846153846,25.4,00:00:00,0.3057851605117321,7.099725110557978e-05
