Algorithm,Log Source,Log,Complete-Window Size,Detection-Window Size,Stable Period,Detected Changepoints,Actual Changepoints for Log,F1-Score,Average Lag,Duration,Duration (Seconds),Seconds per Case
LCDD,with_noise_5,log_20_1692952238,300,300,10,"[303, 626, 926, 1230, 1553, 1883, 2206, 2515, 2819, 3129, 3435, 3767, 4068, 4421, 4729, 5075, 5399, 5708, 6013, 6326, 6631, 6931, 7274, 7574, 7878, 8203, 8563, 8909, 9209, 9537, 9839, 10183, 10517, 10855, 11164, 11469, 11779, 12124, 12446, 12764, 13109, 13418, 13718, 14040, 14366, 14693, 15001]","[1357, 2105, 3482, 4422, 5484, 6787, 8017, 9381, 10872, 11904, 12802, 13833]",0.4067796610169491,91.25,00:00:00,0.23882721550762653,1.5872081844063702e-05
