Algorithm,Log Source,Log,Complete-Window Size,Detection-Window Size,Stable Period,Detected Changepoints,Actual Changepoints for Log,F1-Score,Average Lag,Duration,Duration (Seconds),Seconds per Case
LCDD,with_noise_5,log_44_1692952384,300,300,100,"[305, 616, 924, 1226, 1527, 1832, 2139, 2439, 2745, 3046, 3346, 3653, 3958, 4259, 4565, 4874, 5186, 5487, 5788, 6090, 6424, 6747, 7050, 7356, 7671, 7985, 8292, 8601, 8913, 9227, 9528, 9833, 10134, 10440, 10750, 11057, 11372]","[1079, 2333, 3288, 4492, 5972, 6979, 7946, 9293, 10347]",0.391304347826087,85.66666666666667,00:00:00,0.2277749814093113,1.9787592859813334e-05
