Algorithm,Log Source,Log,Complete-Window Size,Detection-Window Size,Stable Period,Detected Changepoints,Actual Changepoints for Log,F1-Score,Average Lag,Duration,Duration (Seconds),Seconds per Case
LCDD,with_noise_10,log_60_1692952441,400,400,200,"[415, 818, 1248, 1679, 2081, 2501, 2907, 3316, 3716, 4121, 4557, 4979, 5386, 5788, 6210, 6616, 7017, 7447, 7854, 8265, 8676, 9082, 9492, 9927, 10365, 10770, 11191]","[1176, 1816, 2868, 3524, 5017, 6406, 7452, 8819, 10127]",0.5,113.55555555555556,00:00:00,0.4033873416483402,3.5565803354641174e-05
