Algorithm,Log Source,Log,Complete-Window Size,Detection-Window Size,Stable Period,Detected Changepoints,Actual Changepoints for Log,F1-Score,Average Lag,Duration,Duration (Seconds),Seconds per Case
LCDD,with_noise_20,log_71_1687182031,200,200,20,"[201, 419, 621, 831, 1056, 1263, 1472, 1682, 1903, 2113, 2392, 2608, 2826, 3026, 3255, 3457, 3658, 3877, 4097, 4306]","[940, 1158, 1961, 2167, 3303, 3626]",0.4615384615384615,67.16666666666667,00:00:00,0.11488917376846075,2.5468670753371924e-05
