Algorithm,Log Source,Log,Complete-Window Size,Detection-Window Size,Stable Period,Detected Changepoints,Actual Changepoints for Log,F1-Score,Average Lag,Duration,Duration (Seconds),Seconds per Case
LCDD,with_noise_20,log_23_1687181942,100,100,20,"[100, 200, 300, 400, 502, 602, 704, 805, 906, 1006, 1111, 1221, 1322, 1422, 1525, 1627, 1731, 1837, 1938, 2044, 2148, 2248, 2349, 2449, 2549, 2650, 2751, 2851, 2951, 3051, 3154, 3255, 3357, 3458, 3559, 3661, 3763, 3865, 3970, 4070, 4170, 4279, 4382, 4483, 4584, 4685, 4785, 4885, 4986, 5090, 5191, 5293, 5395, 5497]","[859, 1255, 2629, 4001, 4377]",0.1694915254237288,27.6,00:00:00,0.2955263825133443,5.3296011273822234e-05
