Algorithm,Log Source,Log,Complete-Window Size,Detection-Window Size,Stable Period,Detected Changepoints,Actual Changepoints for Log,F1-Score,Average Lag,Duration,Duration (Seconds),Seconds per Case
LCDD,with_noise_5,log_2_1692952163,100,100,20,"[112, 214, 316, 416, 517, 620, 723, 830, 931, 1031, 1131, 1233, 1333, 1435, 1537, 1637, 1737, 1839, 1939, 2042, 2145, 2249, 2349, 2452, 2552, 2659, 2759, 2859, 2959, 3064]","[1130, 1950]",0.125,6.0,00:00:00,0.18928737379610538,6.167721531316565e-05
