Algorithm,Log Source,Log,Complete-Window Size,Detection-Window Size,Stable Period,Detected Changepoints,Actual Changepoints for Log,F1-Score,Average Lag,Duration,Duration (Seconds),Seconds per Case
LCDD,with_noise_20,log_1_1687181916,300,300,10,"[303, 607, 917, 1225, 1525, 1827, 2133, 2435, 2738, 3042, 3342, 3642, 3953, 4266, 4569]","[1292, 2437, 3613]",0.33333333333333337,32.666666666666664,00:00:00,0.25050298403948545,5.282644117239255e-05
