Algorithm,Log Source,Log,Complete-Window Size,Detection-Window Size,Stable Period,Detected Changepoints,Actual Changepoints for Log,F1-Score,Average Lag,Duration,Duration (Seconds),Seconds per Case
LCDD,with_noise_10,log_69_1687182027,100,100,20,"[101, 205, 314, 420, 520, 624, 731, 840, 945, 1046, 1149, 1249, 1349, 1461, 1561, 1662, 1771, 1873, 1975, 2088, 2190, 2292, 2392, 2492, 2592, 2695, 2796, 2899, 3001, 3123, 3225, 3326, 3427, 3543, 3643, 3743, 3843, 3944, 4045, 4147]","[1354, 1741, 2389, 2676, 3199]",0.2222222222222222,16.6,00:00:00,0.15185818448662758,3.595127473641752e-05
