Algorithm,Log Source,Log,Complete-Window Size,Detection-Window Size,Stable Period,Detected Changepoints,Actual Changepoints for Log,F1-Score,Average Lag,Duration,Duration (Seconds),Seconds per Case
LCDD,without_noise,log_16_1692952213,800,800,20,"[815, 1688, 2498, 3319, 4134, 5178, 6012, 6981, 8050, 10631, 11604, 12404, 13219]","[1356, 2761, 3835, 4592, 5716, 6979, 8389, 9274, 10631, 11912, 13144]",0.24999999999999994,25.666666666666668,00:00:00,0.26532479003071785,1.8542511009205247e-05
