Algorithm,Log Source,Log,Complete-Window Size,Detection-Window Size,Stable Period,Detected Changepoints,Actual Changepoints for Log,F1-Score,Average Lag,Duration,Duration (Seconds),Seconds per Case
LCDD,with_noise_20,log_50_1687182000,100,100,20,"[101, 203, 304, 408, 510, 613, 713, 814, 914, 1016, 1119, 1219, 1319, 1420, 1520, 1621, 1721, 1823, 1924, 2025, 2125, 2227, 2332, 2433, 2534, 2635, 2736, 2837, 2938, 3044, 3145, 3246, 3346, 3446, 3546, 3648, 3761, 3861, 3962, 4070, 4174, 4275, 4382, 4483, 4584, 4684, 4786, 4889, 4990, 5094, 5194]","[1406, 1636, 2269, 2506, 3766]",0.17857142857142855,20.8,00:00:00,0.21789424493908882,4.152739564305104e-05
