Algorithm,Log Source,Log,Complete-Window Size,Detection-Window Size,Stable Period,Detected Changepoints,Actual Changepoints for Log,F1-Score,Average Lag,Duration,Duration (Seconds),Seconds per Case
LCDD,with_noise_20,log_99_1687182077,100,100,50,"[101, 207, 315, 417, 520, 620, 720, 825, 925, 1035, 1135, 1235, 1336, 1438, 1540, 1641, 1745, 1846, 1947, 2047, 2148, 2250, 2353, 2453, 2554, 2657, 2758, 2858, 2964, 3064, 3166, 3268, 3368]","[555, 837, 2088, 2767]",0.21621621621621626,24.25,00:00:00,0.06375731807202101,1.8730116942426854e-05
