Algorithm,Log Source,Log,Complete-Window Size,Detection-Window Size,Stable Period,Detected Changepoints,Actual Changepoints for Log,F1-Score,Average Lag,Duration,Duration (Seconds),Seconds per Case
LCDD,with_noise_5,log_16_1692952213,300,300,100,"[301, 603, 911, 1240, 1596, 1967, 2294, 2606, 2917, 3222, 3538, 3846, 4148, 4513, 4815, 5119, 5432, 5734, 6058, 6367, 6675, 6981, 7312, 7698, 8022, 8324, 8639, 8942, 9249, 9575, 9964, 10268, 10579, 10891, 11197, 11499, 11810, 12122, 12444, 12805, 13115, 13441, 13796, 14098]","[1356, 2761, 3835, 4592, 5716, 6979, 8389, 9274, 10631, 11912, 13144]",0.4,59.45454545454545,00:00:00,0.23497232794761658,1.6421296243456328e-05
