Algorithm,Log Source,Log,Complete-Window Size,Detection-Window Size,Stable Period,Detected Changepoints,Actual Changepoints for Log,F1-Score,Average Lag,Duration,Duration (Seconds),Seconds per Case
LCDD,with_noise_10,log_46_1692952395,300,300,20,"[317, 629, 1216, 1532, 1856, 2298, 2614, 2953, 3319, 3633, 3933, 4292, 4748, 5054]","[1416, 2620, 3913]",0.35294117647058826,47.333333333333336,00:00:00,0.08307092636823654,1.552437420449197e-05
