Algorithm,Log Source,Log,Complete-Window Size,Detection-Window Size,Stable Period,Detected Changepoints,Actual Changepoints for Log,F1-Score,Average Lag,Duration,Duration (Seconds),Seconds per Case
LCDD,with_noise_10,log_76_1692952523,400,400,20,"[404, 815, 1230, 1640, 2041, 2449, 2851, 3257, 3657, 4063, 4482, 4886, 5301, 5702, 6107, 6515, 6919, 7326, 7727, 8141, 8545]","[1179, 1765, 3121, 4586, 5250, 6506, 7495]",0.5,92.14285714285714,00:00:00,0.12539445236325264,1.427857576443323e-05
