Algorithm,Log Source,Log,Complete-Window Size,Detection-Window Size,Stable Period,Detected Changepoints,Actual Changepoints for Log,F1-Score,Average Lag,Duration,Duration (Seconds),Seconds per Case
LCDD,with_noise_5,log_67_1692952494,200,200,100,"[205, 405, 605, 807, 1009, 1209, 1441, 1654, 1859, 2063, 2276, 2477, 2683, 2891, 3104, 3312, 3532, 3739, 3939, 4139, 4359, 4561, 4762, 4963, 5183, 5387, 5594, 5802, 6005, 6218, 6418, 6619, 6844, 7061, 7275, 7475, 7681, 7887, 8093, 8296, 8496, 8698, 8903, 9112, 9316, 9523, 9724, 9924, 10125, 10327, 10527]","[1312, 2743, 3889, 5271, 5852, 7181, 7712, 9147]",0.2711864406779661,63.875,00:00:00,0.19510069862008095,1.851753024108589e-05
