Algorithm,Log Source,Log,Complete-Window Size,Detection-Window Size,Stable Period,Detected Changepoints,Actual Changepoints for Log,F1-Score,Average Lag,Duration,Duration (Seconds),Seconds per Case
LCDD,with_noise_5,log_13_1692952198,100,100,10,"[126, 226, 330, 430, 559, 661, 766, 892, 992, 1094, 1198, 1299, 1408, 1514, 1616, 1737, 1840, 1954, 2067, 2174, 2286, 2399, 2508, 2608, 2713, 2818, 2922, 3026, 3138, 3240, 3344, 3455, 3559, 3684, 3795, 3907, 4009, 4110, 4211, 4322, 4428, 4533, 4636, 4742, 4845, 4950, 5059, 5159, 5263, 5385, 5493, 5597, 5703, 5805, 5911, 6017, 6123, 6236, 6340, 6447, 6548, 6652, 6779, 6891, 6994, 7108, 7210, 7311, 7411, 7542, 7656, 7757, 7868, 7968, 8069, 8193, 8300, 8409, 8514, 8619, 8745, 8849, 8953, 9069, 9178, 9303, 9408, 9508, 9614, 9714, 9825, 9937, 10038, 10139, 10239, 10342, 10452, 10556, 10671, 10774]","[1285, 2064, 3509, 4569, 6017, 7324, 8391, 9657]",0.14814814814814814,22.125,00:00:00,0.29496288672089577,2.736966565100638e-05
