Algorithm,Log Source,Log,Complete-Window Size,Detection-Window Size,Stable Period,Detected Changepoints,Actual Changepoints for Log,F1-Score,Average Lag,Duration,Duration (Seconds),Seconds per Case
LCDD,with_noise_10,log_69_1692952502,1200,1200,20,"[1292, 2498, 3755, 5010, 6612, 7976, 9255, 10478]","[1487, 2098, 3497, 4638, 5779, 6664, 7725, 9125, 9901]",0.35294117647058826,125.66666666666667,00:00:00,0.17748674005270004,1.5953864274400004e-05
