Algorithm,Log Source,Log,Complete-Window Size,Detection-Window Size,Stable Period,Detected Changepoints,Actual Changepoints for Log,F1-Score,Average Lag,Duration,Duration (Seconds),Seconds per Case
LCDD,with_noise_10,log_1_1687181916,100,100,100,"[102, 203, 303, 406, 506, 614, 717, 817, 917, 1023, 1123, 1224, 1324, 1424, 1525, 1625, 1725, 1828, 1928, 2031, 2134, 2235, 2337, 2442, 2542, 2642, 2747, 2847, 2950, 3059, 3162, 3266, 3372, 3472, 3577, 3677, 3781, 3883, 3984, 4084, 4186, 4286, 4386, 4489, 4594, 4694]","[1292, 2437, 3613]",0.12244897959183672,24.333333333333332,00:00:00,0.42424539383500814,8.946549848903588e-05
