Algorithm,Log Source,Log,Complete-Window Size,Detection-Window Size,Stable Period,Detected Changepoints,Actual Changepoints for Log,F1-Score,Average Lag,Duration,Duration (Seconds),Seconds per Case
LCDD,with_noise_10,log_4_1687181921,100,100,10,"[107, 213, 343, 449, 560, 663, 769, 871, 982, 1127, 1247, 1395, 1498, 1679, 1789, 1895, 2036, 2137, 2258, 2358, 2460, 2565]","[1313, 1543]",0.16666666666666669,55.5,00:00:00,0.041037037037312984,1.5573828097651985e-05
