Algorithm,Log Source,Log,Complete-Window Size,Detection-Window Size,Stable Period,Detected Changepoints,Actual Changepoints for Log,F1-Score,Average Lag,Duration,Duration (Seconds),Seconds per Case
LCDD,with_noise_5,log_6_1692952173,600,600,150,"[671, 1279, 1885, 2641, 3284, 3889, 4508, 5116, 5723, 6334, 6955, 7588, 8221, 8905, 9569, 10323]","[1350, 1920, 3342, 4346, 5008, 6173, 7280, 8196, 9350]",0.56,88.57142857142857,00:00:00,0.4045391548424959,3.814967510774198e-05
