Algorithm,Log Source,Log,Complete-Window Size,Detection-Window Size,Stable Period,Detected Changepoints,Actual Changepoints for Log,F1-Score,Average Lag,Duration,Duration (Seconds),Seconds per Case
LCDD,with_noise_10,log_20_1692952238,400,400,50,"[400, 802, 1214, 1654, 2059, 2462, 2863, 3272, 3682, 4087, 4492, 4922, 5359, 5768, 6244, 6645, 7104, 7510, 7922, 8338, 8745, 9156, 9557, 9965, 10378, 10800, 11201, 11649, 12061, 12501, 12930, 13330, 13747, 14160, 14589, 15026]","[1357, 2105, 3482, 4422, 5484, 6787, 8017, 9381, 10872, 11904, 12802, 13833]",0.5,120.0,00:00:00,0.2380427997559309,1.5819950804541164e-05
