Algorithm,Log Source,Log,Complete-Window Size,Detection-Window Size,Stable Period,Detected Changepoints,Actual Changepoints for Log,F1-Score,Average Lag,Duration,Duration (Seconds),Seconds per Case
LCDD,with_noise_10,log_31_1692952304,100,100,100,"[103, 208, 308, 410, 515, 616, 719, 819, 926, 1032, 1134, 1234, 1336, 1437, 1537, 1638, 1739, 1840, 1942, 2044, 2146, 2247, 2347, 2449, 2551, 2655, 2757, 2857, 2957, 3064, 3168, 3269, 3369, 3469, 3572, 3672, 3785, 3886, 3992, 4092, 4204, 4305, 4407, 4513, 4615, 4724, 4828, 4928, 5034, 5135, 5247, 5354, 5454, 5557, 5659, 5767, 5875, 5977, 6083, 6184, 6287, 6395, 6497, 6599, 6708, 6809, 6911, 7013, 7118]","[1438, 2870, 3391, 4545, 5871]",0.13513513513513511,14.4,00:00:00,0.12632805109024048,1.7611606174576952e-05
