Algorithm,Log Source,Log,Complete-Window Size,Detection-Window Size,Stable Period,Detected Changepoints,Actual Changepoints for Log,F1-Score,Average Lag,Duration,Duration (Seconds),Seconds per Case
LCDD,with_noise_10,log_69_1692952502,100,100,5,"[111, 215, 318, 422, 524, 631, 731, 831, 932, 1032, 1134, 1249, 1351, 1453, 1566, 1693, 1809, 1913, 2014, 2114, 2214, 2327, 2434, 2535, 2649, 2757, 2857, 2961, 3085, 3186, 3294, 3394, 3497, 3601, 3701, 3802, 3902, 4014, 4128, 4228, 4337, 4437, 4539, 4639, 4740, 4846, 4948, 5048, 5151, 5252, 5355, 5455, 5567, 5668, 5778, 5878, 5980, 6081, 6203, 6305, 6408, 6510, 6612, 6712, 6812, 6915, 7017, 7119, 7229, 7330, 7431, 7536, 7638, 7739, 7845, 7946, 8051, 8159, 8261, 8361, 8464, 8567, 8673, 8775, 8876, 8977, 9091, 9200, 9309, 9415, 9521, 9621, 9748, 9848, 9952, 10054, 10155, 10278, 10407, 10509, 10610, 10716, 10831, 10934, 11062]","[1487, 2098, 3497, 4638, 5779, 6664, 7725, 9125, 9901]",0.15789473684210528,22.11111111111111,00:00:00,0.15172879584133625,1.3638543446412248e-05
