Algorithm,Log Source,Log,Complete-Window Size,Detection-Window Size,Stable Period,Detected Changepoints,Actual Changepoints for Log,F1-Score,Average Lag,Duration,Duration (Seconds),Seconds per Case
LCDD,with_noise_5,log_62_1692952457,600,600,10,"[667, 1276, 1921, 2595, 3247, 3921, 4569, 5170, 5805, 6439, 7567, 8167, 8855, 9546]","[1344, 2257, 3301, 4214, 5614, 6547, 7639, 8311]",0.5454545454545454,106.16666666666667,00:00:00,0.06348938122391701,6.602473089009672e-06
