Algorithm,Log Source,Log,Complete-Window Size,Detection-Window Size,Stable Period,Detected Changepoints,Actual Changepoints for Log,F1-Score,Average Lag,Duration,Duration (Seconds),Seconds per Case
LCDD,with_noise_20,log_32_1687181966,100,100,200,"[108, 211, 331, 433, 534, 635, 747, 847, 950, 1055, 1158, 1259, 1372, 1472, 1575, 1675, 1779, 1879, 1982, 2084, 2193, 2301, 2403, 2515, 2615, 2721, 2823, 2927]","[1402, 1725]",0.13333333333333333,40.0,00:00:00,0.0539546012878418,1.784213005550324e-05
