Algorithm,Log Source,Log,Complete-Window Size,Detection-Window Size,Stable Period,Detected Changepoints,Actual Changepoints for Log,F1-Score,Average Lag,Duration,Duration (Seconds),Seconds per Case
LCDD,with_noise_10,log_33_1692952312,200,200,150,"[201, 431, 631, 842, 1044, 1247, 1447, 1647, 1848, 2049, 2254, 2457, 2657, 2859, 3059, 3272, 3472, 3678, 3887, 4091, 4295, 4505, 4709, 4912, 5118, 5322, 5523, 5728, 5929, 6133, 6343, 6546, 6746, 6946, 7147, 7354, 7558, 7765, 7972, 8181]","[1422, 2484, 3325, 4734, 5708, 6899]",0.2608695652173913,32.833333333333336,00:00:00,0.19275854527950287,2.3277206289035486e-05
