Algorithm,Log Source,Log,Complete-Window Size,Detection-Window Size,Stable Period,Detected Changepoints,Actual Changepoints for Log,F1-Score,Average Lag,Duration,Duration (Seconds),Seconds per Case
LCDD,with_noise_5,log_25_1692952268,200,200,20,"[206, 459, 664, 906, 1116, 1324, 1540, 1774, 1990, 2195, 2401, 2612, 2815, 3073, 3278, 3488, 3738, 3959, 4167, 4369, 4585, 4819, 5021, 5221, 5427, 5643, 5865, 6103, 6314, 6523, 6724, 6935, 7184, 7389, 7592, 7821, 8031, 8263, 8484, 8686, 8955, 9170, 9387, 9611, 9816, 10036, 10248, 10498, 10701, 10914, 11152, 11355, 11556, 11756, 11958]","[1268, 1983, 3460, 4362, 5712, 6676, 7809, 8764, 10077, 10808]",0.3076923076923077,45.2,00:00:00,0.12424159422516823,1.032335639594252e-05
