Algorithm,Log Source,Log,Complete-Window Size,Detection-Window Size,Stable Period,Detected Changepoints,Actual Changepoints for Log,F1-Score,Average Lag,Duration,Duration (Seconds),Seconds per Case
LCDD,with_noise_10,log_80_1692952554,200,200,100,"[209, 424, 664, 970, 1201, 1404, 1616, 1832, 2062, 2265, 2465, 2673, 2902, 3122, 3323, 3563, 3771, 3972, 4186, 4417, 4629, 4845, 5095, 5301]","[1043, 2139, 2799, 3922, 4435]",0.3448275862068966,64.2,00:00:00,0.08147412352263927,1.484857363270262e-05
