Algorithm,Log Source,Log,Complete-Window Size,Detection-Window Size,Stable Period,Detected Changepoints,Actual Changepoints for Log,F1-Score,Average Lag,Duration,Duration (Seconds),Seconds per Case
LCDD,without_noise,log_50_1687182000,100,100,150,"[298, 507, 607, 718, 818, 1056, 1170, 1337, 1437, 1585, 1707, 1834, 1966, 2107, 2207, 2309, 2421, 2545, 2702, 2810, 2911, 3026, 3193, 3337, 3463, 3573, 3731, 3855, 3955, 4063, 4182, 4319, 4424, 4558, 4658, 4762, 4943, 5056, 5196]","[1406, 1636, 2269, 2506, 3766]",0.22727272727272727,39.2,00:00:00,0.17456065025180578,3.326865832891286e-05
