Algorithm,Log Source,Log,Complete-Window Size,Detection-Window Size,Stable Period,Detected Changepoints,Actual Changepoints for Log,F1-Score,Average Lag,Duration,Duration (Seconds),Seconds per Case
LCDD,without_noise,log_38_1692952364,200,200,5,"[701, 1027, 1323, 1543, 1765, 1988, 2243, 2632, 2918, 3118, 4009, 4230, 4430, 4868, 5068, 5434, 5634, 5893, 6165, 6392, 6742, 7033, 7233, 7481, 7681, 7931, 8131, 8383, 8583, 8804, 9013, 9375, 9695, 10299]","[1028, 1851, 3000, 4010, 4915, 6335, 7206, 8449, 9115]",0.4186046511627907,52.111111111111114,00:00:00,0.09917573444545269,9.597961332183557e-06
