Algorithm,Log Source,Log,Complete-Window Size,Detection-Window Size,Stable Period,Detected Changepoints,Actual Changepoints for Log,F1-Score,Average Lag,Duration,Duration (Seconds),Seconds per Case
LCDD,with_noise_5,log_54_1692952418,200,200,200,"[206, 452, 669, 975, 1202, 1447, 1695, 1915, 2195, 2407, 2616, 2897, 3108, 3323, 3576, 3901, 4155, 4370, 4573, 4777, 4994, 5200, 5468, 5799, 6097, 6304, 6694, 6923, 7193, 7403, 7724, 7946, 8162, 8389]","[1215, 1983, 3203, 4514, 5254, 6354, 7395]",0.34146341463414637,49.57142857142857,00:00:00,0.10240107029676437,1.1941815778048323e-05
