Algorithm,Log Source,Log,Complete-Window Size,Detection-Window Size,Stable Period,Detected Changepoints,Actual Changepoints for Log,F1-Score,Average Lag,Duration,Duration (Seconds),Seconds per Case
LCDD,with_noise_20,log_54_1687182005,100,100,100,"[112, 212, 313, 418, 535, 636, 748, 857, 972, 1144, 1244, 1348, 1498, 1643, 1787, 1917, 2022, 2130, 2231, 2331, 2444, 2561, 2671, 2771, 2873, 2979, 3112, 3216, 3316, 3446, 3553, 3654, 3754, 3877, 3977, 4103, 4237, 4356, 4477, 4595, 4705]","[1171, 1523, 2987, 3886, 4123]",0.21739130434782605,17.8,00:00:00,0.08428964018821716,1.7480224012488005e-05
