Algorithm,Log Source,Log,Complete-Window Size,Detection-Window Size,Stable Period,Detected Changepoints,Actual Changepoints for Log,F1-Score,Average Lag,Duration,Duration (Seconds),Seconds per Case
LCDD,with_noise_20,log_9_1687181928,100,100,10,"[100, 208, 319, 500, 605, 708, 824, 927, 1083, 1187, 1297, 1401, 1519, 1621, 1721, 1823, 1924, 2024, 2129, 2238, 2395, 2500, 2600, 2715, 2825, 2925, 3025, 3131, 3249, 3350, 3450, 3550, 3661, 3763, 3864, 3988, 4125, 4230, 4330, 4440]","[1135, 1916, 2696, 2989]",0.18181818181818182,28.75,00:00:00,0.10623004846274853,2.368034963503088e-05
