Algorithm,Log Source,Log,Complete-Window Size,Detection-Window Size,Stable Period,Detected Changepoints,Actual Changepoints for Log,F1-Score,Average Lag,Duration,Duration (Seconds),Seconds per Case
LCDD,with_noise_10,log_16_1692952213,400,400,20,"[402, 821, 1222, 1631, 2033, 2440, 2864, 3277, 3698, 4122, 4528, 4929, 5448, 5851, 6275, 6710, 7188, 7598, 8018, 8456, 8864, 9301, 9707, 10154, 10569, 10971, 11414, 11825, 12251, 12654, 13073, 13475, 13876, 14278]","[1356, 2761, 3835, 4592, 5716, 6979, 8389, 9274, 10631, 11912, 13144]",0.4444444444444445,88.7,00:00:00,0.29101018980145454,2.033756305831676e-05
