Algorithm,Log Source,Log,Complete-Window Size,Detection-Window Size,Stable Period,Detected Changepoints,Actual Changepoints for Log,F1-Score,Average Lag,Duration,Duration (Seconds),Seconds per Case
LCDD,with_noise_10,log_84_1692952573,100,100,20,"[116, 229, 344, 446, 555, 658, 760, 860, 961, 1063, 1167, 1285, 1394, 1495, 1598, 1698, 1798, 1901, 2003, 2109, 2212, 2322, 2425, 2525, 2660, 2761, 2867, 2972, 3089, 3200, 3315, 3415, 3515, 3616, 3725, 3825, 3925, 4034, 4139, 4254, 4356, 4457, 4563, 4670, 4775, 4895, 5003, 5114, 5247, 5360, 5461, 5567, 5670, 5772, 5877]","[1146, 2011, 3360, 4613]",0.13559322033898305,31.0,00:00:00,0.12132909707725048,2.0370902800075633e-05
