Algorithm,Log Source,Log,Complete-Window Size,Detection-Window Size,Stable Period,Detected Changepoints,Actual Changepoints for Log,F1-Score,Average Lag,Duration,Duration (Seconds),Seconds per Case
LCDD,with_noise_10,log_63_1687182017,100,100,50,"[107, 210, 315, 416, 519, 637, 740, 851, 959, 1059, 1165, 1276, 1379, 1481, 1581, 1695, 1797, 1897, 2007, 2107, 2208, 2309, 2409, 2511, 2611, 2712, 2812, 2912, 3024, 3127, 3231, 3334, 3438, 3542, 3642, 3742, 3843, 3947, 4047, 4151]","[727, 968, 1760, 2588, 2871]",0.2222222222222222,24.6,00:00:00,0.2248037662357092,5.293236784452771e-05
