Algorithm,Log Source,Log,Complete-Window Size,Detection-Window Size,Stable Period,Detected Changepoints,Actual Changepoints for Log,F1-Score,Average Lag,Duration,Duration (Seconds),Seconds per Case
LCDD,with_noise_5,log_61_1692952452,100,100,5,"[106, 206, 313, 465, 574, 674, 793, 911, 1061, 1163, 1295, 1415, 1526, 1640, 1744, 1857, 1967, 2099, 2212, 2359, 2494, 2595, 2726, 2836, 2961, 3083, 3185, 3299, 3409, 3521, 3643, 3766, 3869, 3977, 4088, 4206, 4320, 4427, 4529, 4683, 4808, 4914, 5017, 5123, 5228, 5365, 5465, 5621, 5729, 5850, 5951, 6120, 6232, 6346, 6446, 6575, 6693, 6795, 6904, 7004, 7116, 7248, 7367, 7470, 7570, 7682, 7840, 7948, 8061, 8171, 8282, 8388, 8496, 8596, 8721, 8849, 8988, 9104, 9204, 9321, 9434, 9558, 9668, 9772, 9876, 9987, 10089, 10192, 10305, 10410, 10511, 10611, 10754, 10872, 10997, 11111, 11251, 11377, 11486, 11590, 11696, 11840, 11950, 12051, 12166, 12282, 12415, 12517, 12674, 12791, 12893, 13063, 13171, 13286, 13408, 13515, 13638, 13742, 13880, 14000, 14105, 14237, 14338, 14467, 14573, 14684, 14787, 14908, 15027, 15155, 15274, 15378, 15510, 15614, 15716, 15816, 15916, 16029, 16134, 16261, 16369, 16479]","[1461, 2278, 3644, 4850, 6300, 7761, 9161, 9996, 11400, 11926, 13119, 13979, 15446]",0.16774193548387095,39.69230769230769,00:00:00,0.18533448688685894,1.1184266905247658e-05
