Algorithm,Log Source,Log,Complete-Window Size,Detection-Window Size,Stable Period,Detected Changepoints,Actual Changepoints for Log,F1-Score,Average Lag,Duration,Duration (Seconds),Seconds per Case
LCDD,with_noise_10,log_50_1687182000,200,200,5,"[213, 418, 636, 838, 1047, 1248, 1451, 1661, 1877, 2079, 2294, 2499, 2702, 2908, 3109, 3311, 3513, 3715, 3925, 4129, 4353, 4557, 4762, 4963, 5165]","[1406, 1636, 2269, 2506, 3766]",0.33333333333333337,30.6,00:00:00,0.18471513036638498,3.5203950898872685e-05
