Algorithm,Log Source,Log,Complete-Window Size,Detection-Window Size,Stable Period,Detected Changepoints,Actual Changepoints for Log,F1-Score,Average Lag,Duration,Duration (Seconds),Seconds per Case
LCDD,with_noise_5,log_68_1692952500,100,100,150,"[114, 227, 341, 454, 561, 680, 794, 908, 1009, 1110, 1216, 1343, 1451, 1566, 1674, 1779, 1882, 1988, 2098, 2212, 2313, 2427, 2534, 2636, 2737, 2877, 2986, 3092, 3199, 3305, 3413, 3514, 3614, 3715, 3820, 3925, 4030, 4131, 4245, 4351, 4453, 4554, 4654, 4760, 4873, 4981, 5093, 5200, 5316, 5430, 5533, 5653, 5759, 5869, 5975, 6084, 6184, 6292, 6434, 6556, 6674, 6775, 6880, 6997, 7105]","[1265, 2633, 3914, 4520, 5935]",0.14285714285714288,27.4,00:00:00,0.08912501856684685,1.2535164355393367e-05
