Algorithm,Log Source,Log,Complete-Window Size,Detection-Window Size,Stable Period,Detected Changepoints,Actual Changepoints for Log,F1-Score,Average Lag,Duration,Duration (Seconds),Seconds per Case
LCDD,without_noise,log_29_1692952298,300,300,10,"[350, 650, 1204, 1504, 1999, 2326, 2870, 3266, 3566, 4015, 4365, 5044, 5517, 6031, 6377, 6677, 6999, 7299, 7611, 7911, 8268, 8716, 9136, 9491, 10041, 10379, 10695, 11154, 11454, 11805, 12364, 12664, 13396, 13849, 14206]","[1213, 1756, 2868, 4306, 5136, 6404, 7812, 9139, 10570, 11620, 12291, 13397]",0.4680851063829787,59.63636363636363,00:00:00,0.0855883788317442,5.913658455865694e-06
