Algorithm,Log Source,Log,Complete-Window Size,Detection-Window Size,Stable Period,Detected Changepoints,Actual Changepoints for Log,F1-Score,Average Lag,Duration,Duration (Seconds),Seconds per Case
LCDD,with_noise_10,log_42_1687181985,100,100,20,"[102, 202, 307, 410, 516, 621, 725, 828, 935, 1036, 1139, 1239, 1353, 1467, 1576, 1676, 1782, 1887, 1995, 2103, 2206, 2310, 2420, 2520]","[1494, 1841]",0.15384615384615385,36.5,00:00:00,0.05310749541968107,2.0696607723959887e-05
