Algorithm,Log Source,Log,Complete-Window Size,Detection-Window Size,Stable Period,Detected Changepoints,Actual Changepoints for Log,F1-Score,Average Lag,Duration,Duration (Seconds),Seconds per Case
LCDD,with_noise_10,log_57_1692952430,200,200,200,"[202, 409, 617, 829, 1030, 1235, 1436, 1636, 1840, 2041, 2242, 2443, 2652, 2859, 3063, 3265, 3467, 3667, 3867, 4070, 4272, 4475, 4675, 4878, 5078, 5280, 5488, 5691, 5891]","[1054, 1838, 3064, 3682, 4744]",0.29411764705882354,22.2,00:00:00,0.31521573290228844,5.1802092506538775e-05
