Algorithm,Log Source,Log,Complete-Window Size,Detection-Window Size,Stable Period,Detected Changepoints,Actual Changepoints for Log,F1-Score,Average Lag,Duration,Duration (Seconds),Seconds per Case
LCDD,with_noise_20,log_16_1687181934,100,100,200,"[101, 202, 302, 405, 506, 609, 711, 811, 911, 1012, 1121, 1222, 1322, 1422, 1522, 1623, 1724, 1826, 1926, 2026, 2126, 2231, 2332, 2434, 2535, 2635, 2735, 2835, 2936, 3038, 3138, 3241, 3342, 3443, 3545, 3645, 3748, 3852, 3953]","[1218, 1793, 2771]",0.14285714285714288,24.333333333333332,00:00:00,0.05094559956341982,1.2622794738211056e-05
