Algorithm,Log Source,Log,Complete-Window Size,Detection-Window Size,Stable Period,Detected Changepoints,Actual Changepoints for Log,F1-Score,Average Lag,Duration,Duration (Seconds),Seconds per Case
LCDD,with_noise_10,log_39_1692952369,100,100,200,"[102, 205, 308, 419, 520, 634, 736, 842, 949, 1049, 1173, 1279, 1381, 1494, 1594, 1694, 1795, 1900, 2008, 2129, 2229, 2331, 2436, 2538, 2643, 2752, 2858, 2958, 3070, 3173, 3279, 3384, 3487, 3590, 3700, 3820, 3922, 4023, 4126, 4228, 4329, 4434, 4537, 4638, 4742, 4842, 4943, 5045, 5148, 5261, 5365, 5465, 5565, 5682, 5782, 5884, 5989, 6093]","[1365, 2662, 3350, 4753]",0.12903225806451613,20.0,00:00:00,0.0313715822994709,5.10522087867712e-06
