Algorithm,Log Source,Log,Complete-Window Size,Detection-Window Size,Stable Period,Detected Changepoints,Actual Changepoints for Log,F1-Score,Average Lag,Duration,Duration (Seconds),Seconds per Case
LCDD,with_noise_10,log_20_1692952238,200,200,50,"[207, 421, 630, 830, 1030, 1261, 1476, 1693, 1895, 2105, 2321, 2548, 2748, 2956, 3157, 3359, 3577, 3783, 3984, 4205, 4406, 4614, 4827, 5029, 5235, 5440, 5667, 5880, 6085, 6334, 6541, 6759, 6960, 7168, 7374, 7597, 7799, 7999, 8213, 8417, 8617, 8817, 9019, 9220, 9431, 9631, 9842, 10046, 10266, 10471, 10730, 10930, 11135, 11345, 11552, 11753, 11955, 12155, 12361, 12568, 12772, 12982, 13183, 13384, 13598, 13803, 14017, 14218, 14420, 14625, 14841]","[1357, 2105, 3482, 4422, 5484, 6787, 8017, 9381, 10872, 11904, 12802, 13833]",0.2891566265060241,43.0,00:00:00,0.21492446400225163,1.4283542500315785e-05
