Algorithm,Log Source,Log,Complete-Window Size,Detection-Window Size,Stable Period,Detected Changepoints,Actual Changepoints for Log,F1-Score,Average Lag,Duration,Duration (Seconds),Seconds per Case
LCDD,with_noise_5,log_16_1692952213,200,200,5,"[206, 436, 653, 857, 1066, 1274, 1504, 1708, 1958, 2168, 2387, 2606, 2808, 3011, 3216, 3456, 3657, 3901, 4127, 4330, 4534, 4737, 4943, 5149, 5352, 5556, 5758, 5975, 6187, 6387, 6593, 6835, 7042, 7251, 7453, 7658, 7861, 8069, 8285, 8497, 8697, 8905, 9123, 9323, 9524, 9797, 10021, 10237, 10444, 10649, 10868, 11077, 11316, 11533, 11735, 11935, 12146, 12356, 12556, 12805, 13056, 13269, 13483, 13690, 13892, 14098, 14305]","[1356, 2761, 3835, 4592, 5716, 6979, 8389, 9274, 10631, 11912, 13144]",0.28205128205128205,58.18181818181818,00:00:00,0.12869189120829105,8.993772535347757e-06
