Algorithm,Log Source,Log,Complete-Window Size,Detection-Window Size,Stable Period,Detected Changepoints,Actual Changepoints for Log,F1-Score,Average Lag,Duration,Duration (Seconds),Seconds per Case
LCDD,with_noise_10,log_90_1692952603,100,100,20,"[111, 230, 330, 435, 535, 648, 771, 877, 982, 1086, 1189, 1291, 1395, 1495, 1596, 1712, 1816, 1918, 2038, 2145, 2250, 2364, 2464, 2565, 2665, 2767, 2872, 2974, 3079, 3191, 3291, 3429, 3538, 3671, 3796, 3918, 4022, 4141, 4243, 4343, 4448, 4558, 4659, 4760, 4893, 4995, 5108, 5214, 5332, 5441, 5543, 5651, 5754, 5865, 6024, 6136, 6239, 6364, 6489, 6621, 6758, 6899, 7037, 7140, 7240, 7348, 7456, 7558, 7680, 7785, 7901, 8001, 8109, 8215, 8337, 8462, 8564, 8670, 8774, 8875, 8979, 9108]","[1042, 1748, 2855, 4089, 4623, 5847, 6623, 7991]",0.17777777777777776,26.875,00:00:00,0.14092745818197727,1.536999216730039e-05
