Algorithm,Log Source,Log,Complete-Window Size,Detection-Window Size,Stable Period,Detected Changepoints,Actual Changepoints for Log,F1-Score,Average Lag,Duration,Duration (Seconds),Seconds per Case
LCDD,with_noise_10,log_57_1692952430,100,100,200,"[101, 202, 302, 405, 505, 611, 711, 814, 916, 1016, 1118, 1218, 1319, 1420, 1527, 1629, 1734, 1840, 1940, 2041, 2143, 2243, 2346, 2453, 2554, 2656, 2756, 2857, 2957, 3058, 3169, 3273, 3373, 3474, 3576, 3678, 3778, 3881, 3981, 4081, 4184, 4285, 4385, 4488, 4593, 4694, 4794, 4894, 4994, 5097, 5208, 5312, 5424, 5527, 5634, 5741, 5845, 5948, 6048]","[1054, 1838, 3064, 3682, 4744]",0.15625,20.0,00:00:00,0.15029113367199898,2.469862508989301e-05
