Algorithm,Log Source,Log,Complete-Window Size,Detection-Window Size,Stable Period,Detected Changepoints,Actual Changepoints for Log,F1-Score,Average Lag,Duration,Duration (Seconds),Seconds per Case
LCDD,with_noise_20,log_46_1687181991,100,100,5,"[100, 207, 307, 408, 509, 609, 713, 814, 918, 1020, 1121, 1224, 1324, 1426, 1528, 1628, 1728, 1831, 1942, 2043, 2145, 2245, 2345, 2445, 2545, 2645, 2746, 2847, 2950, 3051, 3153, 3255, 3355, 3457, 3557, 3661, 3761, 3866, 3971, 4075, 4177, 4277, 4392, 4492, 4593]","[808, 1008, 2422, 3892]",0.163265306122449,16.75,00:00:00,0.10968149080872536,2.3699544254262177e-05
