Algorithm,Log Source,Log,Complete-Window Size,Detection-Window Size,Stable Period,Detected Changepoints,Actual Changepoints for Log,F1-Score,Average Lag,Duration,Duration (Seconds),Seconds per Case
LCDD,without_noise,log_20_1692952238,300,300,150,"[5488, 6789, 7096, 7676, 7997, 8297, 9383, 9694, 9999, 10315, 10719, 11019, 11904, 12234, 12538, 12873, 13173, 13477, 13832, 14135, 14435, 14845]","[1357, 2105, 3482, 4422, 5484, 6787, 8017, 9381, 10872, 11904, 12802, 13833]",0.4705882352941177,30.875,00:00:00,0.3528266828507185,2.3448307493235762e-05
