Algorithm,Log Source,Log,Complete-Window Size,Detection-Window Size,Stable Period,Detected Changepoints,Actual Changepoints for Log,F1-Score,Average Lag,Duration,Duration (Seconds),Seconds per Case
LCDD,with_noise_10,log_54_1687182005,200,200,50,"[235, 438, 648, 883, 1162, 1378, 1614, 1814, 2051, 2262, 2477, 2710, 2936, 3141, 3352, 3559, 3762, 3967, 4168, 4402, 4603]","[1171, 1523, 2987, 3886, 4123]",0.3846153846153846,55.4,00:00:00,0.07114543113857508,1.4754340758725649e-05
