Algorithm,Log Source,Log,Complete-Window Size,Detection-Window Size,Stable Period,Detected Changepoints,Actual Changepoints for Log,F1-Score,Average Lag,Duration,Duration (Seconds),Seconds per Case
LCDD,with_noise_10,log_49_1692952403,300,300,5,"[568, 889, 1207, 1657, 1957, 2312, 2682, 3006, 3342, 3650, 3960, 4366, 4750, 5154, 5837, 6156, 6459, 6762, 7116, 7416, 7840, 8181, 8570, 8907, 9379, 9680, 10016, 10336, 10705]","[1207, 2115, 3260, 3826, 4852, 5704, 6865, 8311, 8890, 10017, 10880]",0.5499999999999999,94.0909090909091,00:00:00,0.2043805606663227,1.6612253975967057e-05
