Algorithm,Log Source,Log,Complete-Window Size,Detection-Window Size,Stable Period,Detected Changepoints,Actual Changepoints for Log,F1-Score,Average Lag,Duration,Duration (Seconds),Seconds per Case
LCDD,with_noise_10,log_63_1692952460,300,300,150,"[304, 704, 1005, 1321, 1627, 1931, 2270, 2576, 2908, 3209, 3525, 3899, 4201, 4502, 4816, 5278, 5650]","[1145, 1912, 2997, 4472]",0.38095238095238093,69.5,00:00:00,0.10354280099272728,1.8016843743296898e-05
