Algorithm,Log Source,Log,Complete-Window Size,Detection-Window Size,Stable Period,Detected Changepoints,Actual Changepoints for Log,F1-Score,Average Lag,Duration,Duration (Seconds),Seconds per Case
LCDD,with_noise_5,log_21_1692952246,100,100,20,"[100, 202, 321, 462, 578, 678, 785, 885, 999, 1099, 1203, 1307, 1412, 1539, 1644, 1751, 1851, 1955, 2057, 2168, 2324, 2453, 2597, 2703, 2843, 2957, 3063, 3165, 3269, 3410, 3536, 3644, 3785, 3928, 4050, 4165, 4341, 4456, 4584, 4689, 4798, 4901, 5002, 5118, 5225, 5369, 5477, 5594, 5739, 5900, 6000, 6102, 6218, 6344, 6462, 6572, 6676, 6789, 6910]","[1096, 1828, 3150, 4136, 5287, 5888]",0.18461538461538463,24.0,00:00:00,0.06618939153850079,9.559415300187866e-06
