Algorithm,Log Source,Log,Complete-Window Size,Detection-Window Size,Stable Period,Detected Changepoints,Actual Changepoints for Log,F1-Score,Average Lag,Duration,Duration (Seconds),Seconds per Case
LCDD,with_noise_10,log_43_1692952382,300,300,150,"[323, 645, 960, 1277, 1683, 2020, 2323, 2711, 3098, 3430, 3774, 4076, 4390, 4739, 5043, 5440, 5816]","[1200, 1740, 3030, 4200, 5001]",0.45454545454545453,73.6,00:00:00,0.1074631828814745,1.776838341294221e-05
