Algorithm,Log Source,Log,P-Value,Min Adaptive Window,Max Adaptive Window,Detected Changepoints,Actual Changepoints for Log,F1-Score,Average Lag,Duration,Duration (Seconds),Seconds per Case
Process Graph Metrics,with_noise_5,log_65_1692952464,0.05,200,500,"[524, 1086, 1605, 2841, 3514, 3676, 3921, 4070, 4218, 4365, 4512, 4727, 4940, 5171, 5384, 5979]","[1326, 2439, 3162, 4414, 5355]",0.19047619047619047,39.0,00:00:12,12.452081190422177,0.0019344541231042687
