Algorithm,Log Source,Log,P-Value,Min Adaptive Window,Max Adaptive Window,Detected Changepoints,Actual Changepoints for Log,F1-Score,Average Lag,Duration,Duration (Seconds),Seconds per Case
Process Graph Metrics,with_noise_5,log_66_1692952466,0.005,300,600,"[1656, 2587, 3187, 4338, 4701, 5138, 6386, 8641, 10020, 11779, 13278, 13805, 14962, 15502]","[1333, 1858, 3125, 4597, 5145, 6189, 7122, 8601, 9725, 10332, 11494, 12957, 13775, 14782, 15396]",0.5517241379310344,90.75,00:02:27,147.01288465596735,0.008927727251835025
