Algorithm,Log Source,Log,P-Value,Min Adaptive Window,Max Adaptive Window,Detected Changepoints,Actual Changepoints for Log,F1-Score,Average Lag,Duration,Duration (Seconds),Seconds per Case
Process Graph Metrics,with_noise_10,log_29_1692952298,0.005,200,700,"[2995, 4691, 6804, 9222, 10611, 11851, 13519]","[1213, 1756, 2868, 4306, 5136, 6404, 7812, 9139, 10570, 11620, 12291, 13397]",0.4210526315789474,93.25,00:02:27,147.48816692270339,0.010190573269032225
