Algorithm,Log Source,Log,P-Value,Min Adaptive Window,Max Adaptive Window,Detected Changepoints,Actual Changepoints for Log,F1-Score,Average Lag,Duration,Duration (Seconds),Seconds per Case
Process Graph Metrics,with_noise_5,log_32_1692952308,0.05,200,600,"[436, 2140, 3810, 4187, 4676, 5426, 5658, 6258, 6763, 7195, 7667, 8099, 9570, 10212, 11724, 12370]","[1486, 2272, 3660, 4340, 5709, 6587, 7907, 8621, 9625, 10324, 11599]",0.6666666666666666,127.33333333333333,00:00:32,32.045135775581,0.002520262349632796
