Algorithm,Log Source,Log,P-Value,Min Adaptive Window,Max Adaptive Window,Detected Changepoints,Actual Changepoints for Log,F1-Score,Average Lag,Duration,Duration (Seconds),Seconds per Case
Process Graph Metrics,with_noise_5,log_35_1692952322,0.05,100,500,"[150, 1024, 1474, 2122, 2890, 3229, 3684, 4364, 4580, 4965, 5840, 6558, 7001, 7438, 8250, 8562, 8937, 9663, 10311, 10959, 12270, 12662, 13038, 13691, 14344]","[1452, 2862, 3554, 4954, 6341, 7205, 8282, 8926, 10355, 11253, 12328, 13284]",0.43243243243243246,42.0,00:01:39,99.45317711308599,0.006843265472585563
