Algorithm,Log Source,Log,P-Value,Min Adaptive Window,Max Adaptive Window,Detected Changepoints,Actual Changepoints for Log,F1-Score,Average Lag,Duration,Duration (Seconds),Seconds per Case
Process Graph Metrics,with_noise_10,log_32_1692952308,0.005,100,400,"[876, 1416, 3364, 4633, 5658, 6632, 8017, 9587, 11720, 12536]","[1486, 2272, 3660, 4340, 5709, 6587, 7907, 8621, 9625, 10324, 11599]",0.5714285714285713,72.5,00:00:28,28.08503926731646,0.0022088115821719593
