Algorithm,Log Source,Log,P-Value,Min Adaptive Window,Max Adaptive Window,Detected Changepoints,Actual Changepoints for Log,F1-Score,Average Lag,Duration,Duration (Seconds),Seconds per Case
Process Graph Metrics,with_noise_5,log_16_1692952213,0.05,200,400,"[1016, 4274, 5919, 7310, 8293, 9868, 11114, 11968, 13383]","[1356, 2761, 3835, 4592, 5716, 6979, 8389, 9274, 10631, 11912, 13144]",0.19999999999999998,76.0,00:00:42,42.47519531287253,0.00296842513892463
