Algorithm,Log Source,Log,P-Value,Min Adaptive Window,Max Adaptive Window,Detected Changepoints,Actual Changepoints for Log,F1-Score,Average Lag,Duration,Duration (Seconds),Seconds per Case
Process Graph Metrics,with_noise_5,log_35_1692952322,0.1,100,500,"[150, 300, 516, 887, 1428, 2076, 2982, 3289, 3670, 4431, 4693, 4953, 5644, 6184, 7055, 7735, 8763, 9683, 10427, 11168, 12543, 13717, 14690]","[1452, 2862, 3554, 4954, 6341, 7205, 8282, 8926, 10355, 11253, 12328, 13284]",0.5142857142857143,98.66666666666667,00:02:47,167.80341579951346,0.011546371416742135
