Algorithm,Log Source,Log,P-Value,Min Adaptive Window,Max Adaptive Window,Detected Changepoints,Actual Changepoints for Log,F1-Score,Average Lag,Duration,Duration (Seconds),Seconds per Case
Process Graph Metrics,with_noise_5,log_26_1692952272,0.005,200,400,"[850, 1515, 3258, 5336, 5576, 5998, 6722, 7115, 7554, 8709, 9015, 10195, 10570, 11150, 11700, 11916]","[1263, 1769, 2996, 3623, 4914, 5584, 6650, 7268, 8328, 9041, 10411, 11880, 12742]",0.41379310344827586,75.66666666666667,00:01:17,77.0011844523251,0.005502836021748381
