Algorithm,Log Source,Log,P-Value,Min Adaptive Window,Max Adaptive Window,Detected Changepoints,Actual Changepoints for Log,F1-Score,Average Lag,Duration,Duration (Seconds),Seconds per Case
Process Graph Metrics,with_noise_5,log_76_1692952523,0.1,400,500,"[651, 1180, 1630, 2310, 3223, 4403, 5051, 5829, 6206, 6655, 7108, 7557, 8006]","[1179, 1765, 3121, 4586, 5250, 6506, 7495]",0.7000000000000001,118.71428571428571,00:00:10,10.063471101224422,0.0011459201891624257
