Algorithm,Log Source,Log,P-Value,Min Adaptive Window,Max Adaptive Window,Detected Changepoints,Actual Changepoints for Log,F1-Score,Average Lag,Duration,Duration (Seconds),Seconds per Case
Process Graph Metrics,without_noise,log_66_1692952466,0.05,400,600,"[1625, 2600, 3248, 4128, 4907, 5882, 6422, 7110, 8604, 8821, 9036, 9853, 10875, 11639, 13126, 13307, 13503, 13724, 13984, 14896, 15158, 15420]","[1333, 1858, 3125, 4597, 5145, 6189, 7122, 8601, 9725, 10332, 11494, 12957, 13775, 14782, 15396]",0.4864864864864865,85.44444444444444,00:03:14,194.6458193268627,0.011820357036913991
