Algorithm,Log Source,Log,P-Value,Min Adaptive Window,Max Adaptive Window,Detected Changepoints,Actual Changepoints for Log,F1-Score,Average Lag,Duration,Duration (Seconds),Seconds per Case
Process Graph Metrics,without_noise,log_36_1692952355,0.005,300,400,"[1416, 2619, 4210, 4751, 6255, 10323, 11835, 14302]","[1333, 2559, 3693, 4416, 5763, 6390, 7822, 8817, 10269, 11730, 12843, 13947, 14938]",0.4761904761904762,87.4,00:00:55,55.370718410238624,0.0034665196525535983
