Algorithm,Log Source,Log,P-Value,Min Adaptive Window,Max Adaptive Window,Detected Changepoints,Actual Changepoints for Log,F1-Score,Average Lag,Duration,Duration (Seconds),Seconds per Case
Process Graph Metrics,without_noise,log_32_1692952308,0.1,400,600,"[610, 1474, 2338, 3754, 4626, 5442, 5658, 6258, 6678, 7197, 7716, 8911, 10275, 11091, 11715, 12255, 12840]","[1486, 2272, 3660, 4340, 5709, 6587, 7907, 8621, 9625, 10324, 11599]",0.5714285714285714,83.75,00:00:32,32.90192947164178,0.0025876468322172065
