Algorithm,Log Source,Log,P-Value,Min Adaptive Window,Max Adaptive Window,Detected Changepoints,Actual Changepoints for Log,F1-Score,Average Lag,Duration,Duration (Seconds),Seconds per Case
Process Graph Metrics,with_noise_10,log_36_1692952355,0.005,400,600,"[1427, 2619, 4194, 5975, 6419, 8234, 8984, 11752, 14166]","[1333, 2559, 3693, 4416, 5763, 6390, 7822, 8817, 10269, 11730, 12843, 13947, 14938]",0.4545454545454546,74.4,00:01:32,92.17682691849768,0.005770789890346064
