Algorithm,Log Source,Log,P-Value,Min Adaptive Window,Max Adaptive Window,Detected Changepoints,Actual Changepoints for Log,F1-Score,Average Lag,Duration,Duration (Seconds),Seconds per Case
Process Graph Metrics,without_noise,log_16_1692952213,0.0001,100,400,"[1460, 2881, 4577, 5816, 7054, 10697, 12023]","[1356, 2761, 3835, 4592, 5716, 6979, 8389, 9274, 10631, 11912, 13144]",0.7777777777777778,84.42857142857143,00:01:18,78.10954503528774,0.005458770356788576
