Algorithm,Log Source,Log,P-Value,Min Adaptive Window,Max Adaptive Window,Detected Changepoints,Actual Changepoints for Log,F1-Score,Average Lag,Duration,Duration (Seconds),Seconds per Case
Process Graph Metrics,without_noise,log_26_1692952272,0.0001,300,500,"[812, 1530, 3730, 5650, 6759, 7299, 7839, 8874, 10186, 10498, 11923]","[1263, 1769, 2996, 3623, 4914, 5584, 6650, 7268, 8328, 9041, 10411, 11880, 12742]",0.5833333333333334,87.14285714285714,00:01:01,61.23790183290839,0.004376324007211348
