Algorithm,Log Source,Log,P-Value,Min Adaptive Window,Max Adaptive Window,Detected Changepoints,Actual Changepoints for Log,F1-Score,Average Lag,Duration,Duration (Seconds),Seconds per Case
Process Graph Metrics,with_noise_5,log_61_1692952452,0.05,100,700,"[1914, 3805, 4946, 6341, 7997, 9536, 11474, 13419]","[1461, 2278, 3644, 4850, 6300, 7761, 9161, 9996, 11400, 11926, 13119, 13979, 15446]",0.380952380952381,93.0,00:00:53,53.54408864304423,0.0032311923627448094
