Algorithm,Log Source,Log,P-Value,Min Adaptive Window,Max Adaptive Window,Detected Changepoints,Actual Changepoints for Log,F1-Score,Average Lag,Duration,Duration (Seconds),Seconds per Case
Process Graph Metrics,with_noise_5,log_7_1692952178,0.05,300,400,"[2043, 7096, 8621, 10399, 11932, 17252]","[1311, 2256, 3605, 4597, 5681, 6939, 8352, 9584, 10457, 11681, 12486, 13960, 14957, 16422, 17190]",0.28571428571428575,92.33333333333333,00:01:27,87.88197922892869,0.004810706110626707
