Algorithm,Log Source,Log,P-Value,Min Adaptive Window,Max Adaptive Window,Detected Changepoints,Actual Changepoints for Log,F1-Score,Average Lag,Duration,Duration (Seconds),Seconds per Case
Process Graph Metrics,with_noise_5,log_42_1692952376,0.005,200,600,"[3864, 4948, 6878, 8093, 9892, 12330]","[1465, 2388, 3805, 4827, 5718, 6808, 7871, 8414, 9656, 10599, 11897, 12538]",0.3333333333333333,83.33333333333333,00:02:00,120.09759943559766,0.008630181045961315
