Algorithm,Log Source,Log,P-Value,Min Adaptive Window,Max Adaptive Window,Detected Changepoints,Actual Changepoints for Log,F1-Score,Average Lag,Duration,Duration (Seconds),Seconds per Case
Process Graph Metrics,without_noise,log_61_1692952452,0.05,300,700,"[1897, 2975, 4045, 6330, 7210, 8145, 9493, 10141, 11642]","[1461, 2278, 3644, 4850, 6300, 7761, 9161, 9996, 11400, 11926, 13119, 13979, 15446]",0.18181818181818185,87.5,00:00:19,19.17401548475027,0.0011570825831120795
