Algorithm,Log Source,Log,P-Value,Min Adaptive Window,Max Adaptive Window,Detected Changepoints,Actual Changepoints for Log,F1-Score,Average Lag,Duration,Duration (Seconds),Seconds per Case
Process Graph Metrics,with_noise_10,log_66_1692952466,0.005,400,400,"[1636, 2038, 3825, 4930, 5353, 6356, 8674, 9931, 10390, 10930, 13152, 13689, 14136, 14933, 15308, 15858, 16233]","[1333, 1858, 3125, 4597, 5145, 6189, 7122, 8601, 9725, 10332, 11494, 12957, 13775, 14782, 15396]",0.5,124.75,00:02:11,131.69106372445822,0.007997271131624352
