Algorithm,Log Source,Log,P-Value,Min Adaptive Window,Max Adaptive Window,Detected Changepoints,Actual Changepoints for Log,F1-Score,Average Lag,Duration,Duration (Seconds),Seconds per Case
Process Graph Metrics,with_noise_5,log_7_1692952178,0.05,200,500,"[2012, 3765, 5734, 7249, 8612, 10374, 11917, 14245, 16916]","[1311, 2256, 3605, 4597, 5681, 6939, 8352, 9584, 10457, 11681, 12486, 13960, 14957, 16422, 17190]",0.25,98.66666666666667,00:01:44,104.75228365138173,0.005734195514089212
