Algorithm,Log Source,Log,P-Value,Min Adaptive Window,Max Adaptive Window,Detected Changepoints,Actual Changepoints for Log,F1-Score,Average Lag,Duration,Duration (Seconds),Seconds per Case
Process Graph Metrics,with_noise_5,log_23_1692952259,0.05,300,400,"[1914, 3860, 6187, 7788, 8788, 9517, 9954, 11129, 11742, 12358, 12822]","[1464, 2335, 3773, 4539, 5637, 6477, 7514, 8662, 9652, 10998, 11610, 12811]",0.5217391304347826,103.66666666666667,00:00:36,36.02579182945192,0.002604901795332749
