Algorithm,Log Source,Log,P-Value,Min Adaptive Window,Max Adaptive Window,Detected Changepoints,Actual Changepoints for Log,F1-Score,Average Lag,Duration,Duration (Seconds),Seconds per Case
Process Graph Metrics,with_noise_5,log_61_1692952452,0.05,300,600,"[2184, 3687, 5125, 6341, 8156, 9536, 11484, 13346]","[1461, 2278, 3644, 4850, 6300, 7761, 9161, 9996, 11400, 11926, 13119, 13979, 15446]",0.380952380952381,65.5,00:00:30,30.235621333122253,0.0018246105445128388
