Algorithm,Log Source,Log,P-Value,Min Adaptive Window,Max Adaptive Window,Detected Changepoints,Actual Changepoints for Log,F1-Score,Average Lag,Duration,Duration (Seconds),Seconds per Case
Process Graph Metrics,with_noise_10,log_60_1692952441,0.1,200,600,"[1389, 2123, 3053, 3608, 5378, 6577, 7880, 9108, 10501]","[1176, 1816, 2868, 3524, 5017, 6406, 7452, 8819, 10127]",0.3333333333333333,146.66666666666666,00:01:57,117.44149697571993,0.010354566829105972
