Algorithm,Log Source,Log,P-Value,Min Adaptive Window,Max Adaptive Window,Detected Changepoints,Actual Changepoints for Log,F1-Score,Average Lag,Duration,Duration (Seconds),Seconds per Case
Process Graph Metrics,with_noise_5,log_36_1692952355,0.1,300,700,"[1389, 2858, 3996, 5127, 6131, 7372, 8376, 10529, 11974, 13841, 14671]","[1333, 2559, 3693, 4416, 5763, 6390, 7822, 8817, 10269, 11730, 12843, 13947, 14938]",0.16666666666666669,81.0,00:01:20,80.42200917936862,0.0050348719200756665
