Algorithm,Log Source,Log,P-Value,Min Adaptive Window,Max Adaptive Window,Detected Changepoints,Actual Changepoints for Log,F1-Score,Average Lag,Duration,Duration (Seconds),Seconds per Case
Process Graph Metrics,with_noise_10,log_69_1692952502,0.05,300,700,"[1630, 2532, 3610, 5063, 5935, 6807, 9305, 9845]","[1487, 2098, 3497, 4638, 5779, 6664, 7725, 9125, 9901]",0.7058823529411765,131.83333333333334,00:00:18,18.37498613446951,0.0016516841469186075
