Algorithm,Log Source,Log,P-Value,Min Adaptive Window,Max Adaptive Window,Detected Changepoints,Actual Changepoints for Log,F1-Score,Average Lag,Duration,Duration (Seconds),Seconds per Case
Process Graph Metrics,without_noise,log_35_1692952322,0.05,300,400,"[456, 1006, 1231, 1447, 2033, 2621, 3036, 3887, 4827, 6035, 6525, 6819, 7180, 7730, 8310, 8533, 8793, 9053, 9605, 10157, 10739, 11279, 12432, 12786, 13172, 13627]","[1452, 2862, 3554, 4954, 6341, 7205, 8282, 8926, 10355, 11253, 12328, 13284]",0.5789473684210527,100.9090909090909,00:01:36,96.53448835201561,0.006642433658020754
