Algorithm,Log Source,Log,P-Value,Min Adaptive Window,Max Adaptive Window,Detected Changepoints,Actual Changepoints for Log,F1-Score,Average Lag,Duration,Duration (Seconds),Seconds per Case
Process Graph Metrics,with_noise_10,log_22_1692952248,0.05,200,500,"[638, 1290, 2448, 2843, 3238, 3633, 4418, 4678, 5904, 6996, 7308, 7620, 8133, 8663, 9588, 10009, 10261, 11059]","[1244, 2280, 3281, 4625, 6029, 7290, 8171, 9596, 10320]",0.6666666666666666,62.0,00:00:26,26.16978753171861,0.0022529087062429934
