Algorithm,Log Source,Log,P-Value,Min Adaptive Window,Max Adaptive Window,Detected Changepoints,Actual Changepoints for Log,F1-Score,Average Lag,Duration,Duration (Seconds),Seconds per Case
Process Graph Metrics,with_noise_5,log_16_1692952213,0.1,400,600,"[1573, 2221, 2873, 4149, 4899, 5776, 6565, 7344, 8123, 9471, 10691, 11142, 11850, 12626, 12848, 13303]","[1356, 2761, 3835, 4592, 5716, 6979, 8389, 9274, 10631, 11912, 13144]",0.4444444444444444,108.33333333333333,00:01:06,66.26769629493356,0.004631189901106545
