Algorithm,Log Source,Log,P-Value,Min Adaptive Window,Max Adaptive Window,Detected Changepoints,Actual Changepoints for Log,F1-Score,Average Lag,Duration,Duration (Seconds),Seconds per Case
Process Graph Metrics,with_noise_5,log_89_1692952588,0.0001,400,700,"[1635, 4903, 6143, 6963, 10516, 12574, 13231, 14590, 16088]","[1231, 2194, 3370, 4789, 6034, 6961, 8392, 8969, 10160, 11100, 12512, 13171, 14519, 15691]",0.5217391304347826,69.66666666666667,00:01:43,103.82463360577822,0.0061704881496361715
