Algorithm,Log Source,Log,P-Value,Min Adaptive Window,Max Adaptive Window,Detected Changepoints,Actual Changepoints for Log,F1-Score,Average Lag,Duration,Duration (Seconds),Seconds per Case
Process Graph Metrics,with_noise_5,log_23_1692952259,0.05,200,600,"[2008, 4109, 5860, 6401, 7190, 8744, 9622, 11165, 11944, 12824]","[1464, 2335, 3773, 4539, 5637, 6477, 7514, 8662, 9652, 10998, 11610, 12811]",0.45454545454545453,73.6,00:01:01,61.48547327145934,0.004445804285716511
