Algorithm,Log Source,Log,P-Value,Min Adaptive Window,Max Adaptive Window,Detected Changepoints,Actual Changepoints for Log,F1-Score,Average Lag,Duration,Duration (Seconds),Seconds per Case
Process Graph Metrics,with_noise_10,log_42_1692952376,0.1,100,400,"[3839, 6848, 8108, 8634, 12385]","[1465, 2388, 3805, 4827, 5718, 6808, 7871, 8414, 9656, 10599, 11897, 12538]",0.35294117647058826,75.66666666666667,00:01:34,94.61287662386894,0.0067988557504936
