Algorithm,Log Source,Log,P-Value,Min Adaptive Window,Max Adaptive Window,Detected Changepoints,Actual Changepoints for Log,F1-Score,Average Lag,Duration,Duration (Seconds),Seconds per Case
Process Graph Metrics,with_noise_10,log_35_1692952322,0.05,300,600,"[457, 1371, 1973, 2276, 2644, 3023, 3388, 3892, 4524, 5280, 6030, 6246, 6462, 6837, 7212, 8844, 10209, 10914, 12666, 13453, 14381]","[1452, 2862, 3554, 4954, 6341, 7205, 8282, 8926, 10355, 11253, 12328, 13284]",0.4848484848484849,113.375,00:01:46,106.27790900878608,0.0073128678874827
