Algorithm,Log Source,Log,P-Value,Min Adaptive Window,Max Adaptive Window,Detected Changepoints,Actual Changepoints for Log,F1-Score,Average Lag,Duration,Duration (Seconds),Seconds per Case
Process Graph Metrics,without_noise,log_32_1692952308,0.05,100,400,"[221, 864, 1364, 1869, 2515, 3520, 3757, 4213, 4753, 5469, 6009, 6920, 7667, 8545, 8781, 9370, 9550, 9925, 10310, 11717, 12258, 12840]","[1486, 2272, 3660, 4340, 5709, 6587, 7907, 8621, 9625, 10324, 11599]",0.4242424242424242,89.85714285714286,00:00:20,20.837273940443993,0.0016387946473019263
