Algorithm,Log Source,Log,P-Value,Min Adaptive Window,Max Adaptive Window,Detected Changepoints,Actual Changepoints for Log,F1-Score,Average Lag,Duration,Duration (Seconds),Seconds per Case
Process Graph Metrics,without_noise,log_32_1692952308,0.05,200,500,"[345, 804, 1354, 2067, 2846, 3599, 4222, 4749, 5429, 5658, 6258, 6703, 7222, 7741, 9276, 9479, 10020, 10670, 11665, 12313]","[1486, 2272, 3660, 4340, 5709, 6587, 7907, 8621, 9625, 10324, 11599]",0.5161290322580645,107.0,00:00:13,13.176865044981241,0.0010363244235140575
