Algorithm,Log Source,Log,P-Value,Min Adaptive Window,Max Adaptive Window,Detected Changepoints,Actual Changepoints for Log,F1-Score,Average Lag,Duration,Duration (Seconds),Seconds per Case
Process Graph Metrics,without_noise,log_13_1692952198,0.05,100,400,"[162, 1515, 2055, 2612, 3562, 3712, 4759, 6037, 6812, 7262, 8131, 8311, 8491, 8836, 9708, 10083]","[1285, 2064, 3509, 4569, 6017, 7324, 8391, 9657]",0.5833333333333334,66.42857142857143,00:00:44,44.71677818335593,0.004149278851568705
