Algorithm,Log Source,Log,P-Value,Min Adaptive Window,Max Adaptive Window,Detected Changepoints,Actual Changepoints for Log,F1-Score,Average Lag,Duration,Duration (Seconds),Seconds per Case
Process Graph Metrics,with_noise_5,log_29_1692952298,0.05,200,700,"[1504, 2283, 3218, 4734, 6447, 9514, 10661, 11836, 13479]","[1213, 1756, 2868, 4306, 5136, 6404, 7812, 9139, 10570, 11620, 12291, 13397]",0.28571428571428575,72.0,00:01:09,69.08272814750671,0.004773214133041299
