Algorithm,Log Source,Log,P-Value,Min Adaptive Window,Max Adaptive Window,Detected Changepoints,Actual Changepoints for Log,F1-Score,Average Lag,Duration,Duration (Seconds),Seconds per Case
Process Graph Metrics,with_noise_10,log_77_1692952527,0.005,400,600,"[1427, 2206, 3587, 5357, 6642, 7413, 8301, 9516]","[1150, 2081, 3258, 3936, 4990, 6332, 7232, 8267, 9297, 10336]",0.33333333333333326,113.33333333333333,00:05:05,305.31270766444504,0.026565101162833466
