Algorithm,Log Source,Log,P-Value,Min Adaptive Window,Max Adaptive Window,Detected Changepoints,Actual Changepoints for Log,F1-Score,Average Lag,Duration,Duration (Seconds),Seconds per Case
Process Graph Metrics,with_noise_10,log_20_1692952238,0.005,400,500,"[2132, 5549, 7064, 8115, 9498, 12285, 14020]","[1357, 2105, 3482, 4422, 5484, 6787, 8017, 9381, 10872, 11904, 12802, 13833]",0.5263157894736842,98.8,00:00:53,53.541213031858206,0.0035582649718786607
