Algorithm,Log Source,Log,P-Value,Min Adaptive Window,Max Adaptive Window,Detected Changepoints,Actual Changepoints for Log,F1-Score,Average Lag,Duration,Duration (Seconds),Seconds per Case
Process Graph Metrics,with_noise_10,log_65_1692952464,0.1,200,700,"[451, 922, 1442, 2090, 2843, 3723, 3903, 4095, 4319, 4535, 4751, 4967, 5183, 5401, 5776, 6424]","[1326, 2439, 3162, 4414, 5355]",0.2857142857142857,85.66666666666667,00:00:19,19.317559173330665,0.003001018979855626
