Algorithm,Log Source,Log,P-Value,Min Adaptive Window,Max Adaptive Window,Detected Changepoints,Actual Changepoints for Log,F1-Score,Average Lag,Duration,Duration (Seconds),Seconds per Case
Process Graph Metrics,with_noise_5,log_31_1692952304,0.1,200,400,"[300, 916, 1291, 1516, 1984, 2452, 3015, 3603, 4218, 4781, 5556, 5931, 6320, 6782]","[1438, 2870, 3391, 4545, 5871]",0.3157894736842105,94.33333333333333,00:00:10,10.39804027043283,0.0014496082908731116
