Algorithm,Log Source,Log,P-Value,Min Adaptive Window,Max Adaptive Window,Detected Changepoints,Actual Changepoints for Log,F1-Score,Average Lag,Duration,Duration (Seconds),Seconds per Case
Process Graph Metrics,with_noise_5,log_20_1692952238,0.0001,300,700,"[5574, 6826, 8126, 9618, 12326, 14103]","[1357, 2105, 3482, 4422, 5484, 6787, 8017, 9381, 10872, 11904, 12802, 13833]",0.3333333333333333,79.33333333333333,00:02:14,134.14286950416863,0.00891492453672949
