Algorithm,Log Source,Log,P-Value,Min Adaptive Window,Max Adaptive Window,Detected Changepoints,Actual Changepoints for Log,F1-Score,Average Lag,Duration,Duration (Seconds),Seconds per Case
Process Graph Metrics,with_noise_10,log_49_1692952403,0.005,200,600,"[1423, 2077, 3482, 3965, 5208, 5954, 7109, 8628, 10515]","[1207, 2115, 3260, 3826, 4852, 5704, 6865, 8311, 8890, 10017, 10880]",0.19999999999999998,88.5,00:00:23,23.213559677824378,0.0018868210743578297
