Algorithm,Log Source,Log,P-Value,Min Adaptive Window,Max Adaptive Window,Detected Changepoints,Actual Changepoints for Log,F1-Score,Average Lag,Duration,Duration (Seconds),Seconds per Case
Process Graph Metrics,with_noise_10,log_66_1692952466,0.005,400,500,"[1574, 2114, 3294, 4744, 5194, 6409, 8665, 9943, 10983, 11526, 13174, 13822, 14998]","[1333, 1858, 3125, 4597, 5145, 6189, 7122, 8601, 9725, 10332, 11494, 12957, 13775, 14782, 15396]",0.42857142857142855,84.66666666666667,00:03:20,200.2474514245987,0.012160530237723854
