Algorithm,Log Source,Log,P-Value,Min Adaptive Window,Max Adaptive Window,Detected Changepoints,Actual Changepoints for Log,F1-Score,Average Lag,Duration,Duration (Seconds),Seconds per Case
Process Graph Metrics,with_noise_10,log_77_1692952527,0.0001,200,500,"[1653, 2103, 3596, 4083, 5024, 6532, 7320, 8428, 9438, 10417]","[1150, 2081, 3258, 3936, 4990, 6332, 7232, 8267, 9297, 10336]",0.8000000000000002,109.25,00:02:36,156.34203067421913,0.013603239421754036
