Algorithm,Log Source,Log,P-Value,Min Adaptive Window,Max Adaptive Window,Detected Changepoints,Actual Changepoints for Log,F1-Score,Average Lag,Duration,Duration (Seconds),Seconds per Case
Process Graph Metrics,with_noise_5,log_23_1692952259,0.005,100,400,"[2341, 4162, 6450, 7708, 8818, 9358, 9977, 11162, 11531, 12824]","[1464, 2335, 3773, 4539, 5637, 6477, 7514, 8662, 9652, 10998, 11610, 12811]",0.6363636363636365,91.28571428571429,00:00:36,36.70767613314092,0.0026542065172191556
