Algorithm,Log Source,Log,P-Value,Min Adaptive Window,Max Adaptive Window,Detected Changepoints,Actual Changepoints for Log,F1-Score,Average Lag,Duration,Duration (Seconds),Seconds per Case
Process Graph Metrics,with_noise_5,log_66_1692952466,0.1,400,600,"[845, 1728, 2547, 2763, 3172, 3783, 4643, 4903, 5170, 6239, 6614, 7056, 8640, 9014, 9874, 10253, 11032, 11811, 12960, 13500, 14044, 14864, 15294]","[1333, 1858, 3125, 4597, 5145, 6189, 7122, 8601, 9725, 10332, 11494, 12957, 13775, 14782, 15396]",0.6315789473684211,68.16666666666667,00:01:44,104.04910395666957,0.0063186435875793754
