Algorithm,Log Source,Log,P-Value,Min Adaptive Window,Max Adaptive Window,Detected Changepoints,Actual Changepoints for Log,F1-Score,Average Lag,Duration,Duration (Seconds),Seconds per Case
Process Graph Metrics,with_noise_10,log_36_1692952355,0.1,300,400,"[1382, 4312, 4931, 5931, 6297, 7911, 8796, 11739, 13053, 13669, 14123, 14630]","[1333, 2559, 3693, 4416, 5763, 6390, 7822, 8817, 10269, 11730, 12843, 13947, 14938]",0.64,88.625,00:00:57,57.95032339915633,0.0036280174919649617
