Algorithm,Log Source,Log,P-Value,Min Adaptive Window,Max Adaptive Window,Detected Changepoints,Actual Changepoints for Log,F1-Score,Average Lag,Duration,Duration (Seconds),Seconds per Case
Process Graph Metrics,with_noise_5,log_69_1692952502,0.1,400,400,"[940, 1747, 3660, 4893, 6006, 6434, 7001, 7795, 9422, 9728]","[1487, 2098, 3497, 4638, 5779, 6664, 7725, 9125, 9901]",0.3157894736842105,135.33333333333334,00:00:10,10.432481624186039,0.0009377511572302058
