Algorithm,Log Source,Log,P-Value,Min Adaptive Window,Max Adaptive Window,Detected Changepoints,Actual Changepoints for Log,F1-Score,Average Lag,Duration,Duration (Seconds),Seconds per Case
Process Graph Metrics,with_noise_10,log_32_1692952308,0.1,400,700,"[1400, 2049, 4283, 5989, 7116, 7667, 8628, 9527, 9743, 10055, 10834, 11769]","[1486, 2272, 3660, 4340, 5709, 6587, 7907, 8621, 9625, 10324, 11599]",0.43478260869565216,83.6,00:00:16,16.094047777354717,0.0012657528727766196
