Algorithm,Log Source,Log,P-Value,Min Adaptive Window,Max Adaptive Window,Detected Changepoints,Actual Changepoints for Log,F1-Score,Average Lag,Duration,Duration (Seconds),Seconds per Case
Process Graph Metrics,with_noise_5,log_35_1692952322,0.0001,100,400,"[148, 1497, 2087, 3266, 3687, 5005, 5985, 6297, 6949, 7414, 8615, 9048, 9644, 10909, 12382, 12694, 13093, 13973, 14427]","[1452, 2862, 3554, 4954, 6341, 7205, 8282, 8926, 10355, 11253, 12328, 13284]",0.4516129032258065,91.42857142857143,00:04:26,266.20314367860556,0.018317150187752394
