Algorithm,Log Source,Log,P-Value,Min Adaptive Window,Max Adaptive Window,Detected Changepoints,Actual Changepoints for Log,F1-Score,Average Lag,Duration,Duration (Seconds),Seconds per Case
Process Graph Metrics,with_noise_10,log_29_1692952298,0.0001,400,400,"[3052, 6506, 7935, 9217, 10674, 13552]","[1213, 1756, 2868, 4306, 5136, 6404, 7812, 9139, 10570, 11620, 12291, 13397]",0.6666666666666666,124.33333333333333,00:00:41,41.00924577191472,0.002833500018787723
