Algorithm,Log Source,Log,P-Value,Min Adaptive Window,Max Adaptive Window,Detected Changepoints,Actual Changepoints for Log,F1-Score,Average Lag,Duration,Duration (Seconds),Seconds per Case
Process Graph Metrics,without_noise,log_29_1692952298,0.05,100,500,"[1723, 2188, 3000, 3760, 5015, 6497, 7831, 9085, 9350, 9954, 10635, 12244, 12962, 13678]","[1213, 1756, 2868, 4306, 5136, 6404, 7812, 9139, 10570, 11620, 12291, 13397]",0.6153846153846153,70.5,00:00:42,42.96186306886375,0.002968414500716075
