Algorithm,Log Source,Log,P-Value,Min Adaptive Window,Max Adaptive Window,Detected Changepoints,Actual Changepoints for Log,F1-Score,Average Lag,Duration,Duration (Seconds),Seconds per Case
Process Graph Metrics,without_noise,log_66_1692952466,0.005,300,400,"[1292, 1604, 1916, 2586, 3188, 4893, 5307, 6302, 8673, 9928, 10378, 10918, 13153, 13729, 14176, 14909, 15869]","[1333, 1858, 3125, 4597, 5145, 6189, 7122, 8601, 9725, 10332, 11494, 12957, 13775, 14782, 15396]",0.625,92.4,00:02:57,177.36238278448582,0.010770776874019908
