Algorithm,Log Source,Log,P-Value,Min Adaptive Window,Max Adaptive Window,Detected Changepoints,Actual Changepoints for Log,F1-Score,Average Lag,Duration,Duration (Seconds),Seconds per Case
Process Graph Metrics,with_noise_5,log_36_1692952355,0.005,400,400,"[1406, 2621, 4254, 4993, 5896, 6264, 8041, 10324, 11999]","[1333, 2559, 3693, 4416, 5763, 6390, 7822, 8817, 10269, 11730, 12843, 13947, 14938]",0.5454545454545455,101.83333333333333,00:01:33,93.62746596708894,0.005861608086589178
