Algorithm,Log Source,Log,P-Value,Min Adaptive Window,Max Adaptive Window,Detected Changepoints,Actual Changepoints for Log,F1-Score,Average Lag,Duration,Duration (Seconds),Seconds per Case
Process Graph Metrics,with_noise_5,log_77_1692952527,0.1,100,500,"[1380, 1692, 2004, 3532, 3982, 5894, 6497, 6936, 7310, 8418, 9422, 10308]","[1150, 2081, 3258, 3936, 4990, 6332, 7232, 8267, 9297, 10336]",0.6363636363636365,95.71428571428571,00:01:36,96.003133200109,0.008353183085365787
