Algorithm,Log Source,Log,P-Value,Min Adaptive Window,Max Adaptive Window,Detected Changepoints,Actual Changepoints for Log,F1-Score,Average Lag,Duration,Duration (Seconds),Seconds per Case
Process Graph Metrics,without_noise,log_66_1692952466,0.1,400,500,"[960, 1335, 1710, 2597, 3179, 3783, 4876, 5232, 5973, 6714, 8398, 8618, 8841, 9989, 10637, 11449, 12004, 13552, 14812, 15416, 16228, 16540]","[1333, 1858, 3125, 4597, 5145, 6189, 7122, 8601, 9725, 10332, 11494, 12957, 13775, 14782, 15396]",0.43243243243243246,50.375,00:01:36,96.52325636334717,0.005861617560171687
