Algorithm,Log Source,Log,P-Value,Min Adaptive Window,Max Adaptive Window,Detected Changepoints,Actual Changepoints for Log,F1-Score,Average Lag,Duration,Duration (Seconds),Seconds per Case
Process Graph Metrics,with_noise_10,log_32_1692952308,0.005,400,500,"[1375, 4293, 5681, 6236, 6775, 7314, 8082, 9283, 9532, 11757, 12406]","[1486, 2272, 3660, 4340, 5709, 6587, 7907, 8621, 9625, 10324, 11599]",0.6363636363636364,114.28571428571429,00:00:27,27.01254273764789,0.0021244626612385285
