Algorithm,Log Source,Log,P-Value,Min Adaptive Window,Max Adaptive Window,Detected Changepoints,Actual Changepoints for Log,F1-Score,Average Lag,Duration,Duration (Seconds),Seconds per Case
Process Graph Metrics,with_noise_10,log_67_1692952494,0.1,200,400,"[1025, 1565, 2115, 2665, 2819, 4039, 4555, 5465, 5766, 7341, 8037, 8587, 8737, 9090]","[1312, 2743, 3889, 5271, 5852, 7181, 7712, 9147]",0.5454545454545454,120.5,00:00:21,21.14424059353769,0.002006856548361588
