Algorithm,Log Source,Log,P-Value,Min Adaptive Window,Max Adaptive Window,Detected Changepoints,Actual Changepoints for Log,F1-Score,Average Lag,Duration,Duration (Seconds),Seconds per Case
Process Graph Metrics,with_noise_10,log_66_1692952466,0.05,200,600,"[1598, 1913, 2380, 3159, 3909, 4757, 5977, 6756, 8607, 9758, 10298, 10946, 11594, 12374, 13199, 13978, 14878, 15242, 15643]","[1333, 1858, 3125, 4597, 5145, 6189, 7122, 8601, 9725, 10332, 11494, 12957, 13775, 14782, 15396]",0.5294117647058824,74.66666666666667,00:02:39,159.96661911159754,0.009714375363551195
