Algorithm,Log Source,Log,P-Value,Min Adaptive Window,Max Adaptive Window,Detected Changepoints,Actual Changepoints for Log,F1-Score,Average Lag,Duration,Duration (Seconds),Seconds per Case
Process Graph Metrics,with_noise_10,log_89_1692952588,0.0001,100,700,"[1676, 3669, 6700, 8655, 10532, 12554, 14576, 16074]","[1231, 2194, 3370, 4789, 6034, 6961, 8392, 8969, 10160, 11100, 12512, 13171, 14519, 15691]",0.18181818181818182,49.5,00:02:05,125.05333877541125,0.007432148982254323
