Algorithm,Log Source,Log,P-Value,Min Adaptive Window,Max Adaptive Window,Detected Changepoints,Actual Changepoints for Log,F1-Score,Average Lag,Duration,Duration (Seconds),Seconds per Case
Process Graph Metrics,with_noise_5,log_13_1692952198,0.05,400,600,"[1512, 2150, 2718, 3838, 4853, 5508, 6117, 7295, 8620, 10094]","[1285, 2064, 3509, 4569, 6017, 7324, 8391, 9657]",0.33333333333333326,71.66666666666667,00:00:44,44.87156214006245,0.004163641286077986
