Algorithm,Log Source,Log,P-Value,Min Adaptive Window,Max Adaptive Window,Detected Changepoints,Actual Changepoints for Log,F1-Score,Average Lag,Duration,Duration (Seconds),Seconds per Case
Process Graph Metrics,with_noise_10,log_36_1692952355,0.05,400,400,"[1394, 2599, 4206, 4747, 5992, 6499, 8159, 11908, 13762, 14616]","[1333, 2559, 3693, 4416, 5763, 6390, 7822, 8817, 10269, 11730, 12843, 13947, 14938]",0.4347826086956522,114.6,00:00:42,42.71248555928469,0.0026740427946713007
