Algorithm,Log Source,Log,P-Value,Min Adaptive Window,Max Adaptive Window,Detected Changepoints,Actual Changepoints for Log,F1-Score,Average Lag,Duration,Duration (Seconds),Seconds per Case
Process Graph Metrics,with_noise_10,log_26_1692952272,0.1,200,700,"[432, 864, 1528, 3340, 4275, 5089, 5868, 6647, 7426, 8646, 9452, 10331, 11730, 12567]","[1263, 1769, 2996, 3623, 4914, 5584, 6650, 7268, 8328, 9041, 10411, 11880, 12742]",0.4444444444444445,123.5,00:01:08,68.23490675911307,0.0048763600914109246
