Algorithm,Log Source,Log,P-Value,Min Adaptive Window,Max Adaptive Window,Detected Changepoints,Actual Changepoints for Log,F1-Score,Average Lag,Duration,Duration (Seconds),Seconds per Case
Process Graph Metrics,with_noise_5,log_36_1692952355,0.05,100,700,"[1392, 2861, 4002, 5127, 6131, 7426, 8430, 11982, 13195, 14297]","[1333, 2559, 3693, 4416, 5763, 6390, 7822, 8817, 10269, 11730, 12843, 13947, 14938]",0.08695652173913043,59.0,00:01:56,116.5438709165901,0.0072963044460395724
