Algorithm,Log Source,Log,P-Value,Min Adaptive Window,Max Adaptive Window,Detected Changepoints,Actual Changepoints for Log,F1-Score,Average Lag,Duration,Duration (Seconds),Seconds per Case
Process Graph Metrics,with_noise_10,log_22_1692952248,0.0001,200,600,"[763, 1513, 2361, 3267, 3625, 4602, 5582, 6182, 7561, 8340, 9390, 9840, 10290]","[1244, 2280, 3281, 4625, 6029, 7290, 8171, 9596, 10320]",0.5454545454545455,78.33333333333333,00:00:36,36.50685748271644,0.0031428079788839913
