Algorithm,Log Source,Log,P-Value,Min Adaptive Window,Max Adaptive Window,Detected Changepoints,Actual Changepoints for Log,F1-Score,Average Lag,Duration,Duration (Seconds),Seconds per Case
Process Graph Metrics,with_noise_10,log_66_1692952466,0.1,400,700,"[1610, 3135, 3869, 5032, 6045, 7050, 8685, 9925, 10540, 11780, 13155, 13803, 15298, 16293]","[1333, 1858, 3125, 4597, 5145, 6189, 7122, 8601, 9725, 10332, 11494, 12957, 13775, 14782, 15396]",0.6206896551724138,105.22222222222223,00:02:32,152.5796638969332,0.009265783925240372
