Algorithm,Log Source,Log,P-Value,Min Adaptive Window,Max Adaptive Window,Detected Changepoints,Actual Changepoints for Log,F1-Score,Average Lag,Duration,Duration (Seconds),Seconds per Case
Process Graph Metrics,without_noise,log_66_1692952466,0.005,300,500,"[1636, 2584, 3203, 4356, 4674, 4994, 6227, 6608, 7281, 8687, 9872, 10254, 12022, 13174, 13822, 14998]","[1333, 1858, 3125, 4597, 5145, 6189, 7122, 8601, 9725, 10332, 11494, 12957, 13775, 14782, 15396]",0.5806451612903225,95.66666666666667,00:02:56,176.70069778338075,0.010730594387768308
