Algorithm,Log Source,Log,P-Value,Min Adaptive Window,Max Adaptive Window,Detected Changepoints,Actual Changepoints for Log,F1-Score,Average Lag,Duration,Duration (Seconds),Seconds per Case
Process Graph Metrics,with_noise_10,log_42_1692952376,0.05,100,400,"[3836, 6853, 8113, 8635, 12520]","[1465, 2388, 3805, 4827, 5718, 6808, 7871, 8414, 9656, 10599, 11897, 12538]",0.35294117647058826,31.333333333333332,00:01:11,71.72751091234386,0.005154319553919507
