Algorithm,Log Source,Log,P-Value,Min Adaptive Window,Max Adaptive Window,Detected Changepoints,Actual Changepoints for Log,F1-Score,Average Lag,Duration,Duration (Seconds),Seconds per Case
Process Graph Metrics,without_noise,log_16_1692952213,0.1,400,700,"[1668, 2833, 4147, 5784, 7081, 7960, 8500, 9053, 10526, 11522, 12284, 13046]","[1356, 2761, 3835, 4592, 5716, 6979, 8389, 9274, 10631, 11912, 13144]",0.5217391304347826,92.66666666666667,00:01:16,76.25816405378282,0.0053293845868881695
