Algorithm,Log Source,Log,P-Value,Min Adaptive Window,Max Adaptive Window,Detected Changepoints,Actual Changepoints for Log,F1-Score,Average Lag,Duration,Duration (Seconds),Seconds per Case
Process Graph Metrics,with_noise_5,log_65_1692952464,0.1,100,500,"[150, 410, 875, 1415, 1972, 2934, 3150, 3336, 3552, 3768, 4009, 4321, 4709, 5084, 5624, 6274]","[1326, 2439, 3162, 4414, 5355]",0.2857142857142857,64.66666666666667,00:00:06,6.271933153271675,0.0009743565563572589
