Algorithm,Log Source,Log,P-Value,Min Adaptive Window,Max Adaptive Window,Detected Changepoints,Actual Changepoints for Log,F1-Score,Average Lag,Duration,Duration (Seconds),Seconds per Case
Process Graph Metrics,without_noise,log_61_1692952452,0.1,200,600,"[2047, 2741, 3760, 4918, 6158, 9490, 10030, 11490, 13239]","[1461, 2278, 3644, 4850, 6300, 7761, 9161, 9996, 11400, 11926, 13119, 13979, 15446]",0.5454545454545455,95.0,00:00:36,36.54569262638688,0.002205400556779125
