Algorithm,Log Source,Log,P-Value,Min Adaptive Window,Max Adaptive Window,Detected Changepoints,Actual Changepoints for Log,F1-Score,Average Lag,Duration,Duration (Seconds),Seconds per Case
Process Graph Metrics,without_noise,log_26_1692952272,0.0001,400,700,"[1694, 3383, 5624, 6768, 7143, 7748, 8656, 10824, 11675, 11906]","[1263, 1769, 2996, 3623, 4914, 5584, 6650, 7268, 8328, 9041, 10411, 11880, 12742]",0.4347826086956522,76.8,00:01:04,64.23550689965487,0.0045905457657153485
