Algorithm,Log Source,Log,P-Value,Min Adaptive Window,Max Adaptive Window,Detected Changepoints,Actual Changepoints for Log,F1-Score,Average Lag,Duration,Duration (Seconds),Seconds per Case
Process Graph Metrics,with_noise_10,log_7_1692952178,0.005,400,700,"[1993, 3845, 5786, 7206, 8776, 10444, 11877, 16970]","[1311, 2256, 3605, 4597, 5681, 6939, 8352, 9584, 10457, 11681, 12486, 13960, 14957, 16422, 17190]",0.26086956521739135,104.66666666666667,00:01:59,119.27098758146167,0.006528957060513558
