Algorithm,Log Source,Log,P-Value,Min Adaptive Window,Max Adaptive Window,Detected Changepoints,Actual Changepoints for Log,F1-Score,Average Lag,Duration,Duration (Seconds),Seconds per Case
Process Graph Metrics,with_noise_5,log_22_1692952248,0.1,100,600,"[150, 681, 1037, 1355, 1814, 2273, 2732, 3207, 3666, 4470, 5384, 6181, 7156, 7440, 7701, 8125, 8663, 9638, 10013, 10388]","[1244, 2280, 3281, 4625, 6029, 7290, 8171, 9596, 10320]",0.6206896551724138,87.66666666666667,00:00:41,41.98654164932668,0.003614543874769859
