Algorithm,Log Source,Log,P-Value,Min Adaptive Window,Max Adaptive Window,Detected Changepoints,Actual Changepoints for Log,F1-Score,Average Lag,Duration,Duration (Seconds),Seconds per Case
Process Graph Metrics,with_noise_5,log_67_1692952494,0.1,100,400,"[1338, 1924, 2675, 3229, 4079, 4787, 5329, 5836, 6343, 7332, 7779, 8247, 8694, 9141, 9681]","[1312, 2743, 3889, 5271, 5852, 7181, 7712, 9147]",0.6956521739130436,72.75,00:00:18,18.630640480667353,0.0017682840243609865
