Algorithm,Log Source,Log,P-Value,Min Adaptive Window,Max Adaptive Window,Detected Changepoints,Actual Changepoints for Log,F1-Score,Average Lag,Duration,Duration (Seconds),Seconds per Case
Process Graph Metrics,with_noise_10,log_36_1692952355,0.0001,200,500,"[1458, 2658, 4399, 5902, 6400, 8184, 10328, 12934, 14224]","[1333, 2559, 3693, 4416, 5763, 6390, 7822, 8817, 10269, 11730, 12843, 13947, 14938]",0.6363636363636364,77.14285714285714,00:01:37,97.27429778128862,0.006089920351924411
