Algorithm,Log Source,Log,Window Size,SW Step Size,Detected Changepoints,Actual Changepoints for Log,F1-Score,Average Lag,Duration,Duration (Seconds),Seconds per Case
Earth Mover's Distance,with_noise_10,log_92_1692952610,300,2,"[1502, 2366, 2666, 3352, 3730, 4382, 4714, 6436, 8926, 9960]","[1496, 2990, 3497, 4700, 5462, 6515, 7455, 8576, 9153]",0.4210526315789474,61.0,00:01:39,99.89486793987453,0.009470503217659701
