Algorithm,Log Source,Log,Window Size,SW Step Size,Detected Changepoints,Actual Changepoints for Log,F1-Score,Average Lag,Duration,Duration (Seconds),Seconds per Case
Earth Mover's Distance,with_noise_5,log_66_1692952466,400,2,"[728, 1926, 3092, 4808, 6288, 6764, 8562, 9148, 10020, 11496, 13370, 14226, 15138]","[1333, 1858, 3125, 4597, 5145, 6189, 7122, 8601, 9725, 10332, 11494, 12957, 13775, 14782, 15396]",0.3571428571428571,48.2,01:59:09,7149.030300064012,0.434142849338921
