Algorithm,Log Source,Log,Window Size,SW Step Size,Detected Changepoints,Actual Changepoints for Log,F1-Score,Average Lag,Duration,Duration (Seconds),Seconds per Case
Earth Mover's Distance,without_noise,log_7_1692952178,300,2,"[1672, 3256, 3268, 3868, 5680, 6938, 8354, 9290, 9908, 10230, 10846, 11680, 12220, 12612, 13124, 13142, 13552, 14360, 14810, 15116, 16870, 17610, 17624]","[1311, 2256, 3605, 4597, 5681, 6939, 8352, 9584, 10457, 11681, 12486, 13960, 14957, 16422, 17190]",0.31578947368421056,46.333333333333336,00:02:15,135.95967300981283,0.00744250454400114
