Algorithm,Log Source,Log,Window Size,SW Step Size,Detected Changepoints,Actual Changepoints for Log,F1-Score,Average Lag,Duration,Duration (Seconds),Seconds per Case
Earth Mover's Distance,with_noise_5,log_23_1692952259,400,2,"[1768, 4180, 5930, 7512, 8932, 11320, 12810]","[1464, 2335, 3773, 4539, 5637, 6477, 7514, 8662, 9652, 10998, 11610, 12811]",0.2105263157894737,1.5,00:01:17,77.89620176516473,0.005632407936743654
