Algorithm,Log Source,Log,Window Size,SW Step Size,Detected Changepoints,Actual Changepoints for Log,F1-Score,Average Lag,Duration,Duration (Seconds),Seconds per Case
Earth Mover's Distance,with_noise_5,log_66_1692952466,500,2,"[1926, 3104, 3780, 4852, 6258, 7712, 8646, 9964, 10190, 10740, 11490, 13370, 15138]","[1333, 1858, 3125, 4597, 5145, 6189, 7122, 8601, 9725, 10332, 11494, 12957, 13775, 14782, 15396]",0.42857142857142855,58.166666666666664,02:40:38,9638.593886064366,0.5853278609378979
