Algorithm,Log Source,Log,Window Size,SW Step Size,Detected Changepoints,Actual Changepoints for Log,F1-Score,Average Lag,Duration,Duration (Seconds),Seconds per Case
Earth Mover's Distance,without_noise,log_29_1692952298,200,2,"[1660, 2098, 2546, 3594, 4230, 5486, 6404, 7334, 7810, 8328, 9166, 9868, 10576, 11168, 11660, 12930, 13400]","[1213, 1756, 2868, 4306, 5136, 6404, 7812, 9139, 10570, 11620, 12291, 13397]",0.5517241379310345,31.25,00:00:29,29.049929816275835,0.002007180944951001
