Algorithm,Log Source,Log,Window Size,SW Step Size,Detected Changepoints,Actual Changepoints for Log,F1-Score,Average Lag,Duration,Duration (Seconds),Seconds per Case
Earth Mover's Distance,with_noise_5,log_25_1692952268,150,2,"[1326, 2298, 2836, 6458, 6662, 7804, 9018, 9672, 10140, 10358]","[1268, 1983, 3460, 4362, 5712, 6676, 7809, 8764, 10077, 10808]",0.4000000000000001,35.0,00:00:51,51.621327964589,0.004289266968391275
