Algorithm,Log Source,Log,Window Size,SW Step Size,Detected Changepoints,Actual Changepoints for Log,F1-Score,Average Lag,Duration,Duration (Seconds),Seconds per Case
Earth Mover's Distance,with_noise_10,log_38_1692952364,200,2,"[1592, 2268, 2398, 2998, 4010, 5950, 6900, 7492, 8038, 8510]","[1028, 1851, 3000, 4010, 4915, 6335, 7206, 8449, 9115]",0.3157894736842105,21.0,00:01:59,119.82221594080329,0.011596072383703018
