Algorithm,Log Source,Log,Window Size,SW Step Size,Detected Changepoints,Actual Changepoints for Log,F1-Score,Average Lag,Duration,Duration (Seconds),Seconds per Case
Earth Mover's Distance,without_noise,log_36_1692952355,450,2,"[1332, 2552, 3154, 4078, 4402, 4944, 5762, 8132, 10270, 11724, 12824, 13624, 14414]","[1333, 2559, 3693, 4416, 5763, 6390, 7822, 8817, 10269, 11730, 12843, 13947, 14938]",0.5384615384615384,7.0,00:00:06,6.089898316189647,0.0003812620244280753
