Algorithm,Log Source,Log,Window Size,SW Step Size,Detected Changepoints,Actual Changepoints for Log,F1-Score,Average Lag,Duration,Duration (Seconds),Seconds per Case
Earth Mover's Distance,without_noise,log_23_1692952259,350,2,"[492, 858, 1768, 4256, 6056, 7512, 8076, 8932, 9964, 11320, 12810]","[1464, 2335, 3773, 4539, 5637, 6477, 7514, 8662, 9652, 10998, 11610, 12811]",0.17391304347826086,1.5,00:00:08,8.132547806948423,0.0005880367177836894
