Algorithm,Log Source,Log,Window Size,SW Step Size,Detected Changepoints,Actual Changepoints for Log,F1-Score,Average Lag,Duration,Duration (Seconds),Seconds per Case
Earth Mover's Distance,with_noise_5,log_7_1692952178,600,2,"[1800, 4066, 5680, 6938, 8350, 10104, 11680, 14684, 15782, 16738, 17616]","[1311, 2256, 3605, 4597, 5681, 6939, 8352, 9584, 10457, 11681, 12486, 13960, 14957, 16422, 17190]",0.30769230769230765,1.25,00:08:46,526.5195144601166,0.028821957218092654
