Algorithm,Log Source,Log,Window Size,SW Step Size,Detected Changepoints,Actual Changepoints for Log,F1-Score,Average Lag,Duration,Duration (Seconds),Seconds per Case
Earth Mover's Distance,without_noise,log_29_1692952298,450,2,"[1486, 2690, 3836, 4590, 6402, 7320, 7810, 9348, 9826, 10568, 11924, 12698, 13380]","[1213, 1756, 2868, 4306, 5136, 6404, 7812, 9139, 10570, 11620, 12291, 13397]",0.4,40.2,00:00:58,58.177861392498016,0.0040197513571822024
