Algorithm,Log Source,Log,Window Size,SW Step Size,Detected Changepoints,Actual Changepoints for Log,F1-Score,Average Lag,Duration,Duration (Seconds),Seconds per Case
Earth Mover's Distance,with_noise_5,log_44_1692952384,550,2,"[1050, 2790, 3892, 4434, 5970, 6978, 8606, 9234, 10342, 10778]","[1079, 2333, 3288, 4492, 5972, 6979, 7946, 9293, 10347]",0.631578947368421,25.666666666666668,00:32:22,1942.9791001304984,0.16879324994618178
