Algorithm,Log Source,Log,Window Size,SW Step Size,Detected Changepoints,Actual Changepoints for Log,F1-Score,Average Lag,Duration,Duration (Seconds),Seconds per Case
Earth Mover's Distance,with_noise_10,log_35_1692952322,100,2,"[336, 1452, 4172, 4826, 5446, 6344, 8718, 9948]","[1452, 2862, 3554, 4954, 6341, 7205, 8282, 8926, 10355, 11253, 12328, 13284]",0.3,43.666666666666664,00:57:06,3426.8158037606627,0.23579548639377024
