Algorithm,Log Source,Log,Window Size,SW Step Size,Detected Changepoints,Actual Changepoints for Log,F1-Score,Average Lag,Duration,Duration (Seconds),Seconds per Case
Earth Mover's Distance,with_noise_5,log_35_1692952322,600,2,"[1454, 3794, 4556, 4832, 6398, 8470, 10760, 11372, 12328]","[1452, 2862, 3554, 4954, 6341, 7205, 8282, 8926, 10355, 11253, 12328, 13284]",0.5714285714285715,81.33333333333333,02:41:28,9688.928929558024,0.666684712692357
