Algorithm,Log Source,Log,Window Size,SW Step Size,Detected Changepoints,Actual Changepoints for Log,F1-Score,Average Lag,Duration,Duration (Seconds),Seconds per Case
Earth Mover's Distance,without_noise,log_22_1692952248,300,2,"[696, 1244, 2280, 3292, 3836, 4078, 4628, 6028, 7816, 8678, 9326, 9666, 10172]","[1244, 2280, 3281, 4625, 6029, 7290, 8171, 9596, 10320]",0.6363636363636364,33.285714285714285,00:26:25,1585.6092930175364,0.13650217742919563
