Algorithm,Log Source,Log,Window Size,SW Step Size,Detected Changepoints,Actual Changepoints for Log,F1-Score,Average Lag,Duration,Duration (Seconds),Seconds per Case
Earth Mover's Distance,with_noise_5,log_25_1692952268,450,2,"[1590, 2304, 2750, 3104, 3912, 5276, 6082, 7830, 8396, 9306, 10352]","[1268, 1983, 3460, 4362, 5712, 6676, 7809, 8764, 10077, 10808]",0.09523809523809525,21.0,00:03:21,201.3805992566049,0.016732912277241788
