Algorithm,Log Source,Log,Window Size,SW Step Size,Detected Changepoints,Actual Changepoints for Log,F1-Score,Average Lag,Duration,Duration (Seconds),Seconds per Case
Earth Mover's Distance,without_noise,log_42_1692952376,450,2,"[730, 1678, 3804, 4392, 5398, 6806, 7870, 10152, 11182, 11390, 12080]","[1465, 2388, 3805, 4827, 5718, 6808, 7871, 8414, 9656, 10599, 11897, 12538]",0.34782608695652173,46.75,00:00:34,34.71650671586394,0.0024947187924593234
