Algorithm,Log Source,Log,Window Size,SW Step Size,Detected Changepoints,Actual Changepoints for Log,F1-Score,Average Lag,Duration,Duration (Seconds),Seconds per Case
Earth Mover's Distance,with_noise_5,log_36_1692952355,200,2,"[672, 1334, 2558, 3790, 4560, 4834, 5762, 6138, 7986, 10264, 11724, 12836, 13816, 14026]","[1333, 2559, 3693, 4416, 5763, 6390, 7822, 8817, 10269, 11730, 12843, 13947, 14938]",0.7407407407407408,50.5,00:00:38,38.514558892697096,0.0024112288795277714
