Algorithm,Log Source,Log,Window Size,SW Step Size,Detected Changepoints,Actual Changepoints for Log,F1-Score,Average Lag,Duration,Duration (Seconds),Seconds per Case
Earth Mover's Distance,with_noise_10,log_23_1692952259,500,2,"[1896, 4176, 6100, 7512, 9186, 11320, 12808]","[1464, 2335, 3773, 4539, 5637, 6477, 7514, 8662, 9652, 10998, 11610, 12811]",0.2105263157894737,2.5,00:04:13,253.65701521374285,0.018341071237436214
