Algorithm,Log Source,Log,Window Size,SW Step Size,Detected Changepoints,Actual Changepoints for Log,F1-Score,Average Lag,Duration,Duration (Seconds),Seconds per Case
Earth Mover's Distance,with_noise_10,log_60_1692952441,250,2,"[1484, 2876, 3930, 4622, 5014, 5740, 6412, 7454, 8186, 8426, 8814, 10118]","[1176, 1816, 2868, 3524, 5017, 6406, 7452, 8819, 10127]",0.5714285714285715,5.5,00:27:23,1643.1133675333112,0.14486980845823588
