Algorithm,Log Source,Log,Window Size,SW Step Size,Detected Changepoints,Actual Changepoints for Log,F1-Score,Average Lag,Duration,Duration (Seconds),Seconds per Case
Earth Mover's Distance,with_noise_10,log_98_1692952636,100,2,"[1720, 2878, 3546, 6512, 8736]","[1161, 2070, 3547, 4627, 5403, 6514, 7405, 8737, 9638]",0.42857142857142855,1.3333333333333333,00:01:07,67.21954844333231,0.006060729279896521
