Algorithm,Log Source,Log,Window Size,SW Step Size,Detected Changepoints,Actual Changepoints for Log,F1-Score,Average Lag,Duration,Duration (Seconds),Seconds per Case
Earth Mover's Distance,with_noise_10,log_20_1692952238,200,2,"[722, 1590, 3376, 4608, 4814, 5548, 6786, 8014, 9380, 10880, 12516, 14258, 14676]","[1357, 2105, 3482, 4422, 5484, 6787, 8017, 9381, 10872, 11904, 12802, 13833]",0.5599999999999999,52.714285714285715,00:07:17,437.4402305651456,0.02907159105237892
