Algorithm,Log Source,Log,Window Size,SW Step Size,Detected Changepoints,Actual Changepoints for Log,F1-Score,Average Lag,Duration,Duration (Seconds),Seconds per Case
Earth Mover's Distance,with_noise_10,log_69_1692952502,250,2,"[1106, 1722, 3530, 4640, 5778, 6986, 7696, 8810, 9340, 9628, 10528]","[1487, 2098, 3497, 4638, 5779, 6664, 7725, 9125, 9901]",0.39999999999999997,16.25,00:02:58,178.11627470329404,0.01601045165872306
