Algorithm,Log Source,Log,Window Size,SW Step Size,Detected Changepoints,Actual Changepoints for Log,F1-Score,Average Lag,Duration,Duration (Seconds),Seconds per Case
Earth Mover's Distance,with_noise_5,log_35_1692952322,400,2,"[1006, 1374, 2676, 3802, 4460, 4832, 5688, 6394, 6978, 8010, 8694, 9598, 10760, 12328, 12828, 13542]","[1452, 2862, 3554, 4954, 6341, 7205, 8282, 8926, 10355, 11253, 12328, 13284]",0.35714285714285715,87.8,03:54:38,14078.758369103074,0.9687441250328958
