Algorithm,Log Source,Log,Window Size,SW Step Size,Detected Changepoints,Actual Changepoints for Log,F1-Score,Average Lag,Duration,Duration (Seconds),Seconds per Case
Earth Mover's Distance,with_noise_10,log_20_1692952238,600,2,"[1814, 3366, 4494, 5492, 6786, 8014, 9380, 10228, 10880, 12058]","[1357, 2105, 3482, 4422, 5484, 6787, 8017, 9381, 10872, 11904, 12802, 13833]",0.7272727272727272,45.375,00:32:08,1928.5513281766325,0.12816849393079235
