Algorithm,Log Source,Log,Window Size,SW Step Size,Detected Changepoints,Actual Changepoints for Log,F1-Score,Average Lag,Duration,Duration (Seconds),Seconds per Case
Earth Mover's Distance,with_noise_10,log_36_1692952355,600,2,"[1334, 2554, 4176, 4944, 5762, 8288, 10268, 11724, 12836, 13624, 14412]","[1333, 2559, 3693, 4416, 5763, 6390, 7822, 8817, 10269, 11730, 12843, 13947, 14938]",0.4999999999999999,3.5,00:07:37,457.06661873683333,0.028614951401542185
