Algorithm,Log Source,Log,Window Size,SW Step Size,Detected Changepoints,Actual Changepoints for Log,F1-Score,Average Lag,Duration,Duration (Seconds),Seconds per Case
Earth Mover's Distance,without_noise,log_29_1692952298,150,2,"[1256, 1652, 2166, 6404, 7810, 8330, 9112, 9826, 10576, 11000, 12292, 13400]","[1213, 1756, 2868, 4306, 5136, 6404, 7812, 9139, 10570, 11620, 12291, 13397]",0.6666666666666666,23.25,00:00:23,23.75534033216536,0.0016413556506712748
