Algorithm,Log Source,Log,Window Size,SW Step Size,Detected Changepoints,Actual Changepoints for Log,F1-Score,Average Lag,Duration,Duration (Seconds),Seconds per Case
Earth Mover's Distance,with_noise_10,log_66_1692952466,550,2,"[1922, 3148, 4574, 4856, 6288, 7116, 8562, 10020, 10750, 11494, 13370, 15108]","[1333, 1858, 3125, 4597, 5145, 6189, 7122, 8601, 9725, 10332, 11494, 12957, 13775, 14782, 15396]",0.5185185185185186,36.285714285714285,02:14:01,8041.344116579741,0.48833085058479025
