Algorithm,Log Source,Log,MRID,Epsilon,Detected Changepoints,Actual Changepoints for Log,F1-Score,Average Lag,Duration,Duration (Seconds),Seconds per Case
Zheng DBSCAN,with_noise_5,log_43_1692952382,500,50.0,"[527.6, 629.0, 770.1428571428571, 944.3333333333334, 1107.9, 1297.0, 1497.5, 1739.142857142857, 1908.0, 2039.8, 2208.5, 2286.125, 2367.0, 2506.3333333333335, 2618.714285714286, 2714.0, 2869.1428571428573, 3040.714285714286, 3192.0, 3281.5, 3418.6, 3597.0, 3677.5, 3962.1428571428573, 4136.4, 4280.0, 4449.142857142857, 4657.272727272727, 4846.333333333333, 4933.333333333333, 5021.142857142857, 5151.5, 5212.0, 5433.0, 5521.0, 5579.0, 5717.333333333333, 5805.0, 5939.0]","[1200, 1740, 3030, 4200, 5001]",0.22727272727272727,37.48285714285716,00:00:00,0.9005455002188683,0.00014889971895153245
