Algorithm,Log Source,Log,MRID,Epsilon,Detected Changepoints,Actual Changepoints for Log,F1-Score,Average Lag,Duration,Duration (Seconds),Seconds per Case
Zheng DBSCAN,with_noise_10,log_14_1692952206,600,60.0,"[628.5, 784.5, 939.0, 1134.0, 1362.0, 1509.0, 1628.0, 1783.0, 1891.25, 2061.5, 2245.0, 2470.75, 2716.0, 2937.3333333333335, 3194.125, 3359.0, 3607.3333333333335, 3784.4, 3922.6666666666665, 4003.0, 4163.285714285715, 4416.0, 4518.0, 4700.666666666667, 4850.5, 4935.0, 5212.083333333333, 5542.0, 5648.0, 5780.5, 5961.0, 6047.666666666667, 6183.0, 6294.0, 6466.9375, 6669.5, 6773.0, 6866.0, 7087.0, 7176.0, 7296.333333333333, 7403.0, 7532.142857142857, 7729.5, 7807.0, 7909.75, 8051.0, 8213.42857142857, 8412.6, 8540.0, 8628.0, 8804.5, 9002.142857142857, 9205.0, 9306.5, 9429.75, 9574.666666666666, 9730.666666666666, 10007.666666666666, 10312.0]","[1181, 2047, 3186, 3975, 5113, 6441, 7617, 8917]",0.23529411764705882,49.08072916666663,00:00:01,1.214095439761877,0.00011708896130406761
