Algorithm,Log Source,Log,MRID,Epsilon,Detected Changepoints,Actual Changepoints for Log,F1-Score,Average Lag,Duration,Duration (Seconds),Seconds per Case
Zheng DBSCAN,with_noise_5,log_22_1692952248,500,50.0,"[3339.5747330960853, 8940.011479591836, 11549.90909090909]","[1244, 2280, 3281, 4625, 6029, 7290, 8171, 9596, 10320]",0.16666666666666666,58.57473309608531,00:00:03,3.330418299883604,0.00028670956438391906
