Algorithm,Log Source,Log,MRID,Epsilon,Detected Changepoints,Actual Changepoints for Log,F1-Score,Average Lag,Duration,Duration (Seconds),Seconds per Case
Zheng DBSCAN,with_noise_10,log_80_1692952554,400,40.0,"[476.0, 536.5, 594.0, 703.5, 794.0, 856.0, 924.0, 1016.8461538461538, 1206.3636363636363, 1354.3333333333333, 1420.2, 1489.0, 1541.5, 1681.2142857142858, 1838.0, 1948.5, 2147.8125, 2323.0, 2451.5, 2554.5, 2642.0, 2736.4285714285716, 2902.0, 2953.0, 3044.0, 3159.25, 3353.285714285714, 3493.1666666666665, 3563.5, 3608.0, 3688.0, 3769.3333333333335, 3870.0, 3915.0, 3972.0, 4018.0, 4074.0, 4142.0, 4205.333333333333, 4345.0, 4412.5, 4589.666666666667, 4813.0, 4884.5, 4976.5, 5086.25, 5169.5, 5316.0]","[1043, 2139, 2799, 3922, 4435]",0.18867924528301885,25.407554945054926,00:00:00,0.326815003529191,5.956169191346656e-05
