Algorithm,Log Source,Log,MRID,Epsilon,Detected Changepoints,Actual Changepoints for Log,F1-Score,Average Lag,Duration,Duration (Seconds),Seconds per Case
Zheng DBSCAN,without_noise,log_39_1692952369,500,200.0,"[734.3333333333334, 1374.4, 1752.0, 2832.4285714285716, 3544.0, 4220.0, 4786.666666666667, 5406.0, 5736.0]","[1365, 2662, 3350, 4753]",0.6153846153846153,101.87380952380965,00:00:01,1.112701926380396,0.00018107435742561366
