Algorithm,Log Source,Log,MRID,Epsilon,Detected Changepoints,Actual Changepoints for Log,F1-Score,Average Lag,Duration,Duration (Seconds),Seconds per Case
Zheng DBSCAN,without_noise,log_33_1692952312,400,120.0,"[489.0, 941.0, 1454.9285714285713, 1730.0, 2065.75, 2484.0, 2644.5, 3277.529411764706, 3798.5, 4023.0, 4196.666666666667, 4416.0, 4727.0, 4924.5, 5157.75, 5435.0, 5618.0, 5883.0, 6178.5, 6585.0, 6918.333333333333, 7151.0, 7351.0, 7911.0, 8159.0]","[1422, 2484, 3325, 4734, 5708, 6899]",0.3870967741935484,32.78874883286642,00:00:04,4.112043280154467,0.0004965636131088597
