Algorithm,Log Source,Log,MRID,Epsilon,Detected Changepoints,Actual Changepoints for Log,F1-Score,Average Lag,Duration,Duration (Seconds),Seconds per Case
Zheng DBSCAN,with_noise_10,log_54_1692952418,400,40.0,"[607.6666666666666, 819.0, 880.0, 1027.0, 1071.0, 1167.0, 1250.0, 1396.0, 1468.0, 1676.5, 1904.5, 2001.0, 2067.6666666666665, 2232.3333333333335, 2379.5, 2451.0, 2555.0, 2671.5, 2774.5, 2827.0, 2961.0, 3050.0, 3104.0, 3190.75, 3360.0, 3630.75, 3759.5, 3857.5, 3929.0, 4000.0, 4117.5, 4192.0, 4266.0, 4507.25, 4656.0, 4805.5, 5089.0, 5234.0, 5280.0, 5383.0, 5497.0, 5604.0, 5788.0, 6005.0, 6237.0, 6285.0, 6353.0, 6594.0, 6682.0, 6748.0, 6908.0, 6996.0, 7055.0, 7175.0, 7332.5, 7445.2, 7684.0, 7922.0, 8122.0, 8574.0]","[1215, 1983, 3203, 4514, 5254, 6354, 7395]",0.208955223880597,20.45714285714283,00:00:00,0.3159229625016451,3.684232798853004e-05
