Algorithm,Log Source,Log,MRID,Epsilon,Detected Changepoints,Actual Changepoints for Log,F1-Score,Average Lag,Duration,Duration (Seconds),Seconds per Case
Zheng DBSCAN,with_noise_5,log_74_1692952521,500,50.0,"[501.5, 652.0, 1373.2, 1911.4444444444443, 2088.1428571428573, 2312.0, 2439.5, 2645.2, 2960.181818181818, 3151.6666666666665]","[1297, 2133]",0.33333333333333337,60.528571428571354,00:00:00,0.6316633801907301,0.0001972715116148439
