Algorithm,Log Source,Log,MRID,Epsilon,Detected Changepoints,Actual Changepoints for Log,F1-Score,Average Lag,Duration,Duration (Seconds),Seconds per Case
Zheng DBSCAN,without_noise,log_98_1692952636,500,50.0,"[1161.3333333333333, 2068.0, 3545.6666666666665, 4626.5, 5378.0, 6513.833333333333, 6623.0, 7337.0, 7404.0, 8736.75, 9637.0]","[1161, 2070, 3547, 4627, 5403, 6514, 7405, 8737, 9638]",0.9,3.5092592592593013,00:00:01,1.433334082365036,0.00012923398091831538
