Algorithm,Log Source,Log,MRID,Epsilon,Detected Changepoints,Actual Changepoints for Log,F1-Score,Average Lag,Duration,Duration (Seconds),Seconds per Case
Zheng DBSCAN,with_noise_5,log_53_1692952417,600,60.0,"[681.7, 955.75, 1354.5652173913043, 1631.1666666666667, 1866.625, 2045.0, 2150.0, 2313.0833333333335, 2527.75, 2657.75, 2880.285714285714, 3311.0, 3442.6666666666665]","[1168, 2007]",0.2666666666666667,112.28260869565213,00:00:00,0.6753802504390478,0.00019335249082137068
