Algorithm,Log Source,Log,MRID,Epsilon,Detected Changepoints,Actual Changepoints for Log,F1-Score,Average Lag,Duration,Duration (Seconds),Seconds per Case
Zheng DBSCAN,with_noise_10,log_87_1692952585,400,80.0,"[682.875, 1067.3333333333333, 1344.5, 1860.7272727272727, 2178.5, 2405.1, 2645.8, 2862.1, 3086.25, 3450.235294117647, 3869.8, 4605.604651162791, 5250.076923076923, 5494.666666666667, 5740.111111111111, 6163.692307692308, 6643.25, 6834.0, 7136.0, 7294.25, 7517.8, 7923.6, 8232.0, 8406.5, 8650.0]","[1372, 2863, 3391, 4735, 5393, 6760, 7388]",0.43750000000000006,69.4924728030747,00:00:00,0.7801355216652155,8.813098979498593e-05
