Algorithm,Log Source,Log,MRID,Epsilon,Detected Changepoints,Actual Changepoints for Log,F1-Score,Average Lag,Duration,Duration (Seconds),Seconds per Case
Zheng DBSCAN,with_noise_10,log_14_1692952206,600,240.0,"[5092.076233183857, 10312.0]","[1181, 2047, 3186, 3975, 5113, 6441, 7617, 8917]",0.2,20.923766816143143,00:00:01,1.214095439761877,0.00011708896130406761
