Algorithm,Log Source,Log,MRID,Epsilon,Detected Changepoints,Actual Changepoints for Log,F1-Score,Average Lag,Duration,Duration (Seconds),Seconds per Case
Zheng DBSCAN,without_noise,log_26_1692952272,500,50.0,"[556.8333333333334, 775.75, 876.0, 1078.8333333333333, 1310.0833333333333, 1473.6, 1788.3181818181818, 2023.0, 2111.5, 2297.6666666666665, 2435.714285714286, 2590.0, 2747.0, 2812.5, 3006.1875, 3223.0, 3334.777777777778, 3438.0, 3579.4, 3761.0, 3855.4, 4010.5, 4141.0, 4226.0, 4333.666666666667, 4438.0, 4521.5, 4603.5, 4663.0, 4756.833333333333, 4883.0, 4985.0, 5086.0, 5182.5, 5259.0, 5331.0, 5519.583333333333, 5756.333333333333, 5850.0, 5916.0, 6232.777777777777, 6333.833333333333, 6434.333333333333, 6614.529411764706, 6742.5, 7094.592592592592, 7405.5, 7461.0, 7577.25, 7775.75, 7900.25, 8023.333333333333, 8102.666666666667, 8193.333333333334, 8384.0, 8611.0, 8676.0, 8822.4, 8962.833333333334, 9118.714285714286, 9258.2, 9354.5, 9406.0, 9504.0, 9596.0, 9786.888888888889, 10065.375, 10197.5, 10306.0, 10401.777777777777, 10519.42857142857, 10740.4, 10809.5, 11019.0, 11155.75, 11233.5, 11344.8, 11510.4, 11624.0, 11683.0, 11755.0, 12202.30487804878, 12784.714285714286, 13027.8, 13164.5, 13218.0, 13341.333333333334, 13497.0, 13577.5, 13696.0, 13808.0, 13911.5]","[1263, 1769, 2996, 3623, 4914, 5584, 6650, 7268, 8328, 9041, 10411, 11880, 12742]",0.2476190476190476,53.78669720802082,00:00:07,7.13877796754241,0.0005101677958652476
