Algorithm,Log Source,Log,MRID,Epsilon,Detected Changepoints,Actual Changepoints for Log,F1-Score,Average Lag,Duration,Duration (Seconds),Seconds per Case
Zheng DBSCAN,with_noise_5,log_81_1692952556,500,100.0,"[1498.0886075949368, 3718.464, 5108.833333333333, 5396.25, 5571.666666666667, 6089.0, 6543.0, 6751.25]","[1270, 2223, 3514, 4835, 5383]",0.15384615384615385,13.25,00:00:00,0.9101494867354631,0.00013230840045580218
