Algorithm,Log Source,Log,MRID,Epsilon,Detected Changepoints,Actual Changepoints for Log,F1-Score,Average Lag,Duration,Duration (Seconds),Seconds per Case
Zheng DBSCAN,with_noise_10,log_38_1692952364,500,100.0,"[1215.25, 3191.6052631578946, 5029.542857142857, 6598.614285714286, 7838.423076923077, 8987.19642857143, 10078.0, 10264.0]","[1028, 1851, 3000, 4010, 4915, 6335, 7206, 8449, 9115]",0.47058823529411764,155.30042293233066,00:00:00,0.7808602638542652,7.556956003622038e-05
