Algorithm,Log Source,Log,MRID,Epsilon,Detected Changepoints,Actual Changepoints for Log,F1-Score,Average Lag,Duration,Duration (Seconds),Seconds per Case
Zheng DBSCAN,with_noise_10,log_9_1692952188,500,100.0,[3118.0319865319866],"[1136, 2234, 3136, 4299, 4974]",0.33333333333333337,17.968013468013396,00:00:01,1.6093705594539642,0.00025578044492275336
