Algorithm,Log Source,Log,MRID,Epsilon,Detected Changepoints,Actual Changepoints for Log,F1-Score,Average Lag,Duration,Duration (Seconds),Seconds per Case
Zheng DBSCAN,with_noise_5,log_54_1692952418,300,90.0,"[375.75, 627.25, 780.5, 1049.4615384615386, 1786.5588235294117, 2694.740740740741, 3435.969696969697, 4422.301886792453, 5171.2, 5468.555555555556, 6440.318181818182, 7322.666666666667, 7665.777777777777, 8077.75, 8458.777777777777]","[1215, 1983, 3203, 4514, 5254, 6354, 7395]",0.5454545454545455,115.85487772801866,00:00:00,0.3192682433873415,3.723244820843633e-05
