Algorithm,Log Source,Log,MRID,Epsilon,Detected Changepoints,Actual Changepoints for Log,F1-Score,Average Lag,Duration,Duration (Seconds),Seconds per Case
Zheng DBSCAN,without_noise,log_89_1692952588,300,60.0,"[1231.0, 1296.0, 3372.5714285714284, 4786.0, 6089.375, 6913.6, 8392.0, 8482.0, 8581.5, 10228.0, 10412.0, 10757.0, 12508.666666666666, 12981.0, 13148.666666666666, 14521.5, 15691.75]","[1231, 2194, 3370, 4789, 6034, 6961, 8392, 8969, 10160, 11100, 12512, 13171, 14519, 15691]",0.7096774193548386,18.66028138528145,00:00:04,4.980378042906523,0.00029599298959387394
