Algorithm,Log Source,Log,MRID,Epsilon,Detected Changepoints,Actual Changepoints for Log,F1-Score,Average Lag,Duration,Duration (Seconds),Seconds per Case
Zheng DBSCAN,with_noise_5,log_7_1692952178,600,300.0,"[7960.0207100591715, 17896.8]","[1311, 2256, 3605, 4597, 5681, 6939, 8352, 9584, 10457, 11681, 12486, 13960, 14957, 16422, 17190]",,,00:00:01,1.6422436255961657,8.98972862708652e-05
