Algorithm,Log Source,Log,MRID,Epsilon,Detected Changepoints,Actual Changepoints for Log,F1-Score,Average Lag,Duration,Duration (Seconds),Seconds per Case
Zheng DBSCAN,without_noise,log_39_1692952369,400,160.0,"[767.8333333333334, 1352.5, 1659.0, 1845.0, 2552.8571428571427, 3268.8333333333335, 3639.6666666666665, 4185.857142857143, 4743.9, 5045.666666666667, 5582.25, 6055.0]","[1365, 2662, 3350, 4753]",0.5,52.977380952381054,00:00:01,1.161739844828844,0.00018905449061494615
