Algorithm,Log Source,Log,MRID,Epsilon,Detected Changepoints,Actual Changepoints for Log,F1-Score,Average Lag,Duration,Duration (Seconds),Seconds per Case
Zheng DBSCAN,with_noise_5,log_85_1692952576,400,40.0,"[459.0, 539.0, 636.75, 945.0, 1004.0, 1052.0, 1113.0, 1198.0, 1283.0, 1400.0, 1474.3333333333333, 1556.5, 1649.0, 1773.0, 1944.0, 2073.8888888888887, 2316.5, 2549.5714285714284, 2757.375, 2870.0, 2969.4, 3148.5, 3274.0, 3463.222222222222, 3718.0, 3837.5, 3879.0, 4097.0, 4311.3, 4420.0, 4509.5, 4585.0, 4676.0, 4809.0, 4969.625, 5141.0, 5255.125, 5337.5, 5420.0, 5501.2, 5579.5, 5806.25, 5857.0, 5963.875, 6135.0, 6201.0, 6354.0, 6409.0, 6515.8, 6615.222222222223, 6721.5, 6807.2, 6882.5, 7103.444444444444, 7284.0, 7490.0, 7645.625, 7752.333333333333, 7917.625, 7988.25, 8061.333333333333, 8130.0, 8216.0, 8305.0, 8456.285714285714, 8601.75, 8684.666666666666, 8778.0, 8984.166666666666, 9103.6, 9172.0, 9222.0, 9294.0, 9346.0, 9433.0, 9568.25, 9758.0]","[1459, 1990, 3383, 4503, 5074, 6148, 6878, 8310]",0.18823529411764706,29.69444444444443,00:00:00,0.4615505710244179,4.7149920423375e-05
