Algorithm,Log Source,Log,MRID,Epsilon,Detected Changepoints,Actual Changepoints for Log,F1-Score,Average Lag,Duration,Duration (Seconds),Seconds per Case
Zheng DBSCAN,with_noise_10,log_58_1692952437,600,240.0,"[815.5714285714286, 1492.0, 2342.1111111111113, 2983.3333333333335, 3361.0]","[1394, 2035]",0.28571428571428575,98.0,00:00:00,0.3145032040774822,8.980674017061172e-05
