Algorithm,Log Source,Log,MRID,Epsilon,Detected Changepoints,Actual Changepoints for Log,F1-Score,Average Lag,Duration,Duration (Seconds),Seconds per Case
Zheng DBSCAN,without_noise,log_72_1692952515,300,60.0,"[540.0, 793.6666666666666, 1155.0, 1302.0, 1701.0, 1778.0, 1950.0, 2040.6666666666667, 2160.0, 2291.3333333333335, 2399.0, 2713.3333333333335, 3031.0, 3116.0, 3460.0, 3612.0, 3760.0, 4182.25, 4316.0, 4629.666666666667, 4763.0, 4999.666666666667, 5426.8, 5589.0, 5819.0, 6253.0, 6321.0, 6743.0, 7069.0, 7400.0, 7578.0, 7831.333333333333, 8045.0, 8173.0, 8493.75, 8631.0, 8742.0, 8860.5, 9126.0, 9521.0, 9783.0, 10120.6, 10211.5, 10419.5, 10680.5, 10958.0, 11122.0, 11303.0]","[1301, 2400, 3024, 4162, 5434, 6322, 7584, 8880, 10111]",0.3157894736842105,8.061111111111131,00:00:00,0.9954959955066442,8.780947300931853e-05
