Algorithm,Log Source,Log,MRID,Epsilon,Detected Changepoints,Actual Changepoints for Log,F1-Score,Average Lag,Duration,Duration (Seconds),Seconds per Case
Zheng DBSCAN,without_noise,log_72_1692952515,400,80.0,"[800.0, 1155.0, 1302.0, 1701.0, 2047.5, 2272.0, 2399.0, 2701.5, 3021.0, 3612.0, 3760.0, 4175.0, 4763.0, 4995.0, 5421.666666666667, 5589.0, 6287.0, 6743.0, 7600.2, 8045.0, 8159.0, 8465.0, 8631.0, 8742.0, 8867.0, 9126.0, 9521.0, 10156.0, 10419.5, 10680.5, 11122.0, 11303.0]","[1301, 2400, 3024, 4162, 5434, 6322, 7584, 8880, 10111]",0.43902439024390244,15.50370370370365,00:00:00,0.9836480151861906,8.67644010925457e-05
