Algorithm,Log Source,Log,MRID,Epsilon,Detected Changepoints,Actual Changepoints for Log,F1-Score,Average Lag,Duration,Duration (Seconds),Seconds per Case
Zheng DBSCAN,with_noise_10,log_92_1692952610,400,80.0,"[1520.0298850574713, 6657.768222768223]","[1496, 2990, 3497, 4700, 5462, 6515, 7455, 8576, 9153]",0.3636363636363636,83.39905391284697,00:00:02,2.650445092469454,0.0002512746579891405
