Algorithm,Log Source,Log,MRID,Epsilon,Detected Changepoints,Actual Changepoints for Log,F1-Score,Average Lag,Duration,Duration (Seconds),Seconds per Case
Zheng DBSCAN,with_noise_5,log_3_1692952167,300,90.0,"[336.0, 494.0, 791.6, 1006.5, 1248.5833333333333, 1580.5, 2109.7391304347825, 2480.0, 2591.3333333333335, 2821.6666666666665]","[1035, 1760]",0.33333333333333337,104.0,00:00:00,0.2791559472680092,9.0841505781975e-05
