Algorithm,Log Source,Log,MRID,Epsilon,Detected Changepoints,Actual Changepoints for Log,F1-Score,Average Lag,Duration,Duration (Seconds),Seconds per Case
Zheng DBSCAN,with_noise_5,log_45_1692952392,300,30.0,"[330.2, 619.379746835443, 1074.3411764705882, 1369.076923076923, 1631.725806451613, 1999.909090909091, 2373.294117647059, 2916.6944444444443, 3402.1666666666665, 3601.6346153846152, 3983.785714285714, 4297.525, 4487.457142857143, 4644.882352941177, 4800.5, 4974.954545454545, 5159.258064516129, 5315.0, 5468.0, 5581.0]","[1127, 2438, 2995, 4480]",0.33333333333333337,50.781851073762766,00:00:01,1.090748617425561,0.00019397983592842982
