Algorithm,Log Source,Log,MRID,Epsilon,Detected Changepoints,Actual Changepoints for Log,F1-Score,Average Lag,Duration,Duration (Seconds),Seconds per Case
Zheng DBSCAN,without_noise,log_67_1692952494,600,300.0,"[2445.590909090909, 4489.0, 5549.421052631579, 7401.666666666667, 9063.478260869566, 10256.333333333334]","[1312, 2743, 3889, 5271, 5852, 7181, 7712, 9147]",0.14285714285714288,83.52173913043407,00:00:03,3.37427912466228,0.0003202618759170729
