Algorithm,Log Source,Log,MRID,Epsilon,Detected Changepoints,Actual Changepoints for Log,F1-Score,Average Lag,Duration,Duration (Seconds),Seconds per Case
Zheng DBSCAN,with_noise_10,log_77_1692952527,600,60.0,"[1257.8245614035088, 2502.675675675676, 3085.872340425532, 4316.051282051282, 5390.608695652174, 8159.278008298756, 11113.0, 11402.5]","[1150, 2081, 3258, 3936, 4990, 6332, 7232, 8267, 9297, 10336]",0.33333333333333326,129.22473755974042,00:00:06,6.044561201706529,0.0005259341513709674
