Algorithm,Log Source,Log,MRID,Epsilon,Detected Changepoints,Actual Changepoints for Log,F1-Score,Average Lag,Duration,Duration (Seconds),Seconds per Case
Zheng DBSCAN,with_noise_5,log_35_1692952322,600,60.0,"[5197.822393822394, 12220.773082942096]","[1452, 2862, 3554, 4954, 6341, 7205, 8282, 8926, 10355, 11253, 12328, 13284]",0.14285714285714285,107.22691705790385,00:00:13,13.147910438477993,0.000904693486443129
