Algorithm,Log Source,Log,MRID,Epsilon,Detected Changepoints,Actual Changepoints for Log,F1-Score,Average Lag,Duration,Duration (Seconds),Seconds per Case
Zheng DBSCAN,with_noise_5,log_14_1692952206,500,100.0,"[1073.3030303030303, 2385.206896551724, 3105.0, 3477.4, 4001.7073170731705, 4612.25, 4834.0, 5414.738095238095, 6409.866666666667, 6957.0, 7111.0, 7591.727272727273, 8089.0, 8469.76923076923, 9080.15, 9597.809523809523, 9996.833333333334, 10189.0, 10315.5]","[1181, 2047, 3186, 3975, 5113, 6441, 7617, 8917]",0.44444444444444436,72.4933912293667,00:00:00,0.6176672168076038,5.956863890515998e-05
