Algorithm,Log Source,Log,MRID,Epsilon,Detected Changepoints,Actual Changepoints for Log,F1-Score,Average Lag,Duration,Duration (Seconds),Seconds per Case
Zheng DBSCAN,without_noise,log_67_1692952494,600,240.0,"[1480.2222222222222, 3113.923076923077, 4489.0, 5280.454545454545, 5866.428571428572, 6289.0, 7401.666666666667, 9063.478260869566, 10256.333333333334]","[1312, 2743, 3889, 5271, 5852, 7181, 7712, 9147]",0.47058823529411764,68.90676955894321,00:00:03,3.37427912466228,0.0003202618759170729
