Algorithm,Log Source,Log,MRID,Epsilon,Detected Changepoints,Actual Changepoints for Log,F1-Score,Average Lag,Duration,Duration (Seconds),Seconds per Case
Zheng DBSCAN,with_noise_5,log_36_1692952355,500,100.0,"[595.6923076923077, 1284.1176470588234, 1816.0, 1940.0, 2105.0, 2465.0, 2647.0, 2970.4545454545455, 3306.8333333333335, 3565.0, 4178.346153846154, 5023.235294117647, 5323.4, 5904.69696969697, 6524.727272727273, 6762.666666666667, 6926.166666666667, 7258.6, 7704.0, 7953.388888888889, 8161.5, 8464.888888888889, 9053.6, 9356.6, 9623.8, 10139.388888888889, 10798.714285714286, 11238.5, 11723.533333333333, 12066.111111111111, 12643.526315789473, 13014.666666666666, 13274.0, 13688.0, 14063.307692307691, 14407.0, 14623.9, 14972.0, 15263.0, 15704.0, 15899.5]","[1333, 2559, 3693, 4416, 5763, 6390, 7822, 8817, 10269, 11730, 12843, 13947, 14938]",0.4074074074074075,101.57806655614141,00:00:01,1.5499781649559736,9.703738589845199e-05
