Algorithm,Log Source,Log,MRID,Epsilon,Detected Changepoints,Actual Changepoints for Log,F1-Score,Average Lag,Duration,Duration (Seconds),Seconds per Case
Zheng DBSCAN,without_noise,log_12_1692952196,400,160.0,"[435.6666666666667, 749.0, 1055.0, 1364.6666666666667, 2013.2857142857142, 2896.0, 3378.8, 3885.4, 4397.0, 5186.333333333333, 5404.0, 6264.625, 6841.0]","[1187, 2142, 3311, 3901, 5376, 6349]",0.631578947368421,76.08154761904764,00:00:01,1.424355125054717,0.00018870629637714854
