Algorithm,Log Source,Log,MRID,Epsilon,Detected Changepoints,Actual Changepoints for Log,F1-Score,Average Lag,Duration,Duration (Seconds),Seconds per Case
Zheng DBSCAN,without_noise,log_12_1692952196,400,40.0,"[481.5, 749.0, 1055.0, 1302.0, 1396.0, 1773.0, 1850.0, 1991.0, 2038.0, 2081.0, 2141.0, 2219.0, 2896.0, 3311.0, 3389.0, 3441.5, 3861.3333333333335, 3921.5, 4335.5, 4414.5, 4485.0, 5098.0, 5230.5, 5404.0, 6084.0, 6147.0, 6205.0, 6277.5, 6345.5, 6435.0, 6841.0]","[1187, 2142, 3311, 3901, 5376, 6349]",0.3243243243243243,28.0,00:00:01,1.424355125054717,0.00018870629637714854
