Algorithm,Log Source,Log,MRID,Epsilon,Detected Changepoints,Actual Changepoints for Log,F1-Score,Average Lag,Duration,Duration (Seconds),Seconds per Case
Zheng DBSCAN,without_noise,log_57_1692952430,300,30.0,"[308.0, 395.3333333333333, 496.3333333333333, 829.0, 904.0, 1054.6666666666667, 1090.0, 1258.0, 1619.5, 1725.0, 1836.0, 1944.2, 2137.5, 2285.5, 2325.0, 2573.0, 2734.0, 2877.5, 3008.5, 3063.5, 3098.0, 3137.5, 3323.0, 3357.0, 3457.0, 3601.0, 3640.0, 3681.0, 3972.0, 4012.5, 4067.6666666666665, 4148.0, 4405.0, 4468.0, 4741.875, 4884.0, 5065.0, 5185.0, 5227.5, 5270.5, 5512.5, 5660.75, 5774.0]","[1054, 1838, 3064, 3682, 4744]",0.20833333333333334,1.2583333333333484,00:00:03,3.5918304342776537,0.0005902761601113646
