Algorithm,Log Source,Log,MRID,Epsilon,Detected Changepoints,Actual Changepoints for Log,F1-Score,Average Lag,Duration,Duration (Seconds),Seconds per Case
Zheng DBSCAN,with_noise_10,log_54_1692952418,400,200.0,"[991.0, 1676.5, 2703.625, 4209.793103448276, 5355.0, 6005.0, 6291.666666666667, 7123.611111111111, 8022.0, 8574.0]","[1215, 1983, 3203, 4514, 5254, 6354, 7395]",0.23529411764705882,81.66666666666652,00:00:00,0.3159229625016451,3.684232798853004e-05
