Algorithm,Log Source,Log,MRID,Epsilon,Detected Changepoints,Actual Changepoints for Log,F1-Score,Average Lag,Duration,Duration (Seconds),Seconds per Case
Zheng DBSCAN,without_noise,log_51_1692952412,300,120.0,"[326.0, 653.5, 1128.5, 1389.5, 1787.3333333333333, 2248.2727272727275, 2759.1111111111113, 3113.0, 3349.0, 3711.25, 4058.4615384615386, 4412.142857142857, 4675.666666666667, 4944.0, 5567.2, 5945.333333333333, 6208.0]","[1211, 2415, 3134, 4190, 5042]",0.45454545454545453,99.95314685314679,00:00:00,0.9652047641575336,0.00015345067792647593
