Algorithm,Log Source,Log,MRID,Epsilon,Detected Changepoints,Actual Changepoints for Log,F1-Score,Average Lag,Duration,Duration (Seconds),Seconds per Case
Zheng DBSCAN,with_noise_10,log_49_1692952403,500,200.0,"[1593.34375, 3408.15, 4081.0, 4757.1, 5423.0, 5876.0, 6362.5, 6851.125, 7455.0, 7970.0, 8880.384615384615, 9641.25, 10217.0, 10778.666666666666, 11237.0, 11539.0]","[1207, 2115, 3260, 3826, 4852, 5704, 6865, 8311, 8890, 10017, 10880]",0.5185185185185185,105.6962454212455,00:00:01,1.1016999334096909,8.954725948221497e-05
