Algorithm,Log Source,Log,MRID,Epsilon,Detected Changepoints,Actual Changepoints for Log,F1-Score,Average Lag,Duration,Duration (Seconds),Seconds per Case
Zheng DBSCAN,without_noise,log_29_1692952298,600,300.0,"[742.0, 1550.2857142857142, 2894.0, 4689.117647058823, 6031.5, 6420.166666666667, 7612.375, 8716.0, 9136.42857142857, 9673.0, 10479.777777777777, 11195.0, 11762.0, 12398.3, 13384.833333333334, 13887.5]","[1213, 1756, 2868, 4306, 5136, 6404, 7812, 9139, 10570, 11620, 12291, 13397]",0.5714285714285715,74.50649801587304,00:00:05,5.220960581675172,0.000360737965983222
