Algorithm,Log Source,Log,MRID,Epsilon,Detected Changepoints,Actual Changepoints for Log,F1-Score,Average Lag,Duration,Duration (Seconds),Seconds per Case
Zheng DBSCAN,with_noise_10,log_42_1692952376,400,40.0,"[444.0, 630.0, 720.0, 773.0, 1132.0, 1237.0, 1381.0, 1803.5, 2234.0, 2864.0, 2983.0, 3076.0, 3349.0, 3448.0, 3562.0, 3690.5, 3803.5, 3923.5, 4105.0, 4191.0, 4258.333333333333, 4374.0, 4426.5, 4484.333333333333, 4559.0, 4826.0, 4904.0, 4978.0, 5111.0, 5158.0, 5671.0, 6135.0, 6698.0, 6798.285714285715, 7012.5, 7086.0, 7237.75, 7337.666666666667, 7437.333333333333, 7514.0, 7732.0, 7793.5, 7896.166666666667, 7992.0, 8091.0, 8368.75, 8441.0, 8491.0, 8634.0, 8765.5, 8889.0, 8940.0, 9023.0, 9070.0, 9155.0, 9283.5, 9477.0, 9573.0, 9629.0, 9695.0, 9755.0, 9907.0, 10011.0, 10274.0, 10417.0, 10473.0, 10759.0, 10800.0, 11182.0, 11943.0, 12583.0, 12769.5, 12875.0, 13113.5, 13317.5, 13480.333333333334]","[1465, 2388, 3805, 4827, 5718, 6808, 7871, 8414, 9656, 10599, 11897, 12538]",0.2727272727272727,49.44841269841269,00:00:01,1.014611741527915,7.29097256056277e-05
