Algorithm,Log Source,Log,MRID,Epsilon,Detected Changepoints,Actual Changepoints for Log,F1-Score,Average Lag,Duration,Duration (Seconds),Seconds per Case
Zheng DBSCAN,with_noise_5,log_45_1692952392,500,50.0,"[680.4186046511628, 1085.6, 1763.06, 2380.212121212121, 2818.3037974683543, 3273.32, 3664.68085106383, 4073.695652173913, 4524.022222222222, 5109.078947368421, 5488.545454545455]","[1127, 2438, 2995, 4480]",0.5333333333333333,79.97657588543666,00:00:02,2.039259199053049,0.0003626639158906365
