Algorithm,Log Source,Log,MRID,Epsilon,Detected Changepoints,Actual Changepoints for Log,F1-Score,Average Lag,Duration,Duration (Seconds),Seconds per Case
Zheng DBSCAN,with_noise_10,log_34_1692952321,300,60.0,"[304.0, 453.0, 555.0, 729.5, 859.0, 983.5, 1125.8, 1268.0, 1426.5, 1579.5, 1731.5, 1987.142857142857, 2304.875, 2490.0, 2805.875, 3023.8333333333335, 3293.0, 3437.0, 3563.3333333333335, 3726.0, 3794.0, 3885.0, 4016.0]","[1165, 2205, 2867]",0.23076923076923078,66.73333333333335,00:00:00,0.286344887688756,6.978915127681111e-05
