Algorithm,Log Source,Log,MRID,Epsilon,Detected Changepoints,Actual Changepoints for Log,F1-Score,Average Lag,Duration,Duration (Seconds),Seconds per Case
Zheng DBSCAN,with_noise_10,log_62_1692952457,300,120.0,"[928.2105263157895, 3585.368794326241, 6668.579439252337, 8523.291666666666, 9173.533333333333, 9515.25]","[1344, 2257, 3301, 4214, 5614, 6547, 7639, 8311]",0.14285714285714288,121.57943925233667,00:00:00,0.45592089369893074,4.741273852942291e-05
