Algorithm,Log Source,Log,MRID,Epsilon,Detected Changepoints,Actual Changepoints for Log,F1-Score,Average Lag,Duration,Duration (Seconds),Seconds per Case
Zheng DBSCAN,with_noise_5,log_57_1692952430,500,150.0,[3107.2512030798844],"[1054, 1838, 3064, 3682, 4744]",0.33333333333333337,43.25120307988436,00:00:03,3.591676926240325,0.0005902509328250329
