Algorithm,Log Source,Log,MRID,Epsilon,Detected Changepoints,Actual Changepoints for Log,F1-Score,Average Lag,Duration,Duration (Seconds),Seconds per Case
Zheng DBSCAN,without_noise,log_7_1692952178,500,150.0,"[1310.0, 2173.4, 3646.0, 3879.0, 4596.0, 5642.4, 6978.909090909091, 8342.8, 10363.833333333334, 11718.7, 14018.25, 17077.5]","[1311, 2256, 3605, 4597, 5681, 6939, 8352, 9584, 10457, 11681, 12486, 13960, 14957, 16422, 17190]",0.8148148148148148,46.811432506887165,00:00:01,1.6628614235669374,9.102591545691578e-05
