Algorithm,Log Source,Log,MRID,Epsilon,Detected Changepoints,Actual Changepoints for Log,F1-Score,Average Lag,Duration,Duration (Seconds),Seconds per Case
Zheng DBSCAN,without_noise,log_33_1692952312,400,40.0,"[443.5, 519.3333333333334, 941.0, 1342.5, 1443.6666666666667, 1528.0, 1581.5, 1730.0, 1882.0, 1986.0, 2060.0, 2209.0, 2484.0, 2644.5, 2904.0, 3026.0, 3142.3333333333335, 3239.0, 3334.6666666666665, 3429.5, 3513.0, 3590.5, 3635.0, 3798.5, 4023.0, 4169.0, 4210.5, 4416.0, 4727.0, 4924.5, 5157.75, 5435.0, 5583.0, 5634.0, 5707.0, 5883.0, 6178.5, 6585.0, 6897.3, 7023.5, 7151.0, 7351.0, 7911.0, 8159.0]","[1422, 2484, 3325, 4734, 5708, 6899]",0.24000000000000002,6.838888888888846,00:00:04,4.112043280154467,0.0004965636131088597
