Algorithm,Log Source,Log,MRID,Epsilon,Detected Changepoints,Actual Changepoints for Log,F1-Score,Average Lag,Duration,Duration (Seconds),Seconds per Case
Zheng DBSCAN,without_noise,log_44_1692952384,400,120.0,"[1050.1363636363637, 2163.0, 2529.7894736842104, 3151.0, 4246.0, 4468.625, 6012.9047619047615, 6289.666666666667, 6972.0, 7605.0, 7792.25, 9289.416666666666, 10350.533333333333]","[1079, 2333, 3288, 4492, 5972, 6979, 7946, 9293, 10347]",0.8181818181818181,63.11222943722939,00:00:04,4.690556162968278,0.00040748468099802604
