Algorithm,Log Source,Log,MRID,Epsilon,Detected Changepoints,Actual Changepoints for Log,F1-Score,Average Lag,Duration,Duration (Seconds),Seconds per Case
Zheng DBSCAN,with_noise_10,log_58_1692952437,600,60.0,"[646.0, 754.5, 838.3333333333334, 1039.0, 1492.0, 1999.0, 2180.0, 2355.0, 2612.0, 2895.0, 3027.5, 3315.3333333333335, 3498.0]","[1394, 2035]",0.2666666666666667,67.0,00:00:00,0.3145032040774822,8.980674017061172e-05
