Algorithm,Log Source,Log,MRID,Epsilon,Detected Changepoints,Actual Changepoints for Log,F1-Score,Average Lag,Duration,Duration (Seconds),Seconds per Case
Zheng DBSCAN,with_noise_10,log_92_1692952610,400,40.0,"[619.4527027027027, 1639.2771084337348, 2457.96694214876, 3704.225925925926, 4900.05737704918, 5383.538461538462, 5812.333333333333, 7147.94427244582, 8176.545454545455, 8384.65625, 8771.20987654321, 9635.0, 10409.483870967742]","[1496, 2990, 3497, 4700, 5462, 6515, 7455, 8576, 9153]",0.27272727272727276,137.6941322984243,00:00:02,2.650445092469454,0.0002512746579891405
