Algorithm,Log Source,Log,MRID,Epsilon,Detected Changepoints,Actual Changepoints for Log,F1-Score,Average Lag,Duration,Duration (Seconds),Seconds per Case
Zheng DBSCAN,with_noise_10,log_6_1692952173,500,50.0,"[596.8333333333334, 820.8, 931.0, 1031.6666666666667, 1113.0, 1296.2857142857142, 1561.3125, 1760.6, 1916.0, 2087.25, 2294.6666666666665, 2407.285714285714, 2677.8636363636365, 3051.125, 3167.5, 3391.6666666666665, 3729.0, 3934.2, 4175.923076923077, 4347.0, 4606.0, 4926.0, 5035.4, 5164.0, 5224.0, 5299.333333333333, 5430.333333333333, 5565.75, 5735.333333333333, 5815.0, 5871.0, 6072.888888888889, 6289.0, 6563.454545454545, 6682.0, 6747.5, 6864.555555555556, 7036.166666666667, 7169.5, 7343.888888888889, 7580.1875, 7776.0, 7909.714285714285, 8088.0, 8225.0, 8470.0, 8841.045454545454, 9165.466666666667, 9378.0, 9554.142857142857, 9659.0, 9747.6, 9916.857142857143, 10094.0, 10210.0, 10308.0, 10469.0, 10580.5]","[1350, 1920, 3342, 4346, 5008, 6173, 7280, 8196, 9350]",0.26865671641791045,39.64232804232799,00:00:01,1.9126428682357073,0.00018036994230815798
