Algorithm,Log Source,Log,MRID,Epsilon,Detected Changepoints,Actual Changepoints for Log,F1-Score,Average Lag,Duration,Duration (Seconds),Seconds per Case
Zheng DBSCAN,with_noise_5,log_96_1692952629,500,100.0,"[1221.140350877193, 1952.2727272727273, 2634.6290322580644, 3706.4615384615386, 5079.277777777777, 6640.625, 7673.5]","[1087, 2286, 3016, 4084, 4958, 5962, 6779]",0.42857142857142855,131.26437621832346,00:00:00,0.7935645841062069,0.00010087257964995639
