Algorithm,Log Source,Log,MRID,Epsilon,Detected Changepoints,Actual Changepoints for Log,F1-Score,Average Lag,Duration,Duration (Seconds),Seconds per Case
Zheng DBSCAN,without_noise,log_82_1692952560,500,50.0,"[504.5, 617.5, 801.2, 1058.2857142857142, 1379.8666666666666, 1700.5, 1822.4, 2042.3333333333333, 2188.0, 2406.0, 2572.3333333333335, 2692.3333333333335, 2816.4, 3029.0, 3086.0, 3247.8333333333335, 3449.25, 3549.0, 3668.25, 3828.0, 3906.0, 4003.0, 4156.666666666667, 4308.0, 4484.0, 4540.0, 4696.25, 4879.0, 4987.0, 5113.0, 5202.5, 5357.9, 5515.5, 5617.285714285715, 5727.0, 5804.5, 5937.75, 6113.5, 6225.166666666667, 6474.0, 6814.5, 6984.0]","[1360, 1891, 3328, 4126, 5282, 6014]",0.25,58.57499999999993,00:00:01,1.8553868997842073,0.00026336222850024233
