Algorithm,Log Source,Log,MRID,Epsilon,Detected Changepoints,Actual Changepoints for Log,F1-Score,Average Lag,Duration,Duration (Seconds),Seconds per Case
Zheng DBSCAN,without_noise,log_73_1692952519,400,200.0,"[651.0, 1536.6666666666667, 2291.0, 2696.5, 3248.6666666666665, 3599.6666666666665, 3999.3333333333335, 4550.2, 5395.111111111111, 6205.666666666667, 6806.5]","[1205, 1799, 2891, 3554, 4661, 5644]",0.3529411764705882,116.9888888888889,00:00:00,0.5277897175401449,7.673592869150115e-05
