Algorithm,Log Source,Log,MRID,Epsilon,Detected Changepoints,Actual Changepoints for Log,F1-Score,Average Lag,Duration,Duration (Seconds),Seconds per Case
Zheng DBSCAN,with_noise_10,log_87_1692952585,400,200.0,"[926.4324324324324, 2829.28125, 5118.086419753086, 6786.3125, 7390.2, 7923.6, 8348.333333333334, 8650.0]","[1372, 2863, 3391, 4735, 5393, 6760, 7388]",0.39999999999999997,20.743749999999938,00:00:00,0.7801355216652155,8.813098979498593e-05
