Algorithm,Log Source,Log,MRID,Epsilon,Detected Changepoints,Actual Changepoints for Log,F1-Score,Average Lag,Duration,Duration (Seconds),Seconds per Case
Zheng DBSCAN,without_noise,log_70_1692952508,400,200.0,"[448.6666666666667, 780.0, 1167.5, 1580.5, 2002.0, 2358.0, 2873.0, 3734.2608695652175, 4590.666666666667, 5440.541666666667, 6626.5, 7129.0]","[1422, 2050, 3140, 3964, 5285, 5909]",0.3333333333333333,120.68055555555566,00:00:01,1.2414226774126291,0.0001710655473904684
