Algorithm,Log Source,Log,MRID,Epsilon,Detected Changepoints,Actual Changepoints for Log,F1-Score,Average Lag,Duration,Duration (Seconds),Seconds per Case
Zheng DBSCAN,with_noise_10,log_38_1692952364,300,150.0,"[2316.3333333333335, 7074.308270676692]","[1028, 1851, 3000, 4010, 4915, 6335, 7206, 8449, 9115]",0.1818181818181818,131.6917293233082,00:00:01,1.5537427254021168,0.0001503670497824559
