Algorithm,Log Source,Log,MRID,Epsilon,Detected Changepoints,Actual Changepoints for Log,F1-Score,Average Lag,Duration,Duration (Seconds),Seconds per Case
Zheng DBSCAN,without_noise,log_42_1692952376,300,90.0,"[1464.0, 1900.0, 2262.0, 2386.0, 3672.0, 3791.5555555555557, 4945.125, 5199.5, 6233.0, 6655.5, 6801.375, 7877.375, 8054.0, 8352.0, 9740.0, 10066.0, 10398.0, 12292.0, 12492.42857142857]","[1465, 2388, 3805, 4827, 5718, 6808, 7871, 8414, 9656, 10599, 11897, 12538]",0.5806451612903226,37.682319223985964,00:00:01,1.0377862323075533,7.457503825147695e-05
