Algorithm,Log Source,Log,MRID,Epsilon,Detected Changepoints,Actual Changepoints for Log,F1-Score,Average Lag,Duration,Duration (Seconds),Seconds per Case
Zheng DBSCAN,with_noise_5,log_10_1692952190,300,30.0,"[330.0, 1838.0497131931165, 3486.9653465346537, 3984.8837209302324, 4249.816091954023, 4708.264705882353, 5633.155303030303, 6328.666666666667, 6713.70987654321, 7264.333333333333]","[1029, 1562, 2818, 4306, 5516, 6341]",0.37499999999999994,61.89084813653759,00:00:03,3.995926558971405,0.0005396254637368541
