Algorithm,Log Source,Log,MRID,Epsilon,Detected Changepoints,Actual Changepoints for Log,F1-Score,Average Lag,Duration,Duration (Seconds),Seconds per Case
Zheng DBSCAN,with_noise_5,log_80_1692952554,300,60.0,"[442.625, 617.5, 763.1111111111111, 1117.6, 1593.0, 1940.0, 2496.4565217391305, 3034.1, 3475.9767441860463, 4044.0434782608695, 4452.178571428572, 4872.681818181818, 5172.25, 5332.5, 5444.25]","[1043, 2139, 2799, 3922, 4435]",0.4,103.20551242236024,00:00:00,0.6287902034819126,0.00011459635565553356
