Algorithm,Log Source,Log,MRID,Epsilon,Detected Changepoints,Actual Changepoints for Log,F1-Score,Average Lag,Duration,Duration (Seconds),Seconds per Case
Zheng DBSCAN,with_noise_10,log_85_1692952576,500,200.0,"[1535.5681818181818, 3958.9122807017543, 5727.0, 6189.444444444444, 7254.142857142857, 8232.833333333334, 8659.75, 9263.333333333334]","[1459, 1990, 3383, 4503, 5074, 6148, 6878, 8310]",0.375,65.05976430976405,00:00:00,0.8421185500919819,8.602702524180017e-05
