Algorithm,Log Source,Log,MRID,Epsilon,Detected Changepoints,Actual Changepoints for Log,F1-Score,Average Lag,Duration,Duration (Seconds),Seconds per Case
Zheng DBSCAN,with_noise_5,log_15_1692952210,600,60.0,"[3696.6349583828774, 7814.87570621469, 8974.758620689656, 9641.333333333334]","[1116, 1697, 3004, 4092, 4699, 5989, 7446, 8227]",,,00:00:03,3.2882586400955915,0.000338507169044224
