Algorithm,Log Source,Log,MRID,Epsilon,Detected Changepoints,Actual Changepoints for Log,F1-Score,Average Lag,Duration,Duration (Seconds),Seconds per Case
Zheng DBSCAN,with_noise_5,log_81_1692952556,400,40.0,"[463.3333333333333, 547.5, 734.5, 936.7916666666666, 1149.875, 1251.0, 1409.1875, 1585.0, 1736.3636363636363, 1934.0, 2076.4, 2187.0, 2299.5, 2359.5, 2467.0, 2563.230769230769, 2694.0, 2815.076923076923, 2928.0, 3035.4444444444443, 3157.0, 3264.0, 3450.25, 3638.25, 3713.5, 3888.809523809524, 4148.388888888889, 4303.666666666667, 4492.4, 4743.7, 4972.0, 5179.285714285715, 5396.25, 5468.0, 5515.0, 5628.0, 5771.6, 5864.0, 5985.384615384615, 6078.5, 6152.666666666667, 6335.588235294118, 6557.333333333333, 6765.333333333333]","[1270, 2223, 3514, 4835, 5383]",0.20408163265306123,44.66000000000004,00:00:00,0.9392931070178747,0.0001365450075618367
