Algorithm,Log Source,Log,MRID,Epsilon,Detected Changepoints,Actual Changepoints for Log,F1-Score,Average Lag,Duration,Duration (Seconds),Seconds per Case
Zheng DBSCAN,with_noise_5,log_10_1692952190,400,40.0,"[1247.9621848739496, 3189.782273603083, 5314.402203856749, 6694.007633587787, 7267.107142857143]","[1029, 1562, 2818, 4306, 5516, 6341]",,,00:00:04,4.013536285609007,0.000542003549710872
