Algorithm,Log Source,Log,MRID,Epsilon,Detected Changepoints,Actual Changepoints for Log,F1-Score,Average Lag,Duration,Duration (Seconds),Seconds per Case
Zheng DBSCAN,with_noise_10,log_61_1692952452,600,180.0,"[1856.55, 3764.095238095238, 5131.285714285715, 6332.571428571428, 8231.951807228916, 10797.766666666666, 12195.0, 13422.257142857143, 15292.642857142857]","[1461, 2278, 3644, 4850, 6300, 7761, 9161, 9996, 11400, 11926, 13119, 13979, 15446]",0.27272727272727276,102.00793650793655,00:00:01,1.3088662065565586,7.8985348292593e-05
