Algorithm,Log Source,Log,MRID,Epsilon,Detected Changepoints,Actual Changepoints for Log,F1-Score,Average Lag,Duration,Duration (Seconds),Seconds per Case
Zheng DBSCAN,without_noise,log_2_1692952163,600,60.0,"[667.5, 817.8, 1373.8676470588234, 1909.5384615384614, 2131.5, 2328.705882352941, 2631.6666666666665, 2876.0, 2944.0, 3055.0]","[1130, 1950]",0.16666666666666669,40.46153846153857,00:00:01,1.2310756128281355,0.0004011324903317483
