Algorithm,Log Source,Log,MRID,Epsilon,Detected Changepoints,Actual Changepoints for Log,F1-Score,Average Lag,Duration,Duration (Seconds),Seconds per Case
Zheng DBSCAN,with_noise_10,log_28_1692952287,500,50.0,"[1335.9254498714654, 4609.192348565356]","[1456, 2546, 3808, 4591, 5837]",0.5714285714285715,69.13344934694533,00:00:04,4.319205276668072,0.0006051002068742045
