Algorithm,Log Source,Log,MRID,Epsilon,Detected Changepoints,Actual Changepoints for Log,F1-Score,Average Lag,Duration,Duration (Seconds),Seconds per Case
Zheng DBSCAN,without_noise,log_78_1692952551,400,80.0,"[445.0, 597.5, 766.0, 1292.103448275862, 1663.0, 1769.0, 2115.75, 2367.0, 2543.3333333333335, 2687.0]","[1057, 1576]",0.16666666666666669,87.0,00:00:01,1.0450569316744804,0.000357162314311169
