Algorithm,Log Source,Log,MRID,Epsilon,Detected Changepoints,Actual Changepoints for Log,F1-Score,Average Lag,Duration,Duration (Seconds),Seconds per Case
Zheng DBSCAN,with_noise_10,log_42_1692952376,400,80.0,"[444.0, 630.0, 746.5, 1132.0, 1237.0, 1381.0, 1803.5, 2234.0, 2864.0, 2983.0, 3076.0, 3423.25, 3562.0, 3690.5, 3827.5, 4105.0, 4241.5, 4474.75, 4903.2, 5134.5, 5671.0, 6135.0, 6785.75, 7037.0, 7344.545454545455, 7856.363636363636, 8091.0, 8401.166666666666, 8634.0, 8765.5, 8914.5, 9111.6, 9283.5, 9477.0, 9663.0, 9907.0, 10011.0, 10274.0, 10445.0, 10779.5, 11182.0, 11943.0, 12583.0, 12769.5, 12875.0, 13113.5, 13317.5, 13480.333333333334]","[1465, 2388, 3805, 4827, 5718, 6808, 7871, 8414, 9656, 10599, 11897, 12538]",0.4,57.11830808080814,00:00:01,1.014611741527915,7.29097256056277e-05
