Algorithm,Log Source,Log,MRID,Epsilon,Detected Changepoints,Actual Changepoints for Log,F1-Score,Average Lag,Duration,Duration (Seconds),Seconds per Case
Zheng DBSCAN,with_noise_5,log_21_1692952246,400,120.0,"[507.875, 814.0, 999.4, 1224.6666666666667, 1642.5454545454545, 2072.5, 2499.5882352941176, 3007.5, 3605.1, 4139.04, 5302.551020408163, 6312.2, 6617.0, 6826.0]","[1096, 1828, 3150, 4136, 5287, 5888]",0.5,88.62911317254168,00:00:00,0.4377220422029495,6.321808812867556e-05
