Algorithm,Log Source,Log,MRID,Epsilon,Detected Changepoints,Actual Changepoints for Log,F1-Score,Average Lag,Duration,Duration (Seconds),Seconds per Case
Zheng DBSCAN,with_noise_5,log_85_1692952576,400,80.0,"[521.5555555555555, 994.125, 1266.0, 1528.2727272727273, 1773.0, 2050.2727272727275, 2316.5, 2764.12, 3377.714285714286, 3748.769230769231, 4097.0, 4321.181818181818, 4812.0, 5222.625, 5510.625, 5928.761904761905, 6168.0, 6627.444444444444, 7103.444444444444, 7284.0, 7490.0, 7691.357142857143, 7975.5, 8490.692307692309, 9097.133333333333, 9433.0, 9568.25, 9758.0]","[1459, 1990, 3383, 4503, 5074, 6148, 6878, 8310]",0.3888888888888889,95.1380940488085,00:00:00,0.4615505710244179,4.7149920423375e-05
