Algorithm,Log Source,Log,MRID,Epsilon,Detected Changepoints,Actual Changepoints for Log,F1-Score,Average Lag,Duration,Duration (Seconds),Seconds per Case
Zheng DBSCAN,with_noise_5,log_3_1692952167,300,120.0,"[336.0, 744.0625, 1818.1764705882354, 2821.6666666666665]","[1035, 1760]",0.3333333333333333,58.17647058823536,00:00:00,0.2791559472680092,9.0841505781975e-05
