Algorithm,Log Source,Log,MRID,Epsilon,Detected Changepoints,Actual Changepoints for Log,F1-Score,Average Lag,Duration,Duration (Seconds),Seconds per Case
Zheng DBSCAN,without_noise,log_51_1692952412,300,150.0,"[522.5, 1180.7, 1787.3333333333333, 2248.2727272727275, 2900.6666666666665, 3349.0, 4103.75, 4675.666666666667, 4944.0, 5567.2, 5982.857142857143]","[1211, 2415, 3134, 4190, 5042]",0.5000000000000001,95.31931818181812,00:00:00,0.9652047641575336,0.00015345067792647593
