Algorithm,Log Source,Log,MRID,Epsilon,Detected Changepoints,Actual Changepoints for Log,F1-Score,Average Lag,Duration,Duration (Seconds),Seconds per Case
Zheng DBSCAN,with_noise_5,log_3_1692952167,300,30.0,"[336.0, 464.5, 523.5, 656.0, 705.0, 784.0, 822.5, 867.5, 1006.5, 1158.0, 1226.0, 1327.8333333333333, 1504.5, 1567.75, 1656.6666666666667, 1707.0, 1804.5, 1898.0, 1935.0, 1968.0, 2030.0, 2100.0, 2161.0, 2206.6666666666665, 2309.25, 2380.6666666666665, 2480.0, 2591.3333333333335, 2758.6666666666665, 2878.3333333333335, 2954.0]","[1035, 1760]",0.12121212121212122,36.5,00:00:00,0.2791559472680092,9.0841505781975e-05
