Algorithm,Log Source,Log,MRID,Epsilon,Detected Changepoints,Actual Changepoints for Log,F1-Score,Average Lag,Duration,Duration (Seconds),Seconds per Case
Zheng DBSCAN,with_noise_10,log_14_1692952206,600,180.0,"[2814.793388429752, 6306.515151515152, 8436.439393939394, 10007.666666666666, 10312.0]","[1181, 2047, 3186, 3975, 5113, 6441, 7617, 8917]",0.15384615384615385,134.48484848484804,00:00:01,1.214095439761877,0.00011708896130406761
