Algorithm,Log Source,Log,MRID,Epsilon,Detected Changepoints,Actual Changepoints for Log,F1-Score,Average Lag,Duration,Duration (Seconds),Seconds per Case
Zheng DBSCAN,with_noise_10,log_26_1692952272,300,30.0,"[2326.024774774775, 6338.337240757439, 11007.241194029852]","[1263, 1769, 2996, 3623, 4914, 5584, 6650, 7268, 8328, 9041, 10411, 11880, 12742]",,,00:00:07,7.228898469358683,0.0005166081947658602
