Algorithm,Log Source,Log,MRID,Epsilon,Detected Changepoints,Actual Changepoints for Log,F1-Score,Average Lag,Duration,Duration (Seconds),Seconds per Case
Zheng DBSCAN,with_noise_5,log_71_1692952512,300,150.0,[3836.932138284251],"[1414, 2489, 3724, 4718, 5950, 6652]",0.2857142857142857,112.93213828425087,00:00:00,0.790899446234107,0.00010307564788662935
