Algorithm,Log Source,Log,MRID,Epsilon,Detected Changepoints,Actual Changepoints for Log,F1-Score,Average Lag,Duration,Duration (Seconds),Seconds per Case
Zheng DBSCAN,with_noise_10,log_42_1692952376,600,300.0,"[3755.714285714286, 4733.444444444444, 7557.5, 9149.5, 10003.0, 10417.0, 11943.0, 12995.5]","[1465, 2388, 3805, 4827, 5718, 6808, 7871, 8414, 9656, 10599, 11897, 12538]",0.4,92.71031746031747,00:00:00,0.5182105582207441,3.723847069709285e-05
