Algorithm,Log Source,Log,MRID,Epsilon,Detected Changepoints,Actual Changepoints for Log,F1-Score,Average Lag,Duration,Duration (Seconds),Seconds per Case
Zheng DBSCAN,with_noise_5,log_61_1692952452,500,150.0,"[3872.8987854251013, 7159.40625, 8032.029411764706, 8874.41935483871, 12414.791666666666, 16134.0, 16436.75]","[1461, 2278, 3644, 4850, 6300, 7761, 9161, 9996, 11400, 11926, 13119, 13979, 15446]",,,00:00:00,0.6677590310573578,4.029684575809292e-05
