Algorithm,Log Source,Log,MRID,Epsilon,Detected Changepoints,Actual Changepoints for Log,F1-Score,Average Lag,Duration,Duration (Seconds),Seconds per Case
Zheng DBSCAN,without_noise,log_27_1692952285,600,180.0,"[1182.5, 1463.0, 1757.0, 2146.5, 2492.0, 3207.5, 3911.5714285714284, 5099.222222222223, 5652.625]","[1464, 2463, 3948, 5054, 5848]",0.7142857142857143,61.40515873015884,00:00:00,0.6474789790809155,9.032909864410093e-05
