Algorithm,Log Source,Log,MRID,Epsilon,Detected Changepoints,Actual Changepoints for Log,F1-Score,Average Lag,Duration,Duration (Seconds),Seconds per Case
Zheng DBSCAN,with_noise_5,log_87_1692952585,500,100.0,"[615.0, 906.6666666666666, 1429.2857142857142, 1803.0, 2073.9, 2551.294117647059, 3478.1315789473683, 4285.428571428572, 4673.3, 5009.0, 5660.060606060606, 6812.3125, 7350.166666666667, 7629.0, 8106.222222222223, 8617.333333333334, 8811.0]","[1372, 2863, 3391, 4735, 5393, 6760, 7388]",0.4166666666666667,59.252625313283076,00:00:00,0.7821203675121069,8.8355215489393e-05
