Algorithm,Log Source,Log,MRID,Epsilon,Detected Changepoints,Actual Changepoints for Log,F1-Score,Average Lag,Duration,Duration (Seconds),Seconds per Case
Zheng DBSCAN,with_noise_10,log_49_1692952403,500,250.0,"[2357.6296296296296, 4817.636363636364, 5876.0, 6688.25, 7455.0, 7970.0, 8880.384615384615, 10045.176470588236, 11237.0, 11539.0]","[1207, 2115, 3260, 3826, 4852, 5704, 6865, 8311, 8890, 10017, 10880]",0.47619047619047616,84.18109831345137,00:00:01,1.1016999334096909,8.954725948221497e-05
