Algorithm,Log Source,Log,MRID,Epsilon,Detected Changepoints,Actual Changepoints for Log,F1-Score,Average Lag,Duration,Duration (Seconds),Seconds per Case
Zheng DBSCAN,with_noise_10,log_37_1692952363,500,50.0,"[981.0769230769231, 1377.0857142857142, 1582.75, 1736.75, 2269.9032258064517, 2823.4285714285716, 3150.95, 3492.7272727272725]","[1282, 2321]",0.4,73.09124423963124,00:00:00,0.48770551569759846,0.00013528585733636574
