Algorithm,Log Source,Log,MRID,Epsilon,Detected Changepoints,Actual Changepoints for Log,F1-Score,Average Lag,Duration,Duration (Seconds),Seconds per Case
Zheng DBSCAN,without_noise,log_66_1692952466,400,40.0,"[405.5, 540.5, 657.5, 721.5, 774.3333333333334, 904.1538461538462, 1404.560975609756, 1774.8947368421052, 1903.75, 2021.5, 2082.0, 2203.5714285714284, 2306.5714285714284, 2417.8, 2521.3333333333335, 2632.6, 2754.0, 2880.3333333333335, 3084.1481481481483, 3234.0, 3365.3333333333335, 3478.0, 3571.6, 3678.0, 3910.85, 4142.666666666667, 4293.578947368421, 4605.76, 4816.0, 4937.571428571428, 5017.666666666667, 5228.95652173913, 5397.666666666667, 5464.0, 5575.0, 5702.4, 5821.6, 6213.438596491228, 6730.375, 6901.75, 7038.75, 7159.0, 7228.25, 7332.818181818182, 7484.142857142857, 7580.0, 7682.0, 7754.0, 7876.333333333333, 8017.75, 8119.0, 8191.5, 8269.333333333334, 8408.375, 8635.869565217392, 8911.709677419354, 9164.0, 9425.892857142857, 9706.555555555555, 9858.625, 10089.173913043478, 10319.42857142857, 10435.8, 10523.333333333334, 10724.136363636364, 10895.333333333334, 10956.0, 11064.363636363636, 11232.125, 11345.666666666666, 11478.375, 11640.857142857143, 11783.142857142857, 11944.25, 12011.0, 12065.0, 12256.25, 12469.1875, 12723.454545454546, 12889.714285714286, 13016.1, 13177.5, 13390.95652173913, 13616.5, 13677.285714285714, 13782.285714285714, 13910.0, 14001.25, 14095.0, 14212.0, 14417.764705882353, 14591.0, 14650.5, 14770.09090909091, 14934.5, 15135.208333333334, 15305.0, 15430.142857142857, 15560.857142857143, 15671.166666666666, 15799.166666666666, 15956.5, 16064.4, 16158.0, 16208.0, 16305.333333333334, 16419.14285714286]","[1333, 1858, 3125, 4597, 5145, 6189, 7122, 8601, 9725, 10332, 11494, 12957, 13775, 14782, 15396]",0.2459016393442623,33.75106975085958,00:00:11,11.131216173991561,0.0006759711042686319
