Algorithm,Log Source,Log,MRID,Epsilon,Detected Changepoints,Actual Changepoints for Log,F1-Score,Average Lag,Duration,Duration (Seconds),Seconds per Case
Zheng DBSCAN,with_noise_10,log_49_1692952403,500,50.0,"[582.75, 708.5, 799.5, 902.0, 1046.0, 1218.0, 1353.0, 1485.5, 1657.0, 1755.0, 1892.0, 1981.0, 2113.0, 2229.0, 2297.0, 2430.0, 2522.0, 2676.5, 2942.6666666666665, 3051.0, 3239.6, 3427.0, 3538.3333333333335, 3630.0, 3718.6, 3821.0, 4081.0, 4385.5, 4503.0, 4644.5, 4750.0, 4865.0, 5063.0, 5165.0, 5423.0, 5771.0, 5837.0, 5948.0, 6234.0, 6297.0, 6459.5, 6728.333333333333, 6870.0, 7007.0, 7419.0, 7563.0, 7970.0, 8524.0, 8648.0, 8699.0, 8818.0, 8902.5, 8992.0, 9078.0, 9186.5, 9641.25, 9913.0, 10016.0, 10223.5, 10420.0, 10506.0, 10729.5, 10877.0, 11237.0, 11539.0]","[1207, 2115, 3260, 3826, 4852, 5704, 6865, 8311, 8890, 10017, 10880]",0.26315789473684215,13.990000000000009,00:00:01,1.1016999334096909,8.954725948221497e-05
