Algorithm,Log Source,Log,MRID,Epsilon,Detected Changepoints,Actual Changepoints for Log,F1-Score,Average Lag,Duration,Duration (Seconds),Seconds per Case
Zheng DBSCAN,without_noise,log_57_1692952430,300,120.0,"[426.14285714285717, 885.25, 1063.5, 1258.0, 1835.7272727272727, 2137.5, 2298.6666666666665, 2573.0, 2734.0, 2877.5, 3073.8571428571427, 3398.5, 3640.6666666666665, 4049.714285714286, 4436.5, 4757.666666666667, 5172.0, 5512.5, 5683.4]","[1054, 1838, 3064, 3682, 4744]",0.4166666666666667,15.325974025974073,00:00:03,3.5918304342776537,0.0005902761601113646
