Algorithm,Log Source,Log,MRID,Epsilon,Detected Changepoints,Actual Changepoints for Log,F1-Score,Average Lag,Duration,Duration (Seconds),Seconds per Case
Zheng DBSCAN,without_noise,log_9_1692952188,400,40.0,"[441.0, 551.25, 645.5, 734.6666666666666, 905.3333333333334, 983.0, 1131.923076923077, 1273.0, 1371.2, 1448.0, 1523.5, 1626.0, 1692.3333333333333, 1761.0, 1888.0, 2034.0, 2103.5, 2204.3333333333335, 2285.0, 2348.0, 2486.222222222222, 2643.2, 2761.0, 2860.0, 2950.5714285714284, 3073.3333333333335, 3185.5, 3309.0, 3555.2, 3633.2, 3817.5, 3957.5, 4072.6666666666665, 4206.5, 4345.4, 4503.857142857143, 4691.363636363636, 4834.0, 4903.5, 5034.0, 5120.0, 5239.666666666667, 5449.333333333333, 5518.0, 5636.0, 5687.5, 5805.0, 5960.0, 6140.8]","[1136, 2234, 3136, 4299, 4974]",0.1851851851851852,37.928717948717846,00:00:01,1.563323749229312,0.0002484621343339657
