Algorithm,Log Source,Log,MRID,Epsilon,Detected Changepoints,Actual Changepoints for Log,F1-Score,Average Lag,Duration,Duration (Seconds),Seconds per Case
Zheng DBSCAN,with_noise_5,log_76_1692952523,300,30.0,"[498.5925925925926, 1015.7777777777778, 1351.3658536585365, 1741.6509433962265, 2144.1666666666665, 2245.5, 2365.9375, 2693.769230769231, 2911.0, 3049.25, 3201.4545454545455, 3404.705882352941, 3615.0, 3743.5714285714284, 3938.6666666666665, 4121.545454545455, 4427.757142857143, 4820.0, 5352.4390243902435, 5759.5, 5841.545454545455, 5976.423076923077, 6293.135593220339, 6646.974358974359, 6989.68, 7292.058823529412, 7439.0, 7719.535714285715, 7998.137931034483, 8208.653846153846, 8331.8, 8463.16, 8586.0, 8674.333333333334, 8772.5]","[1179, 1765, 3121, 4586, 5250, 6506, 7495]",0.33333333333333337,102.28250276192226,00:00:03,3.0026523116976023,0.00034190985102455047
