Algorithm,Log Source,Log,MRID,Epsilon,Detected Changepoints,Actual Changepoints for Log,F1-Score,Average Lag,Duration,Duration (Seconds),Seconds per Case
Zheng DBSCAN,without_noise,log_83_1692952563,300,30.0,"[1138.3333333333333, 2294.3333333333335, 3652.0, 5072.5, 6289.75, 6352.0, 6401.0, 6439.0, 6489.0, 6591.0, 6947.0, 7403.0, 7487.0, 7836.0]","[1140, 2294, 3652, 5073, 6291, 6948]",0.6,0.7916666666667046,00:00:03,3.418824715539813,0.0004096854062959632
