Algorithm,Log Source,Log,MRID,Epsilon,Detected Changepoints,Actual Changepoints for Log,F1-Score,Average Lag,Duration,Duration (Seconds),Seconds per Case
Zheng DBSCAN,with_noise_10,log_95_1692952617,300,30.0,"[1496.2343173431734, 2883.0, 4571.532485875706, 6996.278884462152, 8286.589928057554, 8768.134328358208, 9075.494623655914, 11207.547210300429]","[1156, 1959, 2970, 4425, 5628, 6797, 7689, 9067, 9689, 11170, 11993]",0.5263157894736842,95.77064085883994,00:00:06,6.553823431953788,0.0004951513623416279
