Algorithm,Log Source,Log,MRID,Epsilon,Detected Changepoints,Actual Changepoints for Log,F1-Score,Average Lag,Duration,Duration (Seconds),Seconds per Case
Zheng DBSCAN,with_noise_10,log_96_1692952629,400,80.0,"[420.1666666666667, 936.7627118644068, 1653.125, 2428.0545454545454, 3493.4444444444443, 4058.7368421052633, 4537.413793103448, 5041.64705882353, 5522.363636363636, 5894.571428571428, 6324.25, 6673.666666666667, 7174.321428571428, 7566.0, 7731.666666666667]","[1087, 2286, 3016, 4084, 4958, 5962, 6779]",0.5454545454545455,95.66065917838493,00:00:00,0.8009673822671175,0.00010181357344186062
