Algorithm,Log Source,Log,MRID,Epsilon,Detected Changepoints,Actual Changepoints for Log,F1-Score,Average Lag,Duration,Duration (Seconds),Seconds per Case
Zheng DBSCAN,without_noise,log_91_1692952607,400,200.0,"[1690.0, 2225.5, 3367.6666666666665, 3905.3333333333335, 5232.0]","[1460, 2204, 3325, 3998, 5233]",0.8000000000000002,39.45833333333326,00:00:00,0.5900780241936445,9.423155927717096e-05
