Algorithm,Log Source,Log,MRID,Epsilon,Detected Changepoints,Actual Changepoints for Log,F1-Score,Average Lag,Duration,Duration (Seconds),Seconds per Case
Zheng DBSCAN,with_noise_5,log_71_1692952512,400,40.0,"[782.4285714285714, 1350.258064516129, 1589.7777777777778, 1852.392857142857, 2175.409090909091, 2585.951219512195, 2923.3846153846152, 3138.0, 3525.048387096774, 3928.5454545454545, 4105.0, 4325.777777777777, 4522.846153846154, 4631.0, 4716.0, 4811.0, 4936.857142857143, 5089.5, 5149.0, 5259.0, 5398.625, 5652.285714285715, 5854.5, 5977.666666666667, 6197.545454545455, 6669.522727272727, 6975.933333333333, 7081.666666666667, 7165.75, 7254.857142857143, 7372.75, 7494.5, 7614.0]","[1414, 2489, 3724, 4718, 5950, 6652]",0.3076923076923077,67.805693639781,00:00:01,1.5564987640827894,0.00020285400287798638
