Algorithm,Log Source,Log,MRID,Epsilon,Detected Changepoints,Actual Changepoints for Log,F1-Score,Average Lag,Duration,Duration (Seconds),Seconds per Case
Zheng DBSCAN,with_noise_10,log_56_1692952426,300,30.0,"[350.75, 442.5, 527.0, 742.0, 816.5, 869.4, 940.8333333333334, 1009.0, 1156.375, 1288.0, 1398.6666666666667, 1476.4, 1559.1666666666667, 1628.0, 1669.5, 1753.875, 1848.0, 1946.0, 2031.375, 2171.75, 2252.0, 2288.0, 2379.1111111111113, 2498.3333333333335, 2627.0, 2690.0, 2763.0, 2799.0, 2936.6153846153848, 3208.0, 3332.5, 3427.3333333333335, 3506.6666666666665, 3617.0, 3679.5, 3742.0, 3834.090909090909, 3975.0, 4009.0, 4120.555555555556, 4260.833333333333, 4336.5, 4389.5, 4477.666666666667, 4614.5, 4683.0, 4809.0, 4885.4, 4987.0, 5091.285714285715, 5215.25, 5302.0, 5480.0, 5628.333333333333, 5769.25, 5908.0, 5946.0, 6078.0, 6139.333333333333, 6237.0, 6410.0, 6464.5, 6543.5, 6689.0, 6734.0, 6798.5, 6883.0, 6935.0, 6998.0, 7084.333333333333, 7131.0, 7175.0, 7230.2, 7434.0, 7547.0, 7580.0, 7621.5, 7695.0, 7757.5, 7813.0, 7865.0, 7964.0, 8009.5, 8059.0, 8113.0, 8179.0, 8312.25, 8371.5, 8426.0, 8496.0, 8563.0, 8630.5, 8712.666666666666, 8769.0, 8815.5, 8888.666666666666, 8937.0, 9026.666666666666, 9089.5, 9127.5, 9199.0, 9302.333333333334, 9357.0, 9405.714285714286, 9464.0, 9518.0, 9558.0, 9663.0, 9739.5, 9860.5, 9941.5, 10006.0, 10071.333333333334, 10182.0, 10217.0, 10300.75, 10370.0, 10445.0, 10506.0, 10609.714285714286, 10754.166666666666, 10877.125, 10936.0, 11026.0, 11101.666666666666, 11168.0, 11240.5, 11309.5]","[1162, 2602, 3692, 5083, 5750, 6960, 8196, 9356, 10281]",0.13138686131386862,14.823412698412742,00:00:01,1.0261506475508213,9.028247822900064e-05
