Algorithm,Log Source,Log,MRID,Epsilon,Detected Changepoints,Actual Changepoints for Log,F1-Score,Average Lag,Duration,Duration (Seconds),Seconds per Case
Zheng DBSCAN,with_noise_10,log_42_1692952376,500,50.0,"[630.0, 1132.0, 3562.0, 3690.5, 3805.6666666666665, 3908.0, 4191.0, 4245.5, 4439.75, 4546.0, 4826.0, 4896.0, 4978.0, 5134.5, 6698.0, 6798.0, 7086.0, 7257.0, 7340.5, 7446.0, 7732.0, 7804.0, 7899.0, 7992.0, 8091.0, 8374.666666666666, 8491.0, 8766.0, 8940.0, 9149.5, 9283.0, 9907.0, 10003.0, 10274.0, 10417.0, 10473.0, 10800.0, 11943.0, 12583.0, 12769.5, 12875.0, 13113.5, 13317.5]","[1465, 2388, 3805, 4827, 5718, 6808, 7871, 8414, 9656, 10599, 11897, 12538]",0.2909090909090909,37.00000000000006,00:00:01,1.0356793142855167,7.442363569168704e-05
