Algorithm,Log Source,Log,MRID,Epsilon,Detected Changepoints,Actual Changepoints for Log,F1-Score,Average Lag,Duration,Duration (Seconds),Seconds per Case
Zheng DBSCAN,with_noise_10,log_96_1692952629,300,60.0,"[418.14285714285717, 1149.830357142857, 2575.675925925926, 3735.095238095238, 5480.380681818182, 6666.2, 6940.578947368421, 7331.692307692308, 7563.857142857143, 7737.571428571428]","[1087, 2286, 3016, 4084, 4958, 5962, 6779]",0.23529411764705882,87.81517857142865,00:00:00,0.4180903993546963,5.314483276403918e-05
