Algorithm,Log Source,Log,MRID,Epsilon,Detected Changepoints,Actual Changepoints for Log,F1-Score,Average Lag,Duration,Duration (Seconds),Seconds per Case
Zheng DBSCAN,with_noise_10,log_92_1692952610,300,30.0,"[611.3361344537815, 1054.6216216216217, 1229.0833333333333, 1296.4, 1466.7236842105262, 1844.3173076923076, 2462.3529411764707, 2985.6111111111113, 3692.0125, 4430.5, 4902.821917808219, 5382.3125, 5810.582733812949, 6425.435643564357, 7491.802547770701, 8402.258064516129, 8768.858695652174, 9655.419847328245, 10413.914285714285]","[1496, 2990, 3497, 4700, 5462, 6515, 7455, 8576, 9153]",0.5,86.92486348122533,00:00:02,2.6929570212960243,0.0002553049887463049
