Algorithm,Log Source,Log,MRID,Epsilon,Detected Changepoints,Actual Changepoints for Log,F1-Score,Average Lag,Duration,Duration (Seconds),Seconds per Case
Zheng DBSCAN,with_noise_10,log_32_1692952308,300,30.0,"[1328.0210084033613, 3227.9602649006624, 4081.0384615384614, 5134.752066115702, 6093.625, 6871.462295081968, 7712.333333333333, 8181.67955801105, 8706.25, 8857.714285714286, 9432.877118644068, 10089.44, 10992.996932515338, 12221.113333333333]","[1486, 2272, 3660, 4340, 5709, 6587, 7907, 8621, 9625, 10324, 11599]",0.32,157.5046349048094,00:00:04,4.246009290218353,0.00033393702636400736
