Algorithm,Log Source,Log,MRID,Epsilon,Detected Changepoints,Actual Changepoints for Log,F1-Score,Average Lag,Duration,Duration (Seconds),Seconds per Case
Zheng DBSCAN,without_noise,log_51_1692952412,500,100.0,"[551.0, 674.5, 1170.3333333333333, 1806.5, 2068.0, 2241.5, 2414.0, 2634.0, 2896.5, 3122.6666666666665, 3334.0, 3710.6666666666665, 3918.6666666666665, 4169.4, 4429.666666666667, 4677.0, 4964.25, 5441.5, 5623.833333333333, 5880.0, 6072.0, 6208.0]","[1211, 2415, 3134, 4190, 5042]",0.37037037037037035,30.270000000000117,00:00:00,0.9274840783327818,0.00014745374854257262
