Algorithm,Log Source,Log,MRID,Epsilon,Detected Changepoints,Actual Changepoints for Log,F1-Score,Average Lag,Duration,Duration (Seconds),Seconds per Case
Zheng DBSCAN,with_noise_10,log_85_1692952576,500,250.0,"[1535.5681818181818, 3958.9122807017543, 7429.610169491525, 9263.333333333334]","[1459, 1990, 3383, 4503, 5074, 6148, 6878, 8310]",0.16666666666666666,76.56818181818176,00:00:00,0.8421185500919819,8.602702524180017e-05
