Algorithm,Log Source,Log,MRID,Epsilon,Detected Changepoints,Actual Changepoints for Log,F1-Score,Average Lag,Duration,Duration (Seconds),Seconds per Case
Zheng DBSCAN,with_noise_10,log_96_1692952629,300,30.0,"[313.125, 418.14285714285717, 611.35, 759.375, 890.9166666666666, 1100.967741935484, 1339.3333333333333, 1400.0, 1476.0, 1543.0, 1579.4, 1647.5714285714287, 1729.6, 1810.75, 1854.0, 1960.75, 2052.0, 2192.086956521739, 2358.6, 2584.527777777778, 2828.0, 2881.0, 3007.3333333333335, 3200.6666666666665, 3371.1666666666665, 3672.315789473684, 4037.48, 4183.5, 4215.0, 4301.2, 4391.833333333333, 4462.0, 4512.333333333333, 4568.8, 4633.8, 4685.333333333333, 4741.0, 4845.6, 4929.571428571428, 5029.5, 5095.0, 5172.833333333333, 5271.142857142857, 5353.0, 5405.571428571428, 5572.423076923077, 5720.5, 5787.75, 5886.75, 5971.272727272727, 6065.0, 6120.0, 6185.555555555556, 6277.105263157895, 6378.666666666667, 6425.5, 6506.833333333333, 6550.5, 6666.2, 6932.888888888889, 7079.0, 7144.5, 7182.0, 7276.3, 7434.0, 7563.857142857143, 7697.0, 7791.666666666667]","[1087, 2286, 3016, 4084, 4958, 5962, 6779]",0.18666666666666665,41.75081532906415,00:00:00,0.4180903993546963,5.314483276403918e-05
