Algorithm,Log Source,Log,MRID,Epsilon,Detected Changepoints,Actual Changepoints for Log,F1-Score,Average Lag,Duration,Duration (Seconds),Seconds per Case
Zheng DBSCAN,with_noise_10,log_42_1692952376,600,240.0,"[3755.714285714286, 4408.0, 4993.8, 6769.25, 7261.5, 7891.5, 8390.0, 9149.5, 10003.0, 10417.0, 11943.0, 12875.0, 13116.0]","[1465, 2388, 3805, 4827, 5718, 6808, 7871, 8414, 9656, 10599, 11897, 12538]",0.5599999999999999,75.33367346938778,00:00:00,0.5182105582207441,3.723847069709285e-05
