Algorithm,Log Source,Log,MRID,Epsilon,Detected Changepoints,Actual Changepoints for Log,F1-Score,Average Lag,Duration,Duration (Seconds),Seconds per Case
Zheng DBSCAN,without_noise,log_29_1692952298,300,150.0,"[675.5, 960.0, 1204.5, 1458.0, 1736.5, 1999.5, 2442.625, 2894.1428571428573, 3285.0, 3571.0, 4189.444444444444, 4673.333333333333, 5147.857142857143, 5527.0, 5929.285714285715, 6408.285714285715, 6992.25, 7287.333333333333, 7749.615384615385, 8221.42857142857, 8711.0, 9120.083333333334, 9579.333333333334, 9984.0, 10533.555555555555, 11197.75, 11579.0, 11853.5, 12327.5, 12681.5, 13369.57142857143, 13687.5, 13887.5, 14206.0]","[1213, 1756, 2868, 4306, 5136, 6404, 7812, 9139, 10570, 11620, 12291, 13397]",0.5217391304347826,34.12629731379733,00:00:05,5.568708352744579,0.00038476531145889445
