Algorithm,Log Source,Log,MRID,Epsilon,Detected Changepoints,Actual Changepoints for Log,F1-Score,Average Lag,Duration,Duration (Seconds),Seconds per Case
Zheng DBSCAN,with_noise_5,log_34_1692952321,400,120.0,"[882.35, 1527.7222222222222, 2192.125, 2811.285714285714, 3383.375, 3933.2]","[1165, 2205, 2867]",0.4444444444444444,34.29464285714289,00:00:00,0.2915299255400896,7.105286998296116e-05
