Algorithm,Log Source,Log,MRID,Epsilon,Detected Changepoints,Actual Changepoints for Log,F1-Score,Average Lag,Duration,Duration (Seconds),Seconds per Case
Zheng DBSCAN,with_noise_5,log_46_1692952395,400,40.0,"[514.7, 660.1666666666666, 806.1111111111111, 960.5, 1068.2857142857142, 1145.0, 1233.0, 1363.7142857142858, 1701.8846153846155, 1992.5, 2138.285714285714, 2241.0, 2329.5, 2392.0, 2541.0, 2612.25, 2733.75, 2845.0, 2913.0, 3086.5, 3184.3571428571427, 3330.0, 3411.5, 3604.2, 3689.5, 3806.8571428571427, 3948.0, 4090.125, 4237.666666666667, 4362.75, 4468.333333333333, 4612.5, 4738.5, 4786.0, 4885.833333333333, 5037.25, 5218.0]","[1416, 2620, 3913]",0.15,31.678571428571406,00:00:00,0.6302032209932804,0.00011777298093688663
