Algorithm,Log Source,Log,MRID,Epsilon,Detected Changepoints,Actual Changepoints for Log,F1-Score,Average Lag,Duration,Duration (Seconds),Seconds per Case
Zheng DBSCAN,with_noise_10,log_61_1692952452,600,60.0,"[670.0, 772.0, 872.0, 971.5, 1158.0, 1323.625, 1494.75, 1686.2, 1818.5, 2007.0, 2182.2, 2433.3333333333335, 2585.1428571428573, 2699.0, 2831.5, 2963.5, 3028.0, 3207.2, 3613.1, 3843.625, 4055.3333333333335, 4287.0, 4417.0, 4593.5, 4689.333333333333, 4819.333333333333, 4941.4, 5116.0, 5209.333333333333, 5322.0, 5463.666666666667, 5678.375, 5864.5, 6306.25, 6490.5, 6684.0, 6774.0, 6879.666666666667, 7099.666666666667, 7195.0, 7304.0, 7468.571428571428, 7598.0, 7826.2, 8175.285714285715, 8424.333333333334, 8569.5, 8822.125, 9015.25, 9303.666666666666, 9475.666666666666, 9670.57142857143, 10064.4, 10278.5, 10410.666666666666, 10781.25, 11113.0, 11370.916666666666, 11548.25, 11688.5, 11805.0, 12024.666666666666, 12128.25, 12280.0, 12416.0, 12497.0, 12739.4, 12931.0, 13098.5, 13264.75, 13481.4, 13598.5, 13849.09090909091, 14079.0, 14318.0, 14459.666666666666, 14618.666666666666, 14754.4, 14895.8, 15171.0, 15517.666666666666, 15735.0, 15865.0, 15968.0, 16129.0, 16234.0, 16393.0, 16472.5]","[1461, 2278, 3644, 4850, 6300, 7761, 9161, 9996, 11400, 11926, 13119, 13979, 15446]",0.25742574257425743,61.0423076923076,00:00:01,1.3088662065565586,7.8985348292593e-05
