Algorithm,Log Source,Log,MRID,Epsilon,Detected Changepoints,Actual Changepoints for Log,F1-Score,Average Lag,Duration,Duration (Seconds),Seconds per Case
Zheng DBSCAN,without_noise,log_15_1692952210,300,150.0,"[457.4, 840.7142857142857, 1212.3, 1586.0, 1890.5, 2165.8, 2743.6666666666665, 3390.0, 5044.949367088608, 7758.45, 8387.5, 8645.5, 9119.0]","[1116, 1697, 3004, 4092, 4699, 5989, 7446, 8227]",0.2857142857142857,122.59999999999998,00:00:03,3.309700446203351,0.00034071447871148353
