Algorithm,Log Source,Log,MRID,Epsilon,Detected Changepoints,Actual Changepoints for Log,F1-Score,Average Lag,Duration,Duration (Seconds),Seconds per Case
Zheng DBSCAN,without_noise,log_68_1692952500,300,30.0,"[1273.3333333333333, 2619.0, 3916.0, 4059.5, 4379.0, 4433.5, 5934.0]","[1265, 2633, 3914, 4520, 5935]",0.8333333333333333,22.366666666666653,00:00:01,1.5670366398990154,0.0002203989648240528
