Algorithm,Log Source,Log,MRID,Epsilon,Detected Changepoints,Actual Changepoints for Log,F1-Score,Average Lag,Duration,Duration (Seconds),Seconds per Case
Zheng DBSCAN,without_noise,log_57_1692952430,600,240.0,"[1028.0, 1960.25, 2573.0, 3258.3636363636365, 4037.6, 4738.428571428572, 5212.8, 5596.0]","[1054, 1838, 3064, 3682, 4744]",0.6153846153846154,87.04626623376623,00:00:01,1.8136596269905567,0.0002980541704175114
