Algorithm,Log Source,Log,MRID,Epsilon,Detected Changepoints,Actual Changepoints for Log,F1-Score,Average Lag,Duration,Duration (Seconds),Seconds per Case
Zheng DBSCAN,without_noise,log_29_1692952298,300,90.0,"[350.5, 609.0, 742.0, 960.0, 1204.5, 1458.0, 1736.5, 1999.5, 2391.6666666666665, 2595.5, 2894.1428571428573, 3285.0, 3519.0, 3623.0, 4061.0, 4292.2, 4636.5, 4747.0, 5053.0, 5164.5, 5273.5, 5527.0, 5688.0, 5842.5, 6033.0, 6384.25, 6552.5, 6992.25, 7287.333333333333, 7735.5, 7919.0, 8080.5, 8253.0, 8377.0, 8623.0, 8740.333333333334, 9120.083333333334, 9494.333333333334, 9664.333333333334, 9984.0, 10340.25, 10588.785714285714, 11197.75, 11579.0, 11805.0, 11902.0, 12327.5, 12681.5, 13369.57142857143, 13687.5, 13887.5, 14206.0]","[1213, 1756, 2868, 4306, 5136, 6404, 7812, 9139, 10570, 11620, 12291, 13397]",0.375,27.943650793650665,00:00:05,5.568708352744579,0.00038476531145889445
