Algorithm,Log Source,Log,MRID,Epsilon,Detected Changepoints,Actual Changepoints for Log,F1-Score,Average Lag,Duration,Duration (Seconds),Seconds per Case
Zheng DBSCAN,with_noise_10,log_90_1692952603,400,120.0,"[1051.7450980392157, 2167.5666666666666, 2928.029411764706, 3918.4444444444443, 5482.571428571428, 7519.8351648351645, 9008.57142857143]","[1042, 1748, 2855, 4089, 4623, 5847, 6623, 7991]",0.39999999999999997,84.44335511982574,00:00:01,1.0892176367342472,0.0001187935038427579
