Algorithm,Log Source,Log,MRID,Epsilon,Detected Changepoints,Actual Changepoints for Log,F1-Score,Average Lag,Duration,Duration (Seconds),Seconds per Case
Zheng DBSCAN,without_noise,log_12_1692952196,300,90.0,"[344.0, 499.0, 749.5, 899.0, 1054.5, 1325.0, 1776.0, 2082.8333333333335, 2876.0, 3171.0, 3366.5, 3616.0, 3712.0, 3885.4, 4120.333333333333, 4425.142857142857, 5098.5, 5230.5, 5403.5, 5678.0, 6237.444444444444, 6886.0, 7238.0]","[1187, 2142, 3311, 3901, 5376, 6349]",0.41379310344827586,66.97037037037035,00:00:01,1.387664271518588,0.0001838452929939836
