Algorithm,Log Source,Log,MRID,Epsilon,Detected Changepoints,Actual Changepoints for Log,F1-Score,Average Lag,Duration,Duration (Seconds),Seconds per Case
Zheng DBSCAN,with_noise_5,log_16_1692952213,600,60.0,"[602.25, 709.1, 977.0434782608696, 1232.0, 1374.5625, 1724.2894736842106, 2088.0, 2606.8478260869565, 2910.714285714286, 3214.866666666667, 3784.867924528302, 4252.4, 4431.5, 4538.916666666667, 4843.962962962963, 5657.767676767677, 6402.2, 6518.333333333333, 6640.785714285715, 6754.0, 6964.884615384615, 7342.0, 7562.25, 8144.623376623376, 9000.733333333334, 9312.7, 9599.235294117647, 9833.2, 9964.0, 10069.0, 10706.719626168224, 11909.319587628866, 12658.275, 13306.802816901409, 13807.0, 14022.166666666666, 14254.5]","[1356, 2761, 3835, 4592, 5716, 6979, 8389, 9274, 10631, 11912, 13144]",0.4166666666666667,62.37427578077918,00:00:04,4.052312362939119,0.0002832002489998686
