Algorithm,Log Source,Log,MRID,Epsilon,Detected Changepoints,Actual Changepoints for Log,F1-Score,Average Lag,Duration,Duration (Seconds),Seconds per Case
Zheng DBSCAN,with_noise_10,log_38_1692952364,500,50.0,"[542.0, 611.5, 762.2, 850.0, 983.4, 1161.5, 1395.764705882353, 1586.0, 1679.0, 1752.0, 1836.3333333333333, 1981.0, 2071.6666666666665, 2150.0, 2228.0, 2377.0, 2499.5, 2567.0, 3018.843137254902, 3836.95, 4147.5, 4337.5, 4392.5, 4465.333333333333, 4559.0, 4809.96, 5054.666666666667, 5163.5, 5521.5, 5933.909090909091, 6063.0, 6178.4, 6294.111111111111, 6483.0, 6605.0, 6750.571428571428, 6905.5, 6991.0, 7141.0, 7246.5, 7338.166666666667, 7473.5, 7643.0, 7897.692307692308, 8064.8, 8351.153846153846, 8615.4, 8868.923076923076, 9056.0, 9178.5, 9289.5, 9390.333333333334, 9502.0, 9619.0, 9700.0, 9847.5, 10004.0, 10096.5, 10264.0]","[1028, 1851, 3000, 4010, 4915, 6335, 7206, 8449, 9115]",0.2647058823529412,62.09831629517909,00:00:00,0.7808602638542652,7.556956003622038e-05
