Algorithm,Log Source,Log,MRID,Epsilon,Detected Changepoints,Actual Changepoints for Log,F1-Score,Average Lag,Duration,Duration (Seconds),Seconds per Case
Zheng DBSCAN,with_noise_5,log_27_1692952285,400,80.0,"[515.1578947368421, 956.3571428571429, 1286.75, 1859.6153846153845, 2462.625, 2712.5, 2863.0, 3129.375, 3360.8, 3654.0, 3961.521739130435, 4260.6, 4701.952380952381, 5064.0, 5582.521739130435, 6133.9375, 6447.5, 6793.166666666667]","[1464, 2463, 3948, 5054, 5848]",0.3478260869565218,50.286684782608745,00:00:00,0.6273821406066418,8.752541024088194e-05
