Algorithm,Log Source,Log,MRID,Epsilon,Detected Changepoints,Actual Changepoints for Log,F1-Score,Average Lag,Duration,Duration (Seconds),Seconds per Case
Zheng DBSCAN,with_noise_5,log_97_1692952631,500,150.0,"[659.0, 1417.5238095238096, 2175.5454545454545, 3031.5625, 3627.25, 4188.9473684210525, 5373.305555555556, 6578.08, 7437.272727272727, 8161.0]","[1365, 2387, 3660, 4381, 5395, 6560, 7200]",0.588235294117647,63.42017710944028,00:00:00,0.8279465567320585,0.00010098140709014008
