Algorithm,Log Source,Log,MRID,Epsilon,Detected Changepoints,Actual Changepoints for Log,F1-Score,Average Lag,Duration,Duration (Seconds),Seconds per Case
Zheng DBSCAN,without_noise,log_67_1692952494,600,60.0,"[880.0, 994.0, 1154.0, 1244.0, 1319.0, 1393.0, 1565.0, 1747.5, 1929.5, 2073.0, 2335.0, 2563.5, 2710.4285714285716, 2971.5, 3129.0, 3332.0, 3512.0, 3579.0, 3730.3333333333335, 3890.75, 4440.0, 4538.0, 5020.0, 5306.5, 5750.0, 5850.0, 5976.0, 6039.0, 6289.0, 6598.0, 6754.0, 7016.75, 7213.166666666667, 7506.75, 7700.0, 7880.5, 8037.0, 8195.0, 8532.0, 8654.0, 8881.0, 9004.0, 9145.0, 9261.5, 9498.0, 9616.5, 10199.0, 10285.0]","[1312, 2743, 3889, 5271, 5852, 7181, 7712, 9147]",0.2857142857142857,15.623511904761926,00:00:03,3.37427912466228,0.0003202618759170729
