Algorithm,Log Source,Log,MRID,Epsilon,Detected Changepoints,Actual Changepoints for Log,F1-Score,Average Lag,Duration,Duration (Seconds),Seconds per Case
Zheng DBSCAN,with_noise_10,log_95_1692952617,400,40.0,"[1045.0342679127725, 2248.285714285714, 2982.050724637681, 8185.6293059125965]","[1156, 1959, 2970, 4425, 5628, 6797, 7689, 9067, 9689, 11170, 11993]",0.26666666666666666,61.50822836245425,00:00:06,6.552702264860272,0.000495066656456654
