Algorithm,Log Source,Log,MRID,Epsilon,Detected Changepoints,Actual Changepoints for Log,F1-Score,Average Lag,Duration,Duration (Seconds),Seconds per Case
Zheng DBSCAN,with_noise_10,log_57_1692952430,400,120.0,[3103.121463077985],"[1054, 1838, 3064, 3682, 4744]",0.33333333333333337,39.12146307798503,00:00:03,3.5746237989515066,0.0005874484468285138
