Algorithm,Log Source,Log,MRID,Epsilon,Detected Changepoints,Actual Changepoints for Log,F1-Score,Average Lag,Duration,Duration (Seconds),Seconds per Case
Zheng DBSCAN,with_noise_10,log_84_1692952573,400,80.0,"[578.75, 1282.5384615384614, 1832.5, 2097.277777777778, 2551.1, 2854.230769230769, 3427.969696969697, 4211.733333333334, 4801.909090909091, 5455.069767441861]","[1146, 2011, 3360, 4613]",0.5714285714285715,119.92375679875681,00:00:00,0.9116769004613161,0.00015306865353615113
