Algorithm,Log Source,Log,MRID,Epsilon,Detected Changepoints,Actual Changepoints for Log,F1-Score,Average Lag,Duration,Duration (Seconds),Seconds per Case
Zheng DBSCAN,without_noise,log_22_1692952248,400,80.0,"[1246.3333333333333, 2280.5, 3280.5714285714284, 4640.153846153846, 4826.0, 4931.0, 5238.0, 5666.0, 5916.0, 6024.4, 7339.833333333333, 8122.6, 9634.0, 9745.0, 10258.4]","[1244, 2280, 3281, 4625, 6029, 7290, 8171, 9596, 10320]",0.7499999999999999,24.538787138787104,00:00:06,6.447959179058671,0.0005550929045332878
