Algorithm,Log Source,Log,MRID,Epsilon,Detected Changepoints,Actual Changepoints for Log,F1-Score,Average Lag,Duration,Duration (Seconds),Seconds per Case
Zheng DBSCAN,with_noise_5,log_96_1692952629,500,50.0,"[529.5, 931.8928571428571, 1418.1666666666667, 1591.3333333333333, 1687.4, 1847.5, 1975.5555555555557, 2386.4242424242425, 2673.5, 2905.4583333333335, 3144.0, 3229.0, 3343.0, 3509.9444444444443, 3689.0, 3796.2, 3957.875, 4079.75, 4210.0, 4323.857142857143, 4494.833333333333, 4592.5, 4800.357142857143, 5002.0, 5119.0, 5193.666666666667, 5302.8, 5508.9375, 5735.8, 5837.666666666667, 5947.0, 6146.058823529412, 6514.259259259259, 6755.0, 6814.0, 7017.4, 7252.25, 7399.0, 7548.666666666667, 7646.0, 7801.5]","[1087, 2286, 3016, 4084, 4958, 5962, 6779]",0.2916666666666667,64.76043599257885,00:00:00,0.7935645841062069,0.00010087257964995639
