Algorithm,Log Source,Log,MRID,Epsilon,Detected Changepoints,Actual Changepoints for Log,F1-Score,Average Lag,Duration,Duration (Seconds),Seconds per Case
Zheng DBSCAN,with_noise_10,log_52_1692952415,500,50.0,"[666.3269230769231, 1087.6296296296296, 1369.125, 1506.857142857143, 1823.3333333333333, 2591.19801980198, 3252.6666666666665, 3858.7448979591836, 4537.0, 4648.0]","[1490, 2522, 3523]",0.30769230769230765,43.027581329561485,00:00:00,0.5950303804129362,0.00012630659741306224
