Algorithm,Log Source,Log,MRID,Epsilon,Detected Changepoints,Actual Changepoints for Log,F1-Score,Average Lag,Duration,Duration (Seconds),Seconds per Case
Zheng DBSCAN,without_noise,log_66_1692952466,400,80.0,"[741.3333333333334, 1545.703125, 2417.9347826086955, 3213.66, 3678.0, 3910.85, 4783.275510204082, 6092.040540540541, 7525.306306306306, 8807.42857142857, 10591.186440677966, 11988.285714285714, 12256.25, 12572.777777777777, 12986.526315789473, 13467.6875, 13782.285714285714, 13988.92857142857, 15198.067226890757, 16385.0]","[1333, 1858, 3125, 4597, 5145, 6189, 7122, 8601, 9725, 10332, 11494, 12957, 13775, 14782, 15396]",0.34285714285714286,101.10662880799525,00:00:11,11.131216173991561,0.0006759711042686319
