Algorithm,Log Source,Log,MRID,Epsilon,Detected Changepoints,Actual Changepoints for Log,F1-Score,Average Lag,Duration,Duration (Seconds),Seconds per Case
Zheng DBSCAN,without_noise,log_32_1692952308,400,120.0,"[532.0, 972.5714285714286, 1573.090909090909, 2133.875, 2478.5, 2684.8571428571427, 3168.3333333333335, 3555.5, 4191.090909090909, 4474.0, 4725.0, 4942.666666666667, 5069.5, 5691.0, 6490.384615384615, 6930.0, 7279.333333333333, 7449.0, 7633.0, 8187.96, 8945.4, 9189.5, 9516.5, 9900.153846153846, 10283.666666666666, 10633.0, 11083.0, 11359.5, 11576.8, 11786.5, 11988.888888888889, 12445.25]","[1486, 2272, 3660, 4340, 5709, 6587, 7907, 8621, 9625, 10324, 11599]",0.41860465116279066,83.2627363377365,00:00:04,4.1923641841858625,0.0003297179853862259
