Algorithm,Log Source,Log,MRID,Epsilon,Detected Changepoints,Actual Changepoints for Log,F1-Score,Average Lag,Duration,Duration (Seconds),Seconds per Case
Zheng DBSCAN,with_noise_5,log_40_1692952371,400,40.0,"[678.0714285714286, 959.3333333333334, 1132.1923076923076, 1359.125, 1529.2083333333333, 1832.6774193548388, 2131.5, 2213.875, 2324.8, 2401.0, 2461.0, 2555.0, 2700.6666666666665, 2814.0, 2930.529411764706, 3225.8709677419356, 3389.5, 3507.8888888888887, 3755.608695652174, 4149.756756756757, 4538.833333333333, 4772.5, 4888.75, 5091.428571428572, 5237.5, 5292.0, 5356.0, 5447.5, 5537.909090909091, 5795.9655172413795, 6052.25, 6211.714285714285]","[1129, 1871, 3306, 4382, 5293]",0.2702702702702703,55.89545078577326,00:00:00,0.7775952387601137,0.0001222634023207726
