Algorithm,Log Source,Log,MRID,Epsilon,Detected Changepoints,Actual Changepoints for Log,F1-Score,Average Lag,Duration,Duration (Seconds),Seconds per Case
Zheng DBSCAN,with_noise_10,log_52_1692952415,300,30.0,"[323.9375, 409.3333333333333, 667.6666666666666, 918.25, 1011.1428571428571, 1172.0333333333333, 1363.7058823529412, 1514.05, 1636.3529411764705, 1841.72, 2030.3333333333333, 2275.3225806451615, 2796.4945054945056, 3264.3214285714284, 3622.7894736842104, 4161.126436781609, 4515.4, 4568.0, 4648.8]","[1490, 2522, 3523]",0.18181818181818182,61.91973684210518,00:00:01,1.1611093748360872,0.0002464677085196534
