Algorithm,Log Source,Log,MRID,Epsilon,Detected Changepoints,Actual Changepoints for Log,F1-Score,Average Lag,Duration,Duration (Seconds),Seconds per Case
Zheng DBSCAN,with_noise_5,log_21_1692952246,500,50.0,"[540.0, 637.0, 785.0, 838.0, 960.5, 1038.5, 1205.5, 1263.0, 1511.5, 1645.0, 1703.0, 1768.0, 1831.0, 1980.6666666666667, 2127.6, 2339.3333333333335, 2482.6, 2597.5, 2681.0, 2873.5, 2954.5, 3055.0, 3542.3333333333335, 3651.2, 3795.3333333333335, 3938.0, 4009.0, 4099.5, 4173.0, 4256.0, 4417.4, 4610.0, 4748.0, 4874.333333333333, 5002.0, 5062.0, 5266.0, 5393.0, 5487.75, 5634.666666666667, 5740.0, 5853.5, 5974.0, 6187.0, 6249.0, 6323.0, 6451.0, 6617.0, 6826.0]","[1096, 1828, 3150, 4136, 5287, 5888]",0.2181818181818182,41.25,00:00:00,0.45524011366069317,6.574813888802617e-05
