Algorithm,Log Source,Log,Window Size,SW Step Size,Detected Changepoints,Actual Changepoints for Log,F1-Score,Average Lag,Duration,Duration (Seconds),Seconds per Case
Bose J,with_noise_20,log_32_1687181966,400,2,"[844, 1630, 2512]","[1402, 1725]",0.4,95.0,00:02:02,122.50535081233829,0.04051102870778383
Bose WC,with_noise_20,log_32_1687181966,400,2,[1496],"[1402, 1725]",0.6666666666666666,94.0,00:02:18,138.603968991898,0.0458346458306541
