Algorithm,Log Source,Log,Window Size,SW Step Size,Detected Changepoints,Actual Changepoints for Log,F1-Score,Average Lag,Duration,Duration (Seconds),Seconds per Case
Bose J,with_noise_10,log_95_1687182068,200,2,"[680, 1816, 2782, 4210]","[561, 936, 2338, 2712, 4212]",0.6666666666666665,63.666666666666664,00:04:34,274.102147272788,0.048591056066794536
Bose WC,with_noise_10,log_95_1687182068,200,2,"[680, 4210]","[561, 936, 2338, 2712, 4212]",0.5714285714285715,60.5,00:04:59,299.1892405413091,0.053038333724749004
