Algorithm,Log Source,Log,Window Size,SW Step Size,Detected Changepoints,Actual Changepoints for Log,F1-Score,Average Lag,Duration,Duration (Seconds),Seconds per Case
Bose J,with_noise_10,log_95_1692952617,450,2,"[1150, 2926, 4292, 5628, 6814, 8646, 9202]","[1156, 1959, 2970, 4425, 5628, 6797, 7689, 9067, 9689, 11170, 11993]",0.6666666666666665,55.833333333333336,00:26:29,1589.9214078541845,0.12012098880735755
Bose WC,with_noise_10,log_95_1692952617,450,2,"[5628, 6814]","[1156, 1959, 2970, 4425, 5628, 6797, 7689, 9067, 9689, 11170, 11993]",0.3076923076923077,8.5,00:27:24,1644.197380458936,0.1242216213704243
