Algorithm,Log Source,Log,Window Size,SW Step Size,Detected Changepoints,Actual Changepoints for Log,F1-Score,Average Lag,Duration,Duration (Seconds),Seconds per Case
Bose J,with_noise_10,log_40_1692952371,400,2,"[1640, 2560, 3282, 5014]","[1129, 1871, 3306, 4382, 5293]",0.22222222222222224,24.0,00:04:46,286.4642492104322,0.04504154861799248
Bose WC,with_noise_10,log_40_1692952371,400,2,"[1684, 3522, 4510]","[1129, 1871, 3306, 4382, 5293]",0.5,157.5,00:05:33,333.6707057040185,0.05246394743773875
