Algorithm,Log Source,Log,Window Size,SW Step Size,Detected Changepoints,Actual Changepoints for Log,F1-Score,Average Lag,Duration,Duration (Seconds),Seconds per Case
Bose J,without_noise,log_72_1692952515,250,2,"[1312, 2326, 2656, 3384, 4144, 5428, 5602, 7574, 9006, 10162]","[1301, 2400, 3024, 4162, 5434, 6322, 7584, 8880, 10111]",0.7368421052631577,42.285714285714285,00:01:48,108.14813238568604,0.00953939599415066
Bose WC,without_noise,log_72_1692952515,250,2,"[892, 3386, 4140, 5602, 7578, 8960, 10056]","[1301, 2400, 3024, 4162, 5434, 6322, 7584, 8880, 10111]",0.6250000000000001,66.2,00:01:57,117.63320553861558,0.010376043533440555
