Algorithm,Log Source,Log,Window Size,SW Step Size,Detected Changepoints,Actual Changepoints for Log,F1-Score,Average Lag,Duration,Duration (Seconds),Seconds per Case
Bose J,with_noise_10,log_37_1687181973,200,2,[1352],[1428],1.0,76.0,00:01:28,88.82772862631828,0.04295344711137247
Bose WC,with_noise_10,log_37_1687181973,200,2,"[1458, 1664]",[1428],0.6666666666666666,30.0,00:01:06,66.08796874433756,0.031957431694553944
