Algorithm,Log Source,Log,Window Size,SW Step Size,Detected Changepoints,Actual Changepoints for Log,F1-Score,Average Lag,Duration,Duration (Seconds),Seconds per Case
Bose J,without_noise,log_26_1692952272,200,2,"[1484, 2108, 3126, 3522, 4120, 5026, 5500, 5846, 6654, 7012, 9048, 9622, 10380, 11982]","[1263, 1769, 2996, 3623, 4914, 5584, 6650, 7268, 8328, 9041, 10411, 11880, 12742]",0.5925925925925927,71.375,00:15:02,902.1934222858399,0.06447462461844064
Bose WC,without_noise,log_26_1692952272,200,2,"[1484, 3126, 5500, 6720, 7012, 9048, 10418, 11864]","[1263, 1769, 2996, 3623, 4914, 5584, 6650, 7268, 8328, 9041, 10411, 11880, 12742]",0.5714285714285714,52.333333333333336,00:14:53,893.3382944725454,0.06384179907614845
