Algorithm,Log Source,Log,Window Size,SW Step Size,Detected Changepoints,Actual Changepoints for Log,F1-Score,Average Lag,Duration,Duration (Seconds),Seconds per Case
Bose J,with_noise_5,log_52_1692952415,350,2,"[512, 856, 1476, 2500, 2938, 3404]","[1490, 2522, 3523]",0.6666666666666666,51.666666666666664,00:02:56,176.20078662782907,0.037401992491579085
Bose WC,with_noise_5,log_52_1692952415,350,2,"[1476, 2552, 2948, 3684]","[1490, 2522, 3523]",0.8571428571428571,68.33333333333333,00:03:38,218.4019980095327,0.046360008068251475
