Algorithm,Log Source,Log,Window Size,SW Step Size,Detected Changepoints,Actual Changepoints for Log,F1-Score,Average Lag,Duration,Duration (Seconds),Seconds per Case
Bose J,with_noise_5,log_44_1692952384,300,2,"[1116, 1696, 2656, 3006, 4490, 5970, 6972, 8428, 9290, 10332, 10892]","[1079, 2333, 3288, 4492, 5972, 6979, 7946, 9293, 10347]",0.6,11.0,00:09:17,557.2840849272907,0.0484131773892182
Bose WC,with_noise_5,log_44_1692952384,300,2,"[1116, 3006, 4488, 5970, 7544, 9280, 10310]","[1079, 2333, 3288, 4492, 5972, 6979, 7946, 9293, 10347]",0.6250000000000001,18.6,00:07:44,464.673545088619,0.04036778256351481
