Algorithm,Log Source,Log,Window Size,SW Step Size,Detected Changepoints,Actual Changepoints for Log,F1-Score,Average Lag,Duration,Duration (Seconds),Seconds per Case
Bose J,with_noise_5,log_56_1692952426,100,2,"[1162, 2600, 3692, 5124, 6958, 8196, 9338]","[1162, 2602, 3692, 5083, 5750, 6960, 8196, 9356, 10281]",0.8750000000000001,9.0,00:01:32,92.81026623770595,0.008165604983081642
Bose WC,with_noise_5,log_56_1692952426,100,2,"[1202, 2626, 3684, 5138, 8188, 9352]","[1162, 2602, 3692, 5083, 5750, 6960, 8196, 9356, 10281]",0.8,23.166666666666668,00:01:30,90.7529887855053,0.007984602215863567
