Algorithm,Log Source,Log,Window Size,SW Step Size,Detected Changepoints,Actual Changepoints for Log,F1-Score,Average Lag,Duration,Duration (Seconds),Seconds per Case
Bose J,with_noise_5,log_23_1687181942,400,2,"[1160, 1794, 2636, 3216, 4174]","[859, 1255, 2629, 4001, 4377]",0.6,91.66666666666667,00:04:48,288.9049811437726,0.05210189019725385
Bose WC,with_noise_5,log_23_1687181942,400,2,"[840, 1146, 2636, 3248, 4314]","[859, 1255, 2629, 4001, 4377]",0.8000000000000002,49.5,00:05:17,317.8486013635993,0.05732165939830465
