Algorithm,Log Source,Log,Window Size,SW Step Size,Detected Changepoints,Actual Changepoints for Log,F1-Score,Average Lag,Duration,Duration (Seconds),Seconds per Case
Bose J,with_noise_5,log_9_1692952188,350,2,"[1142, 3382, 3942]","[1136, 2234, 3136, 4299, 4974]",0.25,6.0,00:04:52,292.3077388629317,0.046457046863148714
Bose WC,with_noise_5,log_9_1692952188,350,2,[1148],"[1136, 2234, 3136, 4299, 4974]",0.33333333333333337,12.0,00:05:15,315.68889964185655,0.05017306097295877
