Algorithm,Log Source,Log,Window Size,SW Step Size,Detected Changepoints,Actual Changepoints for Log,F1-Score,Average Lag,Duration,Duration (Seconds),Seconds per Case
Bose J,without_noise,log_63_1692952460,450,2,"[1468, 2976, 4370]","[1145, 1912, 2997, 4472]",0.5714285714285715,61.5,00:02:25,145.4974080119282,0.025317105970406855
Bose WC,without_noise,log_63_1692952460,450,2,"[1596, 3364, 4370]","[1145, 1912, 2997, 4472]",0.28571428571428575,102.0,00:02:01,121.55880128033459,0.02115169676010694
