Algorithm,Log Source,Log,Window Size,SW Step Size,Detected Changepoints,Actual Changepoints for Log,F1-Score,Average Lag,Duration,Duration (Seconds),Seconds per Case
Bose J,without_noise,log_24_1687181949,400,2,[1114],"[994, 1238]",0.6666666666666666,120.0,00:00:11,11.628231071867049,0.004833013745580652
Bose WC,without_noise,log_24_1687181949,400,2,[1116],"[994, 1238]",0.6666666666666666,122.0,00:00:12,12.016257363371551,0.004994288180952432
