Algorithm,Log Source,Log,Window Size,SW Step Size,Detected Changepoints,Actual Changepoints for Log,F1-Score,Average Lag,Duration,Duration (Seconds),Seconds per Case
Bose J,with_noise_10,log_72_1692952515,150,2,"[1310, 4142, 5706, 7574]","[1301, 2400, 3024, 4162, 5434, 6322, 7584, 8880, 10111]",0.46153846153846156,13.0,00:02:05,125.6923921816051,0.011086918248355395
Bose WC,with_noise_10,log_72_1692952515,150,2,"[7582, 8886, 10064]","[1301, 2400, 3024, 4162, 5434, 6322, 7584, 8880, 10111]",0.5,18.333333333333332,00:02:30,150.38344912417233,0.01326483629921252
