Algorithm,Log Source,Log,Window Size,SW Step Size,Detected Changepoints,Actual Changepoints for Log,F1-Score,Average Lag,Duration,Duration (Seconds),Seconds per Case
Bose J,with_noise_5,log_89_1692952588,500,2,"[1612, 3366, 4788, 6122, 8614, 10102, 10290, 10408, 11580, 12862, 13750, 14518, 15672]","[1231, 2194, 3370, 4789, 6034, 6961, 8392, 8969, 10160, 11100, 12512, 13171, 14519, 15691]",0.4444444444444445,28.5,00:17:09,1029.6424519140273,0.06119353690205796
Bose WC,with_noise_5,log_89_1692952588,500,2,"[3698, 5772, 6278, 9132, 9876, 10006, 12866, 14558, 15722]","[1231, 2194, 3370, 4789, 6034, 6961, 8392, 8969, 10160, 11100, 12512, 13171, 14519, 15691]",0.34782608695652173,96.75,00:19:39,1179.4185999091715,0.07009500772074001
