Algorithm,Log Source,Log,Window Size,SW Step Size,Detected Changepoints,Actual Changepoints for Log,F1-Score,Average Lag,Duration,Duration (Seconds),Seconds per Case
Bose J,with_noise_5,log_41_1687181983,600,2,"[2526, 3180]","[601, 890, 2386, 2718, 3227, 3580]",0.5,93.5,00:02:13,133.58478459808975,0.02789991324103796
Bose WC,with_noise_5,log_41_1687181983,600,2,[2876],"[601, 890, 2386, 2718, 3227, 3580]",0.2857142857142857,158.0,00:02:36,156.3473629737273,0.032654002291922994
