Algorithm,Log Source,Log,Window Size,SW Step Size,Detected Changepoints,Actual Changepoints for Log,F1-Score,Average Lag,Duration,Duration (Seconds),Seconds per Case
Bose J,without_noise,log_67_1692952494,250,2,"[580, 1240, 1896, 2648, 3792, 5276, 5728, 6216, 7566, 8182, 8374, 9164]","[1312, 2743, 3889, 5271, 5852, 7181, 7712, 9147]",0.7000000000000001,79.42857142857143,00:07:18,438.32450496964157,0.041602553622782985
Bose WC,without_noise,log_67_1692952494,250,2,"[1212, 2648, 3792, 5276, 7662, 9168]","[1312, 2743, 3889, 5271, 5852, 7181, 7712, 9147]",0.8571428571428571,61.333333333333336,00:07:09,429.4057810101658,0.040756053626629256
