Algorithm,Log Source,Log,Window Size,SW Step Size,Detected Changepoints,Actual Changepoints for Log,F1-Score,Average Lag,Duration,Duration (Seconds),Seconds per Case
Bose J,with_noise_5,log_43_1692952382,300,2,"[1448, 2116, 2430, 3016, 4470]","[1200, 1740, 3030, 4200, 5001]",0.20000000000000004,14.0,00:02:17,137.02688102051616,0.022656561015296985
Bose WC,with_noise_5,log_43_1692952382,300,2,"[1538, 3110, 4288]","[1200, 1740, 3030, 4200, 5001]",0.5,84.0,00:02:37,157.81451262161136,0.026093669414948967
