Algorithm,Log Source,Log,Window Size,SW Step Size,Detected Changepoints,Actual Changepoints for Log,F1-Score,Average Lag,Duration,Duration (Seconds),Seconds per Case
Bose J,with_noise_5,log_38_1692952364,250,2,"[1696, 3000, 4006, 4504, 4870, 6638, 6866, 8900]","[1028, 1851, 3000, 4010, 4915, 6335, 7206, 8449, 9115]",0.47058823529411764,51.0,00:03:25,205.01491475105286,0.019840793066007244
Bose WC,with_noise_5,log_38_1692952364,250,2,"[1660, 2992, 3968, 6638, 8558]","[1028, 1851, 3000, 4010, 4915, 6335, 7206, 8449, 9115]",0.5714285714285714,87.5,00:03:37,217.2431476507336,0.02102420861809093
