Algorithm,Log Source,Log,Window Size,SW Step Size,Detected Changepoints,Actual Changepoints for Log,F1-Score,Average Lag,Duration,Duration (Seconds),Seconds per Case
Bose J,with_noise_10,log_9_1687181928,200,2,"[1210, 2038, 2792]","[1135, 1916, 2696, 2989]",0.8571428571428571,97.66666666666667,00:01:11,71.32100387755781,0.015898574203646414
Bose WC,with_noise_10,log_9_1687181928,200,2,"[1120, 1882, 2792]","[1135, 1916, 2696, 2989]",0.8571428571428571,48.333333333333336,00:01:21,81.41423402447253,0.0181485140491468
