Algorithm,Log Source,Log,Window Size,SW Step Size,Detected Changepoints,Actual Changepoints for Log,F1-Score,Average Lag,Duration,Duration (Seconds),Seconds per Case
Bose J,with_noise_5,log_66_1692952466,450,2,"[808, 1640, 1870, 3150, 3944, 4984, 6184, 7118, 8656, 9414, 10190, 10740, 11498, 13402, 15138]","[1333, 1858, 3125, 4597, 5145, 6189, 7122, 8601, 9725, 10332, 11494, 12957, 13775, 14782, 15396]",0.5333333333333333,51.0,00:36:26,2186.888407798484,0.1328042999816897
Bose WC,with_noise_5,log_66_1692952466,450,2,"[1894, 3150, 4808, 6288, 8548, 9412, 10190, 10738, 11380, 13378, 15138]","[1333, 1858, 3125, 4597, 5145, 6189, 7122, 8601, 9725, 10332, 11494, 12957, 13775, 14782, 15396]",0.4615384615384615,78.16666666666667,00:41:44,2504.2028212472796,0.15207401598635328
