Algorithm,Log Source,Log,Window Size,SW Step Size,Detected Changepoints,Actual Changepoints for Log,F1-Score,Average Lag,Duration,Duration (Seconds),Seconds per Case
Bose J,with_noise_10,log_20_1687181939,500,2,"[792, 1246, 1632, 2270, 2702]","[1383, 2319, 2819]",0.7499999999999999,101.0,00:01:30,90.89516684878618,0.023116776919833718
Bose WC,with_noise_10,log_20_1687181939,500,2,"[722, 1358, 2678]","[1383, 2319, 2819]",0.6666666666666666,83.0,00:01:45,105.76951562613249,0.02689967335354336
