Algorithm,Log Source,Log,Window Size,SW Step Size,Detected Changepoints,Actual Changepoints for Log,F1-Score,Average Lag,Duration,Duration (Seconds),Seconds per Case
Bose J,with_noise_20,log_82_1687182044,300,2,"[654, 1286]",[642],0.6666666666666666,12.0,00:00:21,21.154448208399117,0.010339417501661348
Bose WC,with_noise_20,log_82_1687182044,300,2,"[654, 1308]",[642],0.6666666666666666,12.0,00:00:21,21.426682910881937,0.010472474540998014
