Algorithm,Log Source,Log,Window Size,SW Step Size,Detected Changepoints,Actual Changepoints for Log,F1-Score,Average Lag,Duration,Duration (Seconds),Seconds per Case
Bose J,with_noise_15,log_1_1687181916,200,2,"[1430, 2570, 3142, 3616]","[1292, 2437, 3613]",0.8571428571428571,91.33333333333333,00:03:27,207.6399093894288,0.04378741235542573
Bose WC,with_noise_15,log_1_1687181916,200,2,"[1430, 2574]","[1292, 2437, 3613]",0.8,137.5,00:03:41,221.67020865529776,0.046746142694073754
