Algorithm,Log Source,Log,Window Size,SW Step Size,Detected Changepoints,Actual Changepoints for Log,F1-Score,Average Lag,Duration,Duration (Seconds),Seconds per Case
Bose J,without_noise,log_48_1692952401,600,2,"[1140, 2726, 4568]","[1100, 2192, 3088, 4584]",0.5714285714285715,28.0,00:01:51,111.51493123359978,0.01847497204002647
Bose WC,without_noise,log_48_1692952401,600,2,"[1194, 2286, 4558]","[1100, 2192, 3088, 4584]",0.8571428571428571,71.33333333333333,00:01:59,119.80947725661099,0.01984915130162541
