Algorithm,Log Source,Log,Window Size,SW Step Size,Detected Changepoints,Actual Changepoints for Log,F1-Score,Average Lag,Duration,Duration (Seconds),Seconds per Case
Bose J,with_noise_20,log_25_1687181949,600,2,[870],"[783, 1163]",0.6666666666666666,87.0,00:02:02,122.32952770218253,0.06807430589993463
Bose WC,with_noise_20,log_25_1687181949,600,2,[974],"[783, 1163]",0.6666666666666666,189.0,00:02:15,135.64928465150297,0.07548652456956204
