Algorithm,Log Source,Log,Window Size,SW Step Size,Detected Changepoints,Actual Changepoints for Log,F1-Score,Average Lag,Duration,Duration (Seconds),Seconds per Case
Bose J,with_noise_5,log_69_1692952502,600,2,"[776, 1540, 3442, 4634, 5824, 7726, 8416, 9414, 9894]","[1487, 2098, 3497, 4638, 5779, 6664, 7725, 9125, 9901]",0.6666666666666666,27.5,00:10:52,652.5763012710959,0.05865854393448053
Bose WC,with_noise_5,log_69_1692952502,600,2,"[776, 1606, 3440, 4722, 5656, 7730, 9894]","[1487, 2098, 3497, 4638, 5779, 6664, 7725, 9125, 9901]",0.75,65.83333333333333,00:12:21,741.1673920452595,0.06662178804901209
