Algorithm,Log Source,Log,Window Size,SW Step Size,Detected Changepoints,Actual Changepoints for Log,F1-Score,Average Lag,Duration,Duration (Seconds),Seconds per Case
Bose J,with_noise_5,log_4_1692952168,350,2,"[1412, 2282]","[1013, 1583]",0.5,171.0,00:03:02,182.66911092959344,0.06568468569924252
Bose WC,with_noise_5,log_4_1692952168,350,2,[1416],"[1013, 1583]",0.6666666666666666,167.0,00:03:24,204.58404890075326,0.07356492229440965
