Algorithm,Log Source,Log,Window Size,SW Step Size,Detected Changepoints,Actual Changepoints for Log,F1-Score,Average Lag,Duration,Duration (Seconds),Seconds per Case
Bose J,with_noise_20,log_71_1687182031,500,2,"[1160, 2118, 3214]","[940, 1158, 1961, 2167, 3303, 3626]",0.6666666666666666,46.666666666666664,00:03:57,237.8672127937898,0.05273048388246283
Bose WC,with_noise_20,log_71_1687182031,500,2,"[1160, 2166, 3214]","[940, 1158, 1961, 2167, 3303, 3626]",0.6666666666666666,30.666666666666668,00:04:41,281.37235343735665,0.062374718119564763
