Algorithm,Log Source,Log,Window Size,SW Step Size,Detected Changepoints,Actual Changepoints for Log,F1-Score,Average Lag,Duration,Duration (Seconds),Seconds per Case
Bose J,without_noise,log_96_1692952629,600,2,"[2486, 2864, 4212, 4444, 4686, 6112, 6422]","[1087, 2286, 3016, 4084, 4958, 5962, 6779]",0.5714285714285714,157.5,00:02:03,123.56576668284833,0.015706847169549808
Bose WC,without_noise,log_96_1692952629,600,2,[2658],"[1087, 2286, 3016, 4084, 4958, 5962, 6779]",,,00:01:49,109.03401615843177,0.013859669017215174
