Algorithm,Log Source,Log,Window Size,SW Step Size,Detected Changepoints,Actual Changepoints for Log,F1-Score,Average Lag,Duration,Duration (Seconds),Seconds per Case
Bose J,without_noise,log_9_1692952188,550,2,"[964, 1154, 2816, 4664]","[1136, 2234, 3136, 4299, 4974]",0.22222222222222224,18.0,00:03:49,229.90610354021192,0.036539431586174814
Bose WC,without_noise,log_9_1692952188,550,2,[1154],"[1136, 2234, 3136, 4299, 4974]",0.33333333333333337,18.0,00:04:44,284.9900256525725,0.045294028234674585
