Algorithm,Log Source,Log,Window Size,SW Step Size,Detected Changepoints,Actual Changepoints for Log,F1-Score,Average Lag,Duration,Duration (Seconds),Seconds per Case
Bose J,with_noise_5,log_55_1687182006,200,2,[1264],"[1185, 1392]",0.6666666666666666,79.0,00:00:17,17.291385679505765,0.006283207005634363
Bose WC,with_noise_5,log_55_1687182006,200,2,[1294],"[1185, 1392]",0.6666666666666666,98.0,00:00:19,19.216976096853614,0.006982912825891575
