Algorithm,Log Source,Log,Window Size,SW Step Size,Detected Changepoints,Actual Changepoints for Log,F1-Score,Average Lag,Duration,Duration (Seconds),Seconds per Case
Bose J,with_noise_10,log_29_1692952298,150,2,"[6406, 7844, 9096, 10570, 13376]","[1213, 1756, 2868, 4306, 5136, 6404, 7812, 9139, 10570, 11620, 12291, 13397]",0.5882352941176471,19.6,00:14:25,865.9283301122487,0.059830603890848384
Bose WC,with_noise_10,log_29_1692952298,150,2,[6400],"[1213, 1756, 2868, 4306, 5136, 6404, 7812, 9139, 10570, 11620, 12291, 13397]",0.15384615384615385,4.0,00:14:05,845.5579621288925,0.05842313011323793
