Algorithm,Log Source,Log,Window Size,SW Step Size,Detected Changepoints,Actual Changepoints for Log,F1-Score,Average Lag,Duration,Duration (Seconds),Seconds per Case
Bose J,without_noise,log_82_1692952560,500,2,"[1786, 3932, 5034, 5606]","[1360, 1891, 3328, 4126, 5282, 6014]",0.4,149.5,00:05:02,302.6157570835203,0.04295468517864021
Bose WC,without_noise,log_82_1692952560,500,2,"[1786, 3748, 5638]","[1360, 1891, 3328, 4126, 5282, 6014]",0.2222222222222222,105.0,00:05:37,337.7791369445622,0.047945938530101095
