Algorithm,Log Source,Log,Window Size,SW Step Size,Detected Changepoints,Actual Changepoints for Log,F1-Score,Average Lag,Duration,Duration (Seconds),Seconds per Case
Bose J,with_noise_20,log_17_1687181934,200,2,"[536, 1092, 2652, 3868]","[975, 1309, 2437, 2652, 3899]",0.6666666666666665,49.333333333333336,00:03:58,238.36050236225128,0.04896477041130881
Bose WC,with_noise_20,log_17_1687181934,200,2,"[2652, 3852]","[975, 1309, 2437, 2652, 3899]",0.5714285714285715,23.5,00:03:51,231.77196711488068,0.04761133260371419
