Algorithm,Log Source,Log,Window Size,SW Step Size,Detected Changepoints,Actual Changepoints for Log,F1-Score,Average Lag,Duration,Duration (Seconds),Seconds per Case
Bose J,with_noise_10,log_18_1687181937,400,2,[1256],"[1013, 1325]",0.6666666666666666,69.0,00:02:11,131.69398646056652,0.06241421159268556
Bose WC,with_noise_10,log_18_1687181937,400,2,[1256],"[1013, 1325]",0.6666666666666666,69.0,00:02:19,139.09134509414434,0.06592006876499731
