Algorithm,Log Source,Log,Window Size,SW Step Size,Detected Changepoints,Actual Changepoints for Log,F1-Score,Average Lag,Duration,Duration (Seconds),Seconds per Case
Bose J,with_noise_10,log_88_1692952587,350,2,"[2080, 3276, 4214]","[1366, 2110, 3182, 3771]",0.5714285714285715,62.0,00:00:55,55.801698016002774,0.010639027267112064
Bose WC,with_noise_10,log_88_1692952587,350,2,"[2140, 3368]","[1366, 2110, 3182, 3771]",0.6666666666666666,108.0,00:01:02,62.736149195581675,0.011961134260358755
