Algorithm,Log Source,Log,Window Size,SW Step Size,Detected Changepoints,Actual Changepoints for Log,F1-Score,Average Lag,Duration,Duration (Seconds),Seconds per Case
Bose J,with_noise_10,log_76_1692952523,500,2,"[1548, 3156, 6846]","[1179, 1765, 3121, 4586, 5250, 6506, 7495]",0.2,35.0,00:21:52,1312.9714460112154,0.14950711068221537
Bose WC,with_noise_10,log_76_1692952523,500,2,"[1546, 3156]","[1179, 1765, 3121, 4586, 5250, 6506, 7495]",0.22222222222222224,35.0,00:22:51,1371.5866799484938,0.15618158505448576
