Algorithm,Log Source,Log,Window Size,SW Step Size,Detected Changepoints,Actual Changepoints for Log,F1-Score,Average Lag,Duration,Duration (Seconds),Seconds per Case
Bose J,with_noise_10,log_23_1692952259,150,2,"[2158, 3082, 7590, 8868, 10558, 11366, 12810, 13246]","[1464, 2335, 3773, 4539, 5637, 6477, 7514, 8662, 9652, 10998, 11610, 12811]",0.3,84.66666666666667,00:01:55,115.645025100559,0.008361896247328922
Bose WC,with_noise_10,log_23_1692952259,150,2,"[7494, 9780, 11538, 12730]","[1464, 2335, 3773, 4539, 5637, 6477, 7514, 8662, 9652, 10998, 11610, 12811]",0.5,75.25,00:02:12,132.77376653067768,0.009600416958111185
