Algorithm,Log Source,Log,Window Size,SW Step Size,Detected Changepoints,Actual Changepoints for Log,F1-Score,Average Lag,Duration,Duration (Seconds),Seconds per Case
Bose J,with_noise_10,log_59_1687182010,500,2,"[960, 2344]","[788, 1187, 2051, 3036, 3241]",0.28571428571428575,172.0,00:04:47,287.1173930969089,0.07430574355510065
Bose WC,with_noise_10,log_59_1687182010,500,2,"[900, 2344]","[788, 1187, 2051, 3036, 3241]",0.28571428571428575,112.0,00:05:30,330.9429521346465,0.0856477619396083
