Algorithm,Log Source,Log,Window Size,SW Step Size,Detected Changepoints,Actual Changepoints for Log,F1-Score,Average Lag,Duration,Duration (Seconds),Seconds per Case
Bose J,with_noise_10,log_68_1687182024,100,2,[],"[896, 1272, 1818, 2030, 2923, 3240]",,,00:04:01,241.84594568796456,0.05354127644187836
Bose WC,with_noise_10,log_68_1687182024,100,2,[],"[896, 1272, 1818, 2030, 2923, 3240]",,,00:04:01,241.76198874227703,0.053522689559946206
