Algorithm,Log Source,Log,Window Size,SW Step Size,Detected Changepoints,Actual Changepoints for Log,F1-Score,Average Lag,Duration,Duration (Seconds),Seconds per Case
Bose J,with_noise_10,log_24_1687181949,300,2,[1320],"[994, 1238]",0.6666666666666666,82.0,00:00:17,17.080237690359354,0.0070990181589191
Bose WC,with_noise_10,log_24_1687181949,300,2,[1272],"[994, 1238]",0.6666666666666666,34.0,00:00:21,21.265735150314867,0.008838626413264699
