Algorithm,Log Source,Log,Window Size,SW Step Size,Detected Changepoints,Actual Changepoints for Log,F1-Score,Average Lag,Duration,Duration (Seconds),Seconds per Case
Bose J,with_noise_10,log_28_1692952287,450,2,"[814, 1332, 2580, 3162, 4506, 5816, 6506]","[1456, 2546, 3808, 4591, 5837]",0.6666666666666666,66.0,00:12:22,742.2930069230497,0.10399173534926445
Bose WC,with_noise_10,log_28_1692952287,450,2,"[1448, 2572, 3162, 4506, 5844]","[1456, 2546, 3808, 4591, 5837]",0.8000000000000002,31.5,00:13:35,815.0740574877709,0.11418801589909931
