Algorithm,Log Source,Log,Window Size,SW Step Size,Detected Changepoints,Actual Changepoints for Log,F1-Score,Average Lag,Duration,Duration (Seconds),Seconds per Case
Bose J,with_noise_10,log_68_1687182024,400,2,"[974, 1998, 2960]","[896, 1272, 1818, 2030, 2923, 3240]",0.6666666666666666,49.0,00:06:24,384.83737799245864,0.08519755988320979
Bose WC,with_noise_10,log_68_1687182024,400,2,"[994, 2066, 3074]","[896, 1272, 1818, 2030, 2923, 3240]",0.6666666666666666,95.0,00:07:02,422.10181830916554,0.093447380630765
