Algorithm,Log Source,Log,Window Size,SW Step Size,Detected Changepoints,Actual Changepoints for Log,F1-Score,Average Lag,Duration,Duration (Seconds),Seconds per Case
Bose J,with_noise_5,log_88_1687182055,500,2,"[2092, 3388]","[1401, 1950, 2206, 3218, 3462]",0.5714285714285715,94.0,00:01:32,92.21480293571949,0.021661922230612987
Bose WC,with_noise_5,log_88_1687182055,500,2,"[1612, 3194]","[1401, 1950, 2206, 3218, 3462]",0.28571428571428575,24.0,00:01:54,114.38354298006743,0.026869519140255444
