Algorithm,Log Source,Log,Window Size,SW Step Size,Detected Changepoints,Actual Changepoints for Log,F1-Score,Average Lag,Duration,Duration (Seconds),Seconds per Case
Bose J,without_noise,log_34_1687181968,400,2,[1140],"[1087, 1302]",0.6666666666666666,53.0,00:02:54,174.49137206096202,0.065598260173294
Bose WC,without_noise,log_34_1687181968,400,2,[1194],"[1087, 1302]",0.6666666666666666,107.0,00:03:03,183.92594709340483,0.06914509289225745
