Algorithm,Log Source,Log,Window Size,SW Step Size,Detected Changepoints,Actual Changepoints for Log,F1-Score,Average Lag,Duration,Duration (Seconds),Seconds per Case
Bose J,without_noise,log_47_1687181994,500,2,[1114],"[1076, 1388]",0.6666666666666666,38.0,00:03:05,185.89737726561725,0.07415132719011458
Bose WC,without_noise,log_47_1687181994,500,2,[1588],"[1076, 1388]",0.6666666666666666,200.0,00:02:44,164.80800886731595,0.06573913397180532
