Algorithm,Log Source,Log,Window Size,SW Step Size,Detected Changepoints,Actual Changepoints for Log,F1-Score,Average Lag,Duration,Duration (Seconds),Seconds per Case
Bose J,with_noise_10,log_36_1687181970,300,2,"[842, 1536, 2248, 2594, 3046]","[754, 1601, 2593]",0.7499999999999999,51.333333333333336,00:05:01,301.5992876859382,0.08188957037359168
Bose WC,with_noise_10,log_36_1687181970,300,2,"[844, 1536, 2248, 2594, 3064]","[754, 1601, 2593]",0.7499999999999999,52.0,00:05:34,334.9794833548367,0.09095288714494616
