Algorithm,Log Source,Log,Window Size,SW Step Size,Detected Changepoints,Actual Changepoints for Log,F1-Score,Average Lag,Duration,Duration (Seconds),Seconds per Case
Bose J,without_noise,log_10_1687181929,400,2,[1764],"[1446, 1821]",0.6666666666666666,57.0,00:02:51,171.45701905433089,0.06653357355620135
Bose WC,without_noise,log_10_1687181929,400,2,[1596],"[1446, 1821]",0.6666666666666666,150.0,00:03:03,183.42945966590196,0.07117945660298873
