Algorithm,Log Source,Log,Window Size,SW Step Size,Detected Changepoints,Actual Changepoints for Log,F1-Score,Average Lag,Duration,Duration (Seconds),Seconds per Case
Bose J,without_noise,log_7_1692952178,350,2,"[1850, 4130, 5682, 6936, 8358, 10020, 11758, 11808, 12942, 14682, 16904]","[1311, 2256, 3605, 4597, 5681, 6939, 8352, 9584, 10457, 11681, 12486, 13960, 14957, 16422, 17190]",0.30769230769230765,21.75,00:03:22,202.98507108911872,0.011111510350838554
Bose WC,without_noise,log_7_1692952178,350,2,"[1298, 4668, 5424, 7002, 8400, 9858, 11656, 12942, 14624, 15104, 16946]","[1311, 2256, 3605, 4597, 5681, 6939, 8352, 9584, 10457, 11681, 12486, 13960, 14957, 16422, 17190]",0.4615384615384615,61.166666666666664,00:03:48,228.81237709522247,0.012525310767200705
