Algorithm,Log Source,Log,Window Size,SW Step Size,Detected Changepoints,Actual Changepoints for Log,F1-Score,Average Lag,Duration,Duration (Seconds),Seconds per Case
Bose J,with_noise_5,log_32_1687181966,600,2,"[906, 1492]","[1402, 1725]",0.5,90.0,00:02:07,127.1493738796562,0.04204675062157943
Bose WC,with_noise_5,log_32_1687181966,600,2,[1506],"[1402, 1725]",0.6666666666666666,104.0,00:01:56,116.13884015846997,0.03840570111060515
