Algorithm,Log Source,Log,Window Size,SW Step Size,Detected Changepoints,Actual Changepoints for Log,F1-Score,Average Lag,Duration,Duration (Seconds),Seconds per Case
Bose J,without_noise,log_84_1692952573,600,2,"[1444, 3360, 4628]","[1146, 2011, 3360, 4613]",0.5714285714285715,7.5,00:02:37,157.99119987897575,0.026526393532400227
Bose WC,without_noise,log_84_1692952573,600,2,"[2104, 3428, 4204, 4332]","[1146, 2011, 3360, 4613]",0.5,80.5,00:01:50,110.62427235767245,0.018573585016399
