Algorithm,Log Source,Log,Window Size,SW Step Size,Detected Changepoints,Actual Changepoints for Log,F1-Score,Average Lag,Duration,Duration (Seconds),Seconds per Case
Bose J,without_noise,log_9_1692952188,250,2,"[1120, 3322, 3970, 5898]","[1136, 2234, 3136, 4299, 4974]",0.4444444444444445,101.0,00:02:45,165.86282360740006,0.02636090648560077
Bose WC,without_noise,log_9_1692952188,250,2,[1112],"[1136, 2234, 3136, 4299, 4974]",0.33333333333333337,24.0,00:03:03,183.61601872555912,0.02918245688581677
