Algorithm,Log Source,Log,Window Size,SW Step Size,Detected Changepoints,Actual Changepoints for Log,F1-Score,Average Lag,Duration,Duration (Seconds),Seconds per Case
Bose J,with_noise_15,log_57_1687182008,100,2,"[1294, 2440, 4312]","[1216, 1576, 2324, 2698, 4174, 4390]",0.6666666666666666,90.66666666666667,00:01:06,66.52065829653293,0.011748615029412386
Bose WC,with_noise_15,log_57_1687182008,100,2,"[1502, 2558, 4164]","[1216, 1576, 2324, 2698, 4174, 4390]",0.6666666666666666,74.66666666666667,00:00:47,47.28296095691621,0.008350929169359981
