Algorithm,Log Source,Log,Window Size,SW Step Size,Detected Changepoints,Actual Changepoints for Log,F1-Score,Average Lag,Duration,Duration (Seconds),Seconds per Case
Bose J,with_noise_15,log_9_1687181928,400,2,"[1162, 1916, 3064]","[1135, 1916, 2696, 2989]",0.8571428571428571,34.0,00:01:00,60.61474799923599,0.01351198127490771
Bose WC,with_noise_15,log_9_1687181928,400,2,"[1390, 1948, 2926]","[1135, 1916, 2696, 2989]",0.5714285714285715,47.5,00:01:12,72.34811838064343,0.016127534190959303
