Algorithm,Log Source,Log,Window Size,SW Step Size,Detected Changepoints,Actual Changepoints for Log,F1-Score,Average Lag,Duration,Duration (Seconds),Seconds per Case
Bose J,without_noise,log_50_1687182000,600,2,"[2304, 3660]","[1406, 1636, 2269, 2506, 3766]",0.5714285714285715,70.5,00:06:51,411.7404376929626,0.0784715909458667
Bose WC,without_noise,log_50_1687182000,600,2,[3660],"[1406, 1636, 2269, 2506, 3766]",0.33333333333333337,106.0,00:09:46,586.0455206530169,0.1116915419578839
