Algorithm,Log Source,Log,Window Size,SW Step Size,Detected Changepoints,Actual Changepoints for Log,F1-Score,Average Lag,Duration,Duration (Seconds),Seconds per Case
Bose J,with_noise_5,log_73_1687182035,100,2,"[1482, 2416]","[1478, 2417, 2951, 3283]",0.6666666666666666,2.5,00:00:41,41.981067288666964,0.009429709633572992
Bose WC,with_noise_5,log_73_1687182035,100,2,"[1472, 2426]","[1478, 2417, 2951, 3283]",0.6666666666666666,7.5,00:00:43,43.180070337839425,0.009699027479299063
