Algorithm,Log Source,Log,Window Size,SW Step Size,Detected Changepoints,Actual Changepoints for Log,F1-Score,Average Lag,Duration,Duration (Seconds),Seconds per Case
Bose J,with_noise_5,log_32_1692952308,400,2,[],"[1486, 2272, 3660, 4340, 5709, 6587, 7907, 8621, 9625, 10324, 11599]",,,00:16:36,996.3104365691543,0.07835709292718476
Bose WC,with_noise_5,log_32_1692952308,400,2,[],"[1486, 2272, 3660, 4340, 5709, 6587, 7907, 8621, 9625, 10324, 11599]",,,00:15:14,914.2095648702234,0.07190008374913279
