Algorithm,Log Source,Log,Window Size,SW Step Size,Detected Changepoints,Actual Changepoints for Log,F1-Score,Average Lag,Duration,Duration (Seconds),Seconds per Case
Bose J,with_noise_5,log_95_1692952617,550,2,"[1304, 2806, 3376, 4300, 5628, 6822, 8458, 9202, 11750, 12496]","[1156, 1959, 2970, 4425, 5628, 6797, 7689, 9067, 9689, 11170, 11993]",0.5714285714285713,99.5,00:27:36,1656.8786073904485,0.12517970741843823
Bose WC,with_noise_5,log_95_1692952617,550,2,"[5628, 6812]","[1156, 1959, 2970, 4425, 5628, 6797, 7689, 9067, 9689, 11170, 11993]",0.3076923076923077,7.5,00:29:08,1748.8992681037635,0.13213200877181652
