Algorithm,Log Source,Log,Window Size,SW Step Size,Detected Changepoints,Actual Changepoints for Log,F1-Score,Average Lag,Duration,Duration (Seconds),Seconds per Case
Bose J,with_noise_10,log_98_1692952636,550,2,"[1522, 2830, 3520, 5034, 6608, 6870, 7908, 8810, 10186]","[1161, 2070, 3547, 4627, 5403, 6514, 7405, 8737, 9638]",0.3333333333333333,64.66666666666667,00:04:17,257.7824461944401,0.023242489062703105
Bose WC,with_noise_10,log_98_1692952636,550,2,"[1286, 1710, 2702, 2834, 3554, 5284, 6700, 6834, 8810, 9372]","[1161, 2070, 3547, 4627, 5403, 6514, 7405, 8737, 9638]",0.5263157894736842,102.0,00:05:08,308.7449633385986,0.027837432453214194
