Algorithm,Log Source,Log,Window Size,SW Step Size,Detected Changepoints,Actual Changepoints for Log,F1-Score,Average Lag,Duration,Duration (Seconds),Seconds per Case
Bose J,without_noise,log_25_1692952268,450,2,"[2304, 8046, 10352]","[1268, 1983, 3460, 4362, 5712, 6676, 7809, 8764, 10077, 10808]",,,00:04:44,284.4713846296072,0.023637007447412314
Bose WC,without_noise,log_25_1692952268,450,2,"[2304, 3864, 6708, 8002, 10220]","[1268, 1983, 3460, 4362, 5712, 6676, 7809, 8764, 10077, 10808]",0.4,122.66666666666667,00:05:28,328.0463824607432,0.02725769692237168
