Algorithm,Log Source,Log,Window Size,SW Step Size,Detected Changepoints,Actual Changepoints for Log,F1-Score,Average Lag,Duration,Duration (Seconds),Seconds per Case
Bose J,without_noise,log_97_1692952631,200,2,"[1362, 2396, 3754, 4194, 5098, 5388, 6074, 6654, 6968, 7344]","[1365, 2387, 3660, 4381, 5395, 6560, 7200]",0.8235294117647058,76.85714285714286,00:01:20,80.3036220446229,0.009794319068742884
Bose WC,without_noise,log_97_1692952631,200,2,"[1432, 2462, 4184, 5098, 5514, 6074, 6558, 6968]","[1365, 2387, 3660, 4381, 5395, 6560, 7200]",0.6666666666666666,92.0,00:01:12,72.00463900528848,0.008782124528026403
