Algorithm,Log Source,Log,Window Size,SW Step Size,Detected Changepoints,Actual Changepoints for Log,F1-Score,Average Lag,Duration,Duration (Seconds),Seconds per Case
Bose J,with_noise_5,log_70_1692952508,250,2,"[540, 1810, 5668]","[1422, 2050, 3140, 3964, 5285, 5909]",,,00:02:46,166.94161871820688,0.02300421919776862
Bose WC,with_noise_5,log_70_1692952508,250,2,"[488, 5662]","[1422, 2050, 3140, 3964, 5285, 5909]",,,00:03:06,186.50688749551773,0.0257002738728838
