Algorithm,Log Source,Log,Window Size,SW Step Size,Detected Changepoints,Actual Changepoints for Log,F1-Score,Average Lag,Duration,Duration (Seconds),Seconds per Case
Bose J,with_noise_10,log_50_1687182000,200,2,"[3660, 4410]","[1406, 1636, 2269, 2506, 3766]",0.28571428571428575,106.0,00:06:42,402.28558583091944,0.07666963709375252
Bose WC,with_noise_10,log_50_1687182000,200,2,[],"[1406, 1636, 2269, 2506, 3766]",,,00:06:09,369.41444104909897,0.07040488680181037
