Algorithm,Log Source,Log,Window Size,SW Step Size,Detected Changepoints,Actual Changepoints for Log,F1-Score,Average Lag,Duration,Duration (Seconds),Seconds per Case
Bose J,with_noise_10,log_63_1692952460,400,2,"[1506, 3028, 4370]","[1145, 1912, 2997, 4472]",0.5714285714285715,66.5,00:02:56,176.94745809398592,0.030789535078125266
Bose WC,with_noise_10,log_63_1692952460,400,2,"[1190, 4370]","[1145, 1912, 2997, 4472]",0.6666666666666666,73.5,00:03:34,214.79673557542264,0.03737545425011704
