Algorithm,Log Source,Log,Window Size,SW Step Size,Detected Changepoints,Actual Changepoints for Log,F1-Score,Average Lag,Duration,Duration (Seconds),Seconds per Case
Bose J,without_noise,log_67_1687182023,500,2,"[828, 2696]","[933, 1145, 2289, 3129]",0.3333333333333333,105.0,00:00:52,52.34426526259631,0.011775987685623466
Bose WC,without_noise,log_67_1687182023,500,2,"[828, 2696]","[933, 1145, 2289, 3129]",0.3333333333333333,105.0,00:00:49,49.26708668097854,0.011083709039590222
