Algorithm,Log Source,Log,Window Size,SW Step Size,Detected Changepoints,Actual Changepoints for Log,F1-Score,Average Lag,Duration,Duration (Seconds),Seconds per Case
Bose J,without_noise,log_35_1692952322,300,2,"[1650, 2794, 3222, 3608, 5802, 6286, 6862, 9010, 9342, 10908, 12438, 13108, 13992, 14134]","[1452, 2862, 3554, 4954, 6341, 7205, 8282, 8926, 10355, 11253, 12328, 13284]",0.5384615384615384,106.42857142857143,00:29:23,1763.61359340325,0.12135234248973027
Bose WC,without_noise,log_35_1692952322,300,2,"[1620, 5462, 5800, 6286, 12318, 13146, 14134]","[1452, 2862, 3554, 4954, 6341, 7205, 8282, 8926, 10355, 11253, 12328, 13284]",0.4210526315789474,92.75,00:29:39,1779.0378784798086,0.12241367085115314
