Algorithm,Log Source,Log,Window Size,SW Step Size,Detected Changepoints,Actual Changepoints for Log,F1-Score,Average Lag,Duration,Duration (Seconds),Seconds per Case
Bose J,with_noise_5,log_54_1687182005,100,2,"[1342, 2988, 4020]","[1171, 1523, 2987, 3886, 4123]",0.7499999999999999,91.66666666666667,00:01:07,67.14789719693363,0.013925320862076655
Bose WC,with_noise_5,log_54_1687182005,100,2,"[1342, 2988, 3976]","[1171, 1523, 2987, 3886, 4123]",0.7499999999999999,87.33333333333333,00:01:04,64.2251403350383,0.013319191276449255
