Algorithm,Log Source,Log,Window Size,SW Step Size,Detected Changepoints,Actual Changepoints for Log,F1-Score,Average Lag,Duration,Duration (Seconds),Seconds per Case
Bose J,with_noise_10,log_71_1692952512,450,2,"[1422, 2488, 4002, 5948]","[1414, 2489, 3724, 4718, 5950, 6652]",0.6,3.6666666666666665,00:05:16,316.85547582805157,0.04129486196116924
Bose WC,with_noise_10,log_71_1692952512,450,2,"[1370, 2650, 4270, 6070]","[1414, 2489, 3724, 4718, 5950, 6652]",0.6,108.33333333333333,00:06:20,380.0590791516006,0.04953200562382388
