Algorithm,Log Source,Log,Window Size,SW Step Size,Detected Changepoints,Actual Changepoints for Log,F1-Score,Average Lag,Duration,Duration (Seconds),Seconds per Case
Bose J,with_noise_10,log_95_1692952617,300,2,"[3336, 4300, 5628, 6796, 7448, 9176, 9856, 10922, 11284, 12722]","[1156, 1959, 2970, 4425, 5628, 6797, 7689, 9067, 9689, 11170, 11993]",0.5714285714285713,86.0,00:21:44,1304.5672117210925,0.09856204379881327
Bose WC,with_noise_10,log_95_1692952617,300,2,"[5626, 6796]","[1156, 1959, 2970, 4425, 5628, 6797, 7689, 9067, 9689, 11170, 11993]",0.3076923076923077,1.5,00:22:50,1370.13044975698,0.10351544649115896
