Algorithm,Log Source,Log,Window Size,SW Step Size,Detected Changepoints,Actual Changepoints for Log,F1-Score,Average Lag,Duration,Duration (Seconds),Seconds per Case
Bose J,without_noise,log_69_1687182027,100,2,[3216],"[1354, 1741, 2389, 2676, 3199]",0.33333333333333337,17.0,00:02:24,144.8255420466885,0.03428634991635618
Bose WC,without_noise,log_69_1687182027,100,2,[3216],"[1354, 1741, 2389, 2676, 3199]",0.33333333333333337,17.0,00:02:12,132.38817444443703,0.03134189735900498
