Algorithm,Log Source,Log,Window Size,SW Step Size,Detected Changepoints,Actual Changepoints for Log,F1-Score,Average Lag,Duration,Duration (Seconds),Seconds per Case
Bose J,with_noise_15,log_56_1687182007,200,2,[1202],"[999, 1336]",0.6666666666666666,134.0,00:01:45,105.3702432019636,0.039112933631018414
Bose WC,with_noise_15,log_56_1687182007,200,2,[1202],"[999, 1336]",0.6666666666666666,134.0,00:01:44,104.96653448045254,0.038963078871734426
