Algorithm,Log Source,Log,Window Size,SW Step Size,Detected Changepoints,Actual Changepoints for Log,F1-Score,Average Lag,Duration,Duration (Seconds),Seconds per Case
Bose J,with_noise_20,log_55_1687182006,300,2,[1292],"[1185, 1392]",0.6666666666666666,100.0,00:00:19,19.552596343681216,0.007104867857442302
Bose WC,with_noise_20,log_55_1687182006,300,2,[1292],"[1185, 1392]",0.6666666666666666,100.0,00:00:22,22.99715544655919,0.00835652450819738
