Algorithm,Log Source,Log,Window Size,SW Step Size,Detected Changepoints,Actual Changepoints for Log,F1-Score,Average Lag,Duration,Duration (Seconds),Seconds per Case
Bose J,with_noise_10,log_19_1692952228,400,2,"[1808, 2454, 3480, 5074, 6994]","[1474, 2389, 3492, 4788, 5647, 7050]",0.5454545454545454,44.333333333333336,00:15:13,913.1864789091051,0.11224022602127644
Bose WC,with_noise_10,log_19_1692952228,400,2,"[1674, 1974, 2456, 5076, 7146]","[1474, 2389, 3492, 4788, 5647, 7050]",0.5454545454545454,121.0,00:16:34,994.0617130640894,0.12218064319863439
