Algorithm,Log Source,Log,Window Size,SW Step Size,Detected Changepoints,Actual Changepoints for Log,F1-Score,Average Lag,Duration,Duration (Seconds),Seconds per Case
Bose J,with_noise_10,log_39_1692952369,100,2,[1358],"[1365, 2662, 3350, 4753]",0.4,7.0,00:02:02,122.19075443036854,0.019884581681101472
Bose WC,with_noise_10,log_39_1692952369,100,2,"[1362, 4778]","[1365, 2662, 3350, 4753]",0.6666666666666666,14.0,00:01:59,119.45827899128199,0.01943991521420374
