Algorithm,Log Source,Log,Window Size,SW Step Size,Detected Changepoints,Actual Changepoints for Log,F1-Score,Average Lag,Duration,Duration (Seconds),Seconds per Case
Bose J,with_noise_10,log_3_1687181920,600,2,[1288],"[1041, 1298]",0.6666666666666666,10.0,00:02:53,173.0885383533314,0.07631769768665406
Bose WC,with_noise_10,log_3_1687181920,600,2,[1258],"[1041, 1298]",0.6666666666666666,40.0,00:03:48,228.6318810582161,0.10080770769762615
