Algorithm,Log Source,Log,Window Size,SW Step Size,Detected Changepoints,Actual Changepoints for Log,F1-Score,Average Lag,Duration,Duration (Seconds),Seconds per Case
Bose J,without_noise,log_39_1692952369,200,2,"[1328, 4652]","[1365, 2662, 3350, 4753]",0.6666666666666666,69.0,00:01:56,116.01065044850111,0.018878869072172677
Bose WC,without_noise,log_39_1692952369,200,2,"[1330, 2894, 4652]","[1365, 2662, 3350, 4753]",0.5714285714285715,68.0,00:02:01,121.01963556744158,0.019694000906011647
