Algorithm,Log Source,Log,Window Size,SW Step Size,Detected Changepoints,Actual Changepoints for Log,F1-Score,Average Lag,Duration,Duration (Seconds),Seconds per Case
Bose J,with_noise_10,log_26_1687181951,500,2,"[796, 1572]","[1394, 1683]",0.5,111.0,00:02:26,146.34423210006207,0.05396173750002289
Bose WC,with_noise_10,log_26_1687181951,500,2,[1580],"[1394, 1683]",0.6666666666666666,103.0,00:01:09,69.82854059990495,0.02574798694686761
