Algorithm,Log Source,Log,Window Size,SW Step Size,Detected Changepoints,Actual Changepoints for Log,F1-Score,Average Lag,Duration,Duration (Seconds),Seconds per Case
Bose J,without_noise,log_25_1687181949,500,2,[874],"[783, 1163]",0.6666666666666666,91.0,00:02:04,124.07739707455039,0.06904696553953833
Bose WC,without_noise,log_25_1687181949,500,2,[1076],"[783, 1163]",0.6666666666666666,87.0,00:02:01,121.6986179612577,0.06772321533737212
