Algorithm,Log Source,Log,Window Size,SW Step Size,Detected Changepoints,Actual Changepoints for Log,F1-Score,Average Lag,Duration,Duration (Seconds),Seconds per Case
Bose J,without_noise,log_42_1692952376,450,2,"[1992, 3804, 5228, 6808, 7866, 8316, 10192, 12216]","[1465, 2388, 3805, 4827, 5718, 6808, 7871, 8414, 9656, 10599, 11897, 12538]",0.4,26.0,00:02:35,155.87423357367516,0.011201080308542336
Bose WC,without_noise,log_42_1692952376,450,2,"[1624, 2946, 3890, 5494, 7000, 7874, 9778, 12376]","[1465, 2388, 3805, 4827, 5718, 6808, 7871, 8414, 9656, 10599, 11897, 12538]",0.6,120.5,00:02:42,162.51509505696595,0.011678290820420089
