Algorithm,Log Source,Log,Window Size,SW Step Size,Detected Changepoints,Actual Changepoints for Log,F1-Score,Average Lag,Duration,Duration (Seconds),Seconds per Case
Bose J,with_noise_5,log_97_1687182074,400,2,"[682, 1150, 2356, 3046, 3634]","[1151, 2334, 3469, 3787]",0.6666666666666665,58.666666666666664,00:03:32,212.87842703331262,0.04270379679705368
Bose WC,with_noise_5,log_97_1687182074,400,2,"[1150, 2346, 3652]","[1151, 2334, 3469, 3787]",0.8571428571428571,49.333333333333336,00:03:52,232.20944310817868,0.04658163352220234
