Algorithm,Log Source,Log,Window Size,SW Step Size,Detected Changepoints,Actual Changepoints for Log,F1-Score,Average Lag,Duration,Duration (Seconds),Seconds per Case
Bose J,with_noise_10,log_31_1687181960,200,2,"[1008, 1492, 1862, 3566]","[1043, 1868, 2070, 3338, 3677]",0.6666666666666665,50.666666666666664,00:05:42,342.5138551760465,0.07952492574321952
Bose WC,with_noise_10,log_31_1687181960,200,2,"[1076, 1872, 3566]","[1043, 1868, 2070, 3338, 3677]",0.7499999999999999,49.333333333333336,00:05:48,348.7399720288813,0.08097050662384056
