Algorithm,Log Source,Log,Window Size,SW Step Size,Detected Changepoints,Actual Changepoints for Log,F1-Score,Average Lag,Duration,Duration (Seconds),Seconds per Case
Bose J,with_noise_15,log_77_1687182038,200,2,"[558, 1754, 1888, 3062]","[560, 1784, 3134]",0.8571428571428571,34.666666666666664,00:03:04,184.32919529639184,0.04071773697733418
Bose WC,with_noise_15,log_77_1687182038,200,2,"[1922, 3062]","[560, 1784, 3134]",0.8,105.0,00:03:22,202.67553969100118,0.04477038650121519
