Algorithm,Log Source,Log,Window Size,SW Step Size,Detected Changepoints,Actual Changepoints for Log,F1-Score,Average Lag,Duration,Duration (Seconds),Seconds per Case
Bose J,with_noise_5,log_66_1692952466,200,2,"[1892, 3104, 3926, 5750, 6184, 7126, 8546, 10194, 10738, 11496, 13250, 13752, 15108, 15660, 16104]","[1333, 1858, 3125, 4597, 5145, 6189, 7122, 8601, 9725, 10332, 11494, 12957, 13775, 14782, 15396]",0.5333333333333333,35.25,00:25:08,1508.3267818167806,0.09159693822899014
Bose WC,with_noise_5,log_66_1692952466,200,2,"[1926, 3104, 3926, 6288, 8548, 10194, 10738, 11004, 11396, 13250, 13752, 15108]","[1333, 1858, 3125, 4597, 5145, 6189, 7122, 8601, 9725, 10332, 11494, 12957, 13775, 14782, 15396]",0.5185185185185186,71.42857142857143,00:25:56,1556.0024950299412,0.09449216584866346
