Algorithm,Log Source,Log,Window Size,SW Step Size,Detected Changepoints,Actual Changepoints for Log,F1-Score,Average Lag,Duration,Duration (Seconds),Seconds per Case
Bose J,with_noise_5,log_66_1692952466,550,2,"[1626, 1874, 3230, 4574, 4988, 6188, 7142, 8628, 10200, 10750, 11498, 12418, 13320, 15110, 15636]","[1333, 1858, 3125, 4597, 5145, 6189, 7122, 8601, 9725, 10332, 11494, 12957, 13775, 14782, 15396]",0.6,53.888888888888886,00:42:15,2535.1304065231234,0.15395217140481712
Bose WC,with_noise_5,log_66_1692952466,550,2,"[1894, 3230, 4574, 6288, 10200, 10750, 11382, 13322, 15110]","[1333, 1858, 3125, 4597, 5145, 6189, 7122, 8601, 9725, 10332, 11494, 12957, 13775, 14782, 15396]",0.5,84.5,00:47:20,2840.9427313245833,0.17252339414128762
