Algorithm,Log Source,Log,Window Size,SW Step Size,Detected Changepoints,Actual Changepoints for Log,F1-Score,Average Lag,Duration,Duration (Seconds),Seconds per Case
Bose J,without_noise,log_32_1687181966,600,2,"[906, 1506]","[1402, 1725]",0.5,104.0,00:01:37,97.86555510014296,0.03236294811512664
Bose WC,without_noise,log_32_1687181966,600,2,[1512],"[1402, 1725]",0.6666666666666666,110.0,00:01:31,91.41354841273278,0.03022934802008359
