Algorithm,Log Source,Log,Window Size,SW Step Size,Detected Changepoints,Actual Changepoints for Log,F1-Score,Average Lag,Duration,Duration (Seconds),Seconds per Case
Bose J,with_noise_5,log_32_1692952308,350,2,[],"[1486, 2272, 3660, 4340, 5709, 6587, 7907, 8621, 9625, 10324, 11599]",,,00:15:47,947.65139760077,0.07453019249711129
Bose WC,with_noise_5,log_32_1692952308,350,2,[],"[1486, 2272, 3660, 4340, 5709, 6587, 7907, 8621, 9625, 10324, 11599]",,,00:13:35,815.7211644388735,0.06415424022326964
