Algorithm,Log Source,Log,Window Size,SW Step Size,Detected Changepoints,Actual Changepoints for Log,F1-Score,Average Lag,Duration,Duration (Seconds),Seconds per Case
Bose J,with_noise_10,log_16_1692952213,600,2,"[1408, 2784, 2966, 3578, 4178, 5718, 6398, 6998, 7844, 8448, 9264, 10636, 11922, 12924]","[1356, 2761, 3835, 4592, 5716, 6979, 8389, 9274, 10631, 11912, 13144]",0.64,22.5,00:16:19,979.2956504784524,0.06843913973572244
Bose WC,with_noise_10,log_16_1692952213,600,2,"[1408, 2814, 4178, 5762, 6398, 7024, 8446, 10636, 11902, 13226]","[1356, 2761, 3835, 4592, 5716, 6979, 8389, 9274, 10631, 11912, 13144]",0.761904761904762,43.75,00:19:50,1190.7379426080734,0.08321601387994083
