Algorithm,Log Source,Log,Window Size,SW Step Size,Detected Changepoints,Actual Changepoints for Log,F1-Score,Average Lag,Duration,Duration (Seconds),Seconds per Case
Bose J,with_noise_5,log_16_1692952213,100,2,"[1408, 4822, 5748, 7014, 10630, 11908, 13214, 13448]","[1356, 2761, 3835, 4592, 5716, 6979, 8389, 9274, 10631, 11912, 13144]",0.631578947368421,32.333333333333336,00:06:55,415.9357378259301,0.02906812061121882
Bose WC,with_noise_5,log_16_1692952213,100,2,"[1408, 5748, 10630, 11912, 13222]","[1356, 2761, 3835, 4592, 5716, 6979, 8389, 9274, 10631, 11912, 13144]",0.625,32.6,00:06:40,400.64200713299215,0.027999301637640098
