Algorithm,Log Source,Log,Window Size,SW Step Size,Detected Changepoints,Actual Changepoints for Log,F1-Score,Average Lag,Duration,Duration (Seconds),Seconds per Case
Bose J,with_noise_10,log_61_1692952452,100,2,"[3642, 4832, 6334, 7740, 11392, 15452]","[1461, 2278, 3644, 4850, 6300, 7761, 9161, 9996, 11400, 11926, 13119, 13979, 15446]",0.631578947368421,14.833333333333334,00:02:14,134.5026999488473,0.008116752154296499
Bose WC,with_noise_10,log_61_1692952452,100,2,"[3660, 6298, 15436]","[1461, 2278, 3644, 4850, 6300, 7761, 9161, 9996, 11400, 11926, 13119, 13979, 15446]",0.375,9.333333333333334,00:02:08,128.65692967176437,0.007763981031426249
