Algorithm,Log Source,Log,Window Size,SW Step Size,Detected Changepoints,Actual Changepoints for Log,F1-Score,Average Lag,Duration,Duration (Seconds),Seconds per Case
Bose J,with_noise_10,log_32_1692952308,550,2,"[730, 7962, 11724]","[1486, 2272, 3660, 4340, 5709, 6587, 7907, 8621, 9625, 10324, 11599]",0.28571428571428575,90.0,00:17:42,1062.8601079173386,0.08359104269896489
Bose WC,with_noise_10,log_32_1692952308,550,2,[],"[1486, 2272, 3660, 4340, 5709, 6587, 7907, 8621, 9625, 10324, 11599]",,,00:21:18,1278.9879280813038,0.10058890507914305
