Algorithm,Log Source,Log,Window Size,SW Step Size,Detected Changepoints,Actual Changepoints for Log,F1-Score,Average Lag,Duration,Duration (Seconds),Seconds per Case
Bose J,without_noise,log_6_1692952173,450,2,"[1468, 1658, 3348, 4706, 6174, 7842, 9350]","[1350, 1920, 3342, 4346, 5008, 6173, 7280, 8196, 9350]",0.5,31.25,00:04:17,257.8697689436376,0.024318160028634253
Bose WC,without_noise,log_6_1692952173,450,2,"[3028, 5118, 6018]","[1350, 1920, 3342, 4346, 5008, 6173, 7280, 8196, 9350]",0.3333333333333333,132.5,00:03:28,208.01827484183013,0.01961696292359771
