Algorithm,Log Source,Log,Window Size,SW Step Size,Detected Changepoints,Actual Changepoints for Log,F1-Score,Average Lag,Duration,Duration (Seconds),Seconds per Case
Bose J,with_noise_20,log_81_1687182043,400,2,[1070],"[751, 1119]",0.6666666666666666,49.0,00:00:15,15.99696589820087,0.008703463491948242
Bose WC,with_noise_20,log_81_1687182043,400,2,[980],"[751, 1119]",0.6666666666666666,139.0,00:00:20,20.398047984577715,0.011097958642316493
