Algorithm,Log Source,Log,Window Size,SW Step Size,Detected Changepoints,Actual Changepoints for Log,F1-Score,Average Lag,Duration,Duration (Seconds),Seconds per Case
Bose J,with_noise_10,log_65_1687182020,200,2,"[906, 1510, 2226]","[909, 1496, 2099, 2410]",0.8571428571428571,48.0,00:01:20,80.99161034356803,0.026476498968149076
Bose WC,with_noise_10,log_65_1687182020,200,2,"[960, 1510, 2358]","[909, 1496, 2099, 2410]",0.8571428571428571,39.0,00:01:48,108.35230054426938,0.03542082397655096
