Algorithm,Log Source,Log,Window Size,SW Step Size,Detected Changepoints,Actual Changepoints for Log,F1-Score,Average Lag,Duration,Duration (Seconds),Seconds per Case
Bose J,with_noise_5,log_68_1687182024,300,2,"[982, 2000, 3088]","[896, 1272, 1818, 2030, 2923, 3240]",0.6666666666666666,89.33333333333333,00:05:44,344.97696977388114,0.07637302850871842
Bose WC,with_noise_5,log_68_1687182024,300,2,"[982, 2010, 2962]","[896, 1272, 1818, 2030, 2923, 3240]",0.6666666666666666,48.333333333333336,00:06:28,388.1379794916138,0.08592826643604468
