Algorithm,Log Source,Log,Window Size,SW Step Size,Detected Changepoints,Actual Changepoints for Log,F1-Score,Average Lag,Duration,Duration (Seconds),Seconds per Case
Bose J,with_noise_10,log_57_1687182008,400,2,"[1374, 2496, 4280]","[1216, 1576, 2324, 2698, 4174, 4390]",0.6666666666666666,145.33333333333334,00:01:42,102.85563945304602,0.0181659553961579
Bose WC,with_noise_10,log_57_1687182008,400,2,"[1366, 2340, 4316]","[1216, 1576, 2324, 2698, 4174, 4390]",0.6666666666666666,80.0,00:02:06,126.60599235538393,0.022360648596853397
