Algorithm,Log Source,Log,Window Size,SW Step Size,Detected Changepoints,Actual Changepoints for Log,F1-Score,Average Lag,Duration,Duration (Seconds),Seconds per Case
Bose J,without_noise,log_66_1692952466,150,2,"[1926, 3082, 3926, 5062, 6288, 7134, 8370, 8562, 10194, 10750, 11496, 15378]","[1333, 1858, 3125, 4597, 5145, 6189, 7122, 8601, 9725, 10332, 11494, 12957, 13775, 14782, 15396]",0.6666666666666665,55.77777777777778,00:18:15,1095.6335828900337,0.0665351055377442
Bose WC,without_noise,log_66_1692952466,150,2,"[1926, 3082, 6288, 8370, 8562, 10750, 11380, 15132]","[1333, 1858, 3125, 4597, 5145, 6189, 7122, 8601, 9725, 10332, 11494, 12957, 13775, 14782, 15396]",0.43478260869565216,72.6,00:19:16,1156.1538011860102,0.07021034804068806
