Algorithm,Log Source,Log,Window Size,SW Step Size,Detected Changepoints,Actual Changepoints for Log,F1-Score,Average Lag,Duration,Duration (Seconds),Seconds per Case
Bose J,without_noise,log_45_1692952392,500,2,"[930, 3074, 3428, 4392]","[1127, 2438, 2995, 4480]",0.75,121.33333333333333,00:06:07,367.9446289036423,0.06543564447868438
Bose WC,without_noise,log_45_1692952392,500,2,"[930, 3040, 4390]","[1127, 2438, 2995, 4480]",0.8571428571428571,110.66666666666667,00:06:17,377.892301062122,0.06720474854385951
