Algorithm,Log Source,Log,Window Size,SW Step Size,Detected Changepoints,Actual Changepoints for Log,F1-Score,Average Lag,Duration,Duration (Seconds),Seconds per Case
Bose J,without_noise,log_69_1692952502,350,2,"[1054, 1606, 2612, 2932, 3450, 3814, 4634, 5852, 7678, 9628, 9936, 10568]","[1487, 2098, 3497, 4638, 5779, 6664, 7725, 9125, 9901]",0.5714285714285715,54.166666666666664,00:05:42,342.07434774003923,0.03074825597663274
Bose WC,without_noise,log_69_1692952502,350,2,"[1054, 1606, 3442, 4584, 5948, 9908]","[1487, 2098, 3497, 4638, 5779, 6664, 7725, 9125, 9901]",0.6666666666666667,80.8,00:05:37,337.8851119764149,0.03037169545855415
