Algorithm,Log Source,Log,Window Size,SW Step Size,Detected Changepoints,Actual Changepoints for Log,F1-Score,Average Lag,Duration,Duration (Seconds),Seconds per Case
Bose J,without_noise,log_40_1687181982,100,2,"[1204, 2114, 3442]","[1205, 2115, 3442]",1.0,0.6666666666666666,00:00:55,55.740490006282926,0.012400553950229794
Bose WC,without_noise,log_40_1687181982,100,2,"[1148, 3494]","[1205, 2115, 3442]",0.8,54.5,00:00:51,51.52997378818691,0.011463842889474284
