Algorithm,Log Source,Log,Window Size,SW Step Size,Detected Changepoints,Actual Changepoints for Log,F1-Score,Average Lag,Duration,Duration (Seconds),Seconds per Case
Bose J,with_noise_5,log_71_1692952512,550,2,"[1416, 2480, 4188, 5960]","[1414, 2489, 3724, 4718, 5950, 6652]",0.6,7.0,00:05:40,340.68861967511475,0.04440096698489701
Bose WC,with_noise_5,log_71_1692952512,550,2,"[1362, 2342, 3812, 6070]","[1414, 2489, 3724, 4718, 5950, 6652]",0.8,101.75,00:06:45,405.4771458785981,0.05284466908361763
