Algorithm,Log Source,Log,Window Size,SW Step Size,Detected Changepoints,Actual Changepoints for Log,F1-Score,Average Lag,Duration,Duration (Seconds),Seconds per Case
Bose J,with_noise_5,log_92_1692952610,500,2,"[1470, 2422, 3164, 5140, 6506, 7092, 8920]","[1496, 2990, 3497, 4700, 5462, 6515, 7455, 8576, 9153]",0.375,69.66666666666667,00:11:03,663.2138701919466,0.06287579353355581
Bose WC,with_noise_5,log_92_1692952610,500,2,[8920],"[1496, 2990, 3497, 4700, 5462, 6515, 7455, 8576, 9153]",,,00:10:49,649.6158943846822,0.06158664148508553
