Algorithm,Log Source,Log,Window Size,SW Step Size,Detected Changepoints,Actual Changepoints for Log,F1-Score,Average Lag,Duration,Duration (Seconds),Seconds per Case
Bose J,with_noise_5,log_82_1692952560,350,2,"[616, 1650, 4014, 5606]","[1360, 1891, 3328, 4126, 5282, 6014]",0.2,112.0,00:05:46,346.8618090003729,0.04923517515974065
Bose WC,with_noise_5,log_82_1692952560,350,2,"[1276, 4014, 5606]","[1360, 1891, 3328, 4126, 5282, 6014]",0.4444444444444444,98.0,00:06:33,393.4852686971426,0.05585312543607418
