Algorithm,Log Source,Log,Window Size,SW Step Size,Detected Changepoints,Actual Changepoints for Log,F1-Score,Average Lag,Duration,Duration (Seconds),Seconds per Case
Bose J,with_noise_15,log_94_1687182067,300,2,"[758, 1998, 3074]","[517, 868, 1998, 2959, 3215]",0.7499999999999999,75.0,00:00:28,28.38357740547508,0.006667507025011764
Bose WC,with_noise_15,log_94_1687182067,300,2,"[702, 1930, 2604, 3192]","[517, 868, 1998, 2959, 3215]",0.6666666666666665,85.66666666666667,00:00:36,36.74702928774059,0.008632142186455388
