Algorithm,Log Source,Log,Window Size,SW Step Size,Detected Changepoints,Actual Changepoints for Log,F1-Score,Average Lag,Duration,Duration (Seconds),Seconds per Case
Bose J,with_noise_10,log_91_1687182059,500,2,"[1608, 2550, 3632, 4144]","[806, 1021, 2361, 2754, 3407, 3685]",0.4,121.0,00:12:40,760.7162112630904,0.14794169802860568
Bose WC,with_noise_10,log_91_1687182059,500,2,[2556],"[806, 1021, 2361, 2754, 3407, 3685]",0.2857142857142857,195.0,00:14:11,851.4887208752334,0.16559485042303257
