Algorithm,Log Source,Log,Window Size,SW Step Size,Detected Changepoints,Actual Changepoints for Log,F1-Score,Average Lag,Duration,Duration (Seconds),Seconds per Case
Bose J,with_noise_10,log_48_1687181998,600,2,"[992, 2394]","[1144, 2359, 2666, 3482, 3756]",0.5714285714285715,93.5,00:02:41,161.9016488417983,0.03772172619799588
Bose WC,with_noise_10,log_48_1687181998,600,2,"[1152, 2394]","[1144, 2359, 2666, 3482, 3756]",0.5714285714285715,21.5,00:03:22,202.51149884983897,0.04718348062670992
