Algorithm,Log Source,Log,Window Size,SW Step Size,Detected Changepoints,Actual Changepoints for Log,F1-Score,Average Lag,Duration,Duration (Seconds),Seconds per Case
Bose J,without_noise,log_70_1692952508,600,2,"[1574, 3754, 5466]","[1422, 2050, 3140, 3964, 5285, 5909]",0.4444444444444444,166.5,00:04:10,250.95034954324365,0.0345804532924409
Bose WC,without_noise,log_70_1692952508,600,2,"[1574, 3506, 5618]","[1422, 2050, 3140, 3964, 5285, 5909]",0.2222222222222222,152.0,00:05:06,306.23319705203176,0.042198318458320484
