Algorithm,Log Source,Log,Window Size,SW Step Size,Detected Changepoints,Actual Changepoints for Log,F1-Score,Average Lag,Duration,Duration (Seconds),Seconds per Case
Bose J,with_noise_10,log_98_1692952636,350,2,"[1412, 1526, 1718, 3542, 3992, 4168, 5194, 6586, 6874, 8000, 8848]","[1161, 2070, 3547, 4627, 5403, 6514, 7405, 8737, 9638]",0.3,62.666666666666664,00:03:33,213.42418410256505,0.019243006410834464
Bose WC,with_noise_10,log_98_1692952636,350,2,"[1290, 1662, 3524, 5094, 6488, 6832, 8914]","[1161, 2070, 3547, 4627, 5403, 6514, 7405, 8737, 9638]",0.5,88.75,00:04:12,252.93177325092256,0.02280513689035457
