Algorithm,Log Source,Log,Window Size,SW Step Size,Detected Changepoints,Actual Changepoints for Log,F1-Score,Average Lag,Duration,Duration (Seconds),Seconds per Case
Bose J,with_noise_10,log_81_1692952556,500,2,"[1032, 1550, 2630, 3510, 4246, 5040, 5810]","[1270, 2223, 3514, 4835, 5383]",0.16666666666666666,4.0,00:02:30,150.30310691148043,0.021849557626323655
Bose WC,with_noise_10,log_81_1692952556,500,2,"[1074, 3462, 5040]","[1270, 2223, 3514, 4835, 5383]",0.5,124.0,00:02:54,174.2633041832596,0.025332650702610787
