Algorithm,Log Source,Log,Window Size,SW Step Size,Detected Changepoints,Actual Changepoints for Log,F1-Score,Average Lag,Duration,Duration (Seconds),Seconds per Case
Bose J,with_noise_5,log_93_1692952613,200,2,"[1590, 2730, 4124, 5318, 6478]","[1019, 1564, 2739, 4083, 5315, 6443]",0.9090909090909091,22.8,00:01:19,79.15569204837084,0.01035391655308971
Bose WC,with_noise_5,log_93_1692952613,200,2,"[1258, 2742, 4124, 5272, 6332]","[1019, 1564, 2739, 4083, 5315, 6443]",0.7272727272727272,49.5,00:01:31,91.23869963735342,0.011934427683107053
