Algorithm,Log Source,Log,Window Size,SW Step Size,Detected Changepoints,Actual Changepoints for Log,F1-Score,Average Lag,Duration,Duration (Seconds),Seconds per Case
Bose J,with_noise_10,log_92_1692952610,200,2,"[1500, 2342, 6514, 8580, 9418]","[1496, 2990, 3497, 4700, 5462, 6515, 7455, 8576, 9153]",0.42857142857142855,3.0,00:06:55,415.1160925794393,0.03935495758242693
Bose WC,with_noise_10,log_92_1692952610,200,2,[],"[1496, 2990, 3497, 4700, 5462, 6515, 7455, 8576, 9153]",,,00:06:47,407.011338269338,0.03858658876273587
