Algorithm,Log Source,Log,Window Size,SW Step Size,Detected Changepoints,Actual Changepoints for Log,F1-Score,Average Lag,Duration,Duration (Seconds),Seconds per Case
Bose J,with_noise_5,log_83_1692952563,400,2,"[1082, 2282, 3670, 4404, 4600, 5044, 5750, 6328, 7014]","[1140, 2294, 3652, 5073, 6291, 6948]",0.8,36.666666666666664,00:09:03,543.7326179146767,0.0651566947770733
Bose WC,with_noise_5,log_83_1692952563,400,2,"[1034, 1434, 2116, 3384, 5134, 5754, 6448]","[1140, 2294, 3652, 5073, 6291, 6948]",0.6153846153846153,125.5,00:10:13,613.8768171723932,0.07356223093737486
