Algorithm,Log Source,Log,Window Size,SW Step Size,Detected Changepoints,Actual Changepoints for Log,F1-Score,Average Lag,Duration,Duration (Seconds),Seconds per Case
Bose J,with_noise_10,log_31_1692952304,500,2,"[1438, 3216, 4544, 5862]","[1438, 2870, 3391, 4545, 5871]",0.888888888888889,46.25,00:18:10,1090.0184248127043,0.15196130277606362
Bose WC,with_noise_10,log_31_1692952304,500,2,"[1416, 3116, 4544, 5880]","[1438, 2870, 3391, 4545, 5871]",0.6666666666666665,10.666666666666666,00:18:49,1129.193293998018,0.15742273720870179
