Algorithm,Log Source,Log,Window Size,SW Step Size,Detected Changepoints,Actual Changepoints for Log,F1-Score,Average Lag,Duration,Duration (Seconds),Seconds per Case
Bose J,with_noise_10,log_49_1692952403,550,2,"[1390, 1640, 3378, 4896, 6864, 8548, 10322]","[1207, 2115, 3260, 3826, 4852, 5704, 6865, 8311, 8890, 10017, 10880]",0.4444444444444444,86.5,00:03:44,224.64300685562193,0.0182592056291654
Bose WC,with_noise_10,log_49_1692952403,550,2,"[1614, 3898, 5024, 6854, 8204, 10718]","[1207, 2115, 3260, 3826, 4852, 5704, 6865, 8311, 8890, 10017, 10880]",0.5882352941176471,104.8,00:04:30,270.6416096370667,0.021998017527193915
