Algorithm,Log Source,Log,Window Size,SW Step Size,Detected Changepoints,Actual Changepoints for Log,F1-Score,Average Lag,Duration,Duration (Seconds),Seconds per Case
Bose J,without_noise,log_97_1692952631,250,2,"[1354, 2396, 3852, 4218, 5076, 5390, 6074, 6698, 6970]","[1365, 2387, 3660, 4381, 5395, 6560, 7200]",0.75,86.33333333333333,00:01:27,87.3186755143106,0.010649917735615392
Bose WC,without_noise,log_97_1692952631,250,2,"[1146, 2396, 4218, 5088, 5576, 5654, 6074, 6556]","[1365, 2387, 3660, 4381, 5395, 6560, 7200]",0.5333333333333333,89.25,00:01:17,77.88500282727182,0.009499329531317456
