Algorithm,Log Source,Log,Window Size,SW Step Size,Detected Changepoints,Actual Changepoints for Log,F1-Score,Average Lag,Duration,Duration (Seconds),Seconds per Case
Bose J,with_noise_10,log_31_1692952304,400,2,"[1454, 3240, 4544, 5880]","[1438, 2870, 3391, 4545, 5871]",0.888888888888889,44.25,00:16:21,981.6440428365022,0.136852647823296
Bose WC,with_noise_10,log_31_1692952304,400,2,"[1458, 4428, 5880]","[1438, 2870, 3391, 4545, 5871]",0.7499999999999999,48.666666666666664,00:16:54,1014.2745904102921,0.14140172736794815
