Algorithm,Log Source,Log,Window Size,SW Step Size,Detected Changepoints,Actual Changepoints for Log,F1-Score,Average Lag,Duration,Duration (Seconds),Seconds per Case
Maaradji Runs,without_noise,log_20_1692952238,150,2,"[5504, 6794, 8042, 9372, 10878]","[1357, 2105, 3482, 4422, 5484, 6787, 8017, 9381, 10872, 11904, 12802, 13833]",0.5882352941176471,13.4,00:02:35,155.4008100759238,0.010327693897516036
