Algorithm,Log Source,Log,Window Size,SW Step Size,Detected Changepoints,Actual Changepoints for Log,F1-Score,Average Lag,Duration,Duration (Seconds),Seconds per Case
Maaradji Runs,without_noise,log_16_1692952213,100,2,"[2768, 2996, 4448, 5712, 6956, 10606, 11894, 13124]","[1356, 2761, 3835, 4592, 5716, 6979, 8389, 9274, 10631, 11912, 13144]",0.7368421052631579,34.42857142857143,00:00:42,42.286573546007276,0.0029552431019643074
